Article Title,Authors,Journal Name,Year,Volume,Issue
PHARMACOGNOSTIC STUDIES ON THE FRUITS OF BHUMYAMALAKI (PHYLLANTHUS FRATERNUS WEB.),G.V.R. Joseph.,Bulletin of Medico-Ethno-Botanical Research,2002,22,1-4
ROLE OF SELECTED INDIAN PLANTS IN MANAGEMENT OF TYPE 2 DIABETES: A REVIEW.,,,,,
PLANTS AS POTENTIAL SOURCES FOR DRUG DEVELOPMENT AGAINST ALZHEIMERS DISEASE,,,,,
MUSALI - A MEDICO-HISTORICAL REVIEW,,,,,
"COMPARATIVE PHARMACOGNOSTICAL AND PHYTOCHEMICAL STYDY OF ROOT TUBERS OF CHLOROPHYTUM TUBEROSUM (ROXB.) BAKER, C.BORIVILLIANUM SANT. & FERNAND AND C.LAXUM R.BR.",,,,,
"TERATOLOGICAL EVALUATION OF TWO AYURVEDIC MEDICINES, VISMUSTI VATI AND SUDDHA TANKANA IN RATS",,,,,
STUDY OF THE ANTI-FERTILITY EFFECT OF NIRGUNDI VITEX NEGUNDO - A PRELIMINARY TRIAL,,,,,
STERILITY STUDIES WITH GANGETIN IN ALBINO RATS,,,,,
SOME PRELIMINARY BIOCHEMICAL OBSERVATIONS ON ESTROGENIC AND ANTI-ESTROGENIC OF LAKSHA (SHORT COMMUNICATION),,,,,
A PREPARATIVE AND ANALYTICAL STUDY OF AYURVEDIC BHASMAS WITH REGARDS TO TAMRA BHASMA - PART-II,,,,,
CHEMISTRY OF AYURVEDIC FORMULATION KAJJALI AND RAS-PARPATI – A PRELIMINARY STUDY,"N.N. Pandey1, V.D. Agarwal2 and Pragya Agarwal3",Bulletin of Medico-Ethno-Botanical Research,2002,22,1-4
PHARMACOGNOSTIC STUDIES OF MELALEUCA LEUCODENDRON LINN.,,,,,
PHARMACOGNOSTIC STUDIES ON THE LEAVES OF ANKOL (ALANGIUM SALVIFOLIUM LINN.),,,,,
PROPAGATION OF GUDUCHI (TINOSPORA CORDIFOLIA (WILLD.) MIERS.) BY STEM CUTTINGS,,,,,
QUALITY OF DHATURA LEAVES : A COMPARATIVE STUDY ON PLANTS GROWING IN POLLUTED AND NON-POLLUTED AREA,,,,,
ROLE OF HPTLC IN STANDARDISATION OF RAW DRUGS,,,,,
STANDARDISATION STUDIES ON TWO AYURVEDIC DRUGS,,,,,
HERBAL REMEDIES OF AZADIRACHTA INDICA AND ITS MEDICINAL APPLICATION,,,,,
ANNA PAVALA SINDHOORAM AN ANTIATHEROSCLEROTIC INDIAN DRUG,,,,,
STANDARDIZATION OF YOGARAJA GUGGULU - AN AYURVEDIC POLYHERBAL FORMULATION,,,,,
"SALACIA ROOT, A UNIQUE AYURVEDIC MEDICINE, MEETS MULTIPLE TARGETS IN DIABETES AND OBESITY.","1. Yuhao Li, 1. Tom Hsun-Wei Huang, 2. Johji Yamahara.",Life Sciences,2008,82,21-22
"THE GUGGUL FOR CHRONIC DISEASES: ANCIENT MEDICINE, MODERN TARGETS.",,,,,
ANTIOXIDANT AND ANTI-INFLAMMATORY PROPERTIES OF CURCUMIN,,,,,
BHALLATAK (SEMECARPUS ANACARDIUM LINN.) - A REVIEW,,,,,
PHARMACOGNOSTIC CHARACTERIZATION OF SMILAX CHINA,,,,,
PHARMACOGNOSTIC STUDY OF CHIRABILVA- HOLOPTELIA INTEGRIFOLIA (ROXB.) PLANCH.- STEM- BARK,,,,,
PHARMACOGNOSTICAL AND PRELIMINARY PHYTOCHEMICAL ANALYSIS OF VAISVANARA CURNA,,,,,
STANDARDISATION STUDIES ON YOGARAJA GUGGULU,,,,,
SCOPE OF INDIGENOUS ANTIFERTILITY DRUGS (RECENT DEVELOPMENT IN LAST DECADE),,,,,
EXTRACTS FROM TWO FREQUENTLY CONSUMED SPICES--CUMIN (CUMINUM CYMINUM) AND TURMERIC (CURCUMA LONGA)--INHIBIT PLATELET AGGREGATION AND ALTER EICOSANOID BIOSYNTHESIS IN HUMAN BLOOD PLATELET,,,,,
PHYSICO – CHEMICAL STANDARDIZATION OF GYMNEMASYLVESTRE R. BR. AN AYURVEDIC DRUG,"P.V. Girija1, Alka Agarwal2 and G.A. Nair3",Bulletin of Medico-Ethno-Botanical Research,2005,26,1-2
QUANTITATIVE DETERMINATION OF TINOSPORASIDE IN TINOSPORA CORDIFOIA (WILLD.) MIERS. BY HPTLC DENSITOMETRY,,,,,
STUDIES ON THE MICRO-ANATOMICAL CHARACTERS OF TWO PHENOTYPES OF TINOSPORA CORDIFOLIA (WILLD.) EX.HOOK.,,,,,
COMPARATIVE STUDY OF 777 OIL BY HIGH PERFORMANCE THIN LAYER CHROMATOGRAPHY,,,,,
CHROMATOGRAPHIC ANALYSIS OF KUTAJARISTA- AN AYURVEDIC POLYHERBAL FORMULATION.,,,,,
EVALUATION OF AYURVEDIC COMPOUND FORMULATIONS III- LAGHU GANGADHAR CHURNA,,,,,
ANTIULCEROGENIC AND ULCER HEALING EFFECTS OF SOLANUM NIGRUM (L.) ON EXPERIMENTAL ULCER MODELS: POSSIBLE MECHANISM FOR THE INHIBITION OF ACID FORMATION,,,,,
EFFECT OF RIPE FRUIT PULP EXTRACT OF CUCURBITA PEPO LINN. IN ASPIRIN INDUCED GASTRIC AND DUODENAL ULCER IN RATS,,,,,
CURCUMIN-INDUCED RECOVERY FROM HEPATIC INJURY INVOLVES INDUCTION OF APOPTOSIS OF ACTIVATED HEPATIC STELLATE CELLS,,,,,
EFFECT OF GARLIC AND RED CLOVER EXTRACTS ON ADENOSINE DEAMINASE ENZYME ACTIVITIES IN CANCEROUS AND NON-CANCEROUS HUMAN LIVER TISSUES,,,,,
"EFFECT OF PHYLLANTHUS NIRURI LINN. TREATMENT ON LIVER, KIDNEY AND TESTES IN CCL4 INDUCED HEPATOTOXIC RATS","1. Manjrekar, A P, 1.Jisha, V, 1. Bag, P P, 1. Adhikary, B, 2. Pai, M M, 1. Hegde, A, 1. Nandini, M.",Indian Journal of Experimental Biology,2008,46,7
"EVALUATION OF THE LIVER PROTECTIVE POTENTIAL OF PIPERINE, AN ACTIVE PRINCIPLE OF BLACK AND LONG PEPPERS",,,,,
"EVALUATION OF THE MODULATORY INFLUENCE OF BLACK PEPPER (PIPER NIGRUM, L.) ON THE HEPATIC DETOXICATION SYSTEM",,,,,
HEPATO AND RENO PROTECTIVE ACTION OF CALENDULA OFFICINALIS L. FLOWER EXTRACT,,,,,
HEPATOPROTECTIVE ACTIVITY OF HEMIDESMUS INDICUS R. BR. IN RATS,,,,,
HEPATOPROTECTIVE ACTIVITY OF LEAVES OF ZANTHOXYLUM ARMATUM DC IN CCL4 INDUCED HEPATOTOXICITY IN RATS,,,,,
MODULATORY EFFECT OF GYNANDROPSIS GYNANDRA L. ON GLUCOSE METABOLIZING ENZYMES IN AFLATOXIN B-INDUCED HEPATOCELLULAR CARCINOMA IN RATS,,,,,
PROTECTIVE EFFECT OF STEM BARK OF CEIBA PENTANDRA LINN. AGAINST PARACETAMOL-INDUCED HEPATOTOXICITY IN RATS,,,,,
REDUCTION OF HEXACHLOROCYCLOHEXANE-INDUCED OXIDATIVE STRESS AND CYTOTOXICITY IN RAT LIVER BY EMBLICA OFFICINALIS GAERTN,,,,,
NIGELLA SATIVA LINN.- A COMPREHENSIVE REVIEW,,,,,
ANTIOXIDANT AND ANTIULCER ACTIVITY OF AQUEOUS EXTRACT OF A POLYHERBAL FORMULATION,"Annie Shirwaikar, H N Aswatha Ram, P Mohapatra.",Indian Journal of Experimental Biology,,44,6
ANTIULCER ACTIVITY OF AQUEOUS EXTRACT OF FRUITS OF MOMORDICA CYMBALARIA HOOK F. IN WISTAR RATS,,,,,
ANTI-ULCER ACTIVITY OF CENTELLA ASIATICA LEAF EXTRACT AGAINST ETHANOL-INDUCED GASTRIC MUCOSAL INJURY IN RATS,,,,,
ANTI-ULCER AND ANTIOXIDANT ACTIVITY OF GUTGARDTM,,,,,
ANTIULCEROGENIC EFFECT OF SOME PLANTS EXTRACTS,,,,,
ANTI-ULCEROGENIC EVALUATION OF ROOT EXTRACT OF FICUS HISPIDA LINN. IN ASPIRIN ULCERATED RATS,,,,,
EFFECT OF CISSUS QUADRANGULARIS ON GASTRIC MUCOSAL DEFENSIVE FACTORS IN EXPERIMENTALLY INDUCED GASTRIC ULCER-A COMPARATIVE STUDY WITH SUCRALFATE,,,,,
"EFFECT OF PLANTAIN BANANA ON GASTRIC ULCERATION IN NIDDM RATS : ROLE OF GASTRIC MUCOSAL GLYCOPROTEINS, CELL PROLIFERATION, ANTIOXIDANTS AND FREE RADICALS",,,,,
EVALUATION OF ANTI-ULCER ACTIVITY OF ARDISIA CRISPA THUNB. D.C,,,,,
GASTROPROTECTIVE EFFECT OF PHYLLANTHUS NIRURI LEAF EXTRACT AGAINST ETHANOL-INDUCED GASTRIC MUCOSAL INJURY IN RATS,,,,,
A COMPARATIVE PHARMACOLOGICAL INVESTIGATION OF THREE SAMPLES OF 'GUDUCHI GHRITA' FOR ADAPTOGENIC ACTIVITY AGAINST FORCED SWIMMING INDUCED GASTRIC ULCERATION AND HEMATOLOGICAL CHANGES IN ALBINO RATS,"1. Shriram S Savrikar, 2. Vilas Dole, 3. B Ravishankar, 3. Vinay J Shukla.",International Journal of Ayurveda Research,2010,1,2
MODULATION OF GASTRIC MUCOSAL MAST CELL POPULATION : ROLE OF VESTIBULO CEREBELLAR LESION,,,,,
PEPTIC ULCER HEALING PROPERTIES OF SHATAVARI (ASPARAGUS RACEMOSUS WILLD.),,,,,
"THE EFFECT OF A TRADITIONAL PREPARATION OF COPPER, TAMRABHASMA, ON EXPERIMENTAL ULCERS AND GASTRIC SECRETION",,,,,
CHROMATOGRAPHIC EVALUATION AND ANTHELMINTIC ACTIVITY OF EUCALYPTUS GLOBULUS OIL,,,,,
IN VITRO ANTHELMINTIC STUDIES OF CHLOROPHYTUM BORIVILIANUM SANT. & FERNANDEZ TUBERS,,,,,
"INHIBITORY EFFECTS OF ZINGERONE, A PUNGENT COMPONENT OF ZINGIBER OFFICINALE ROSCOE, ON COLONIC MOTILITY IN RATS",,,,,
MANAGING MORPHINE-INDUCED CONSTIPATION: A CONTROLLED COMPARISON OF AN AYURVEDIC FORMULATION AND SENNA,,,,,
HIGH-PERFORMANCE LIQUID CHROMATOGRAPHY AS A TOOL FOR THE CHEMICAL STANDARDISATION OF TRIPHALA-AN AYURVEDIC FORMULATION.,,,,,
A COMPARATIVE STUDY ON THE BARBITURATE HYPNOSIS POTENTIATION EFFECT OF MEDHYA RASAYANA DRUGS SANKHAPUSPI (CONVOLVULUS PLURICAULIS) AND MANDUKAPARNI (HYDROCOTYLE ASIATICA).,,,,,
A NEW SOURCE OF FOOD USED BY THE INHABITANTS OF SIKKIM,Maya Ram Uniyal.,Bulletin of Medico-Ethno-Botanical Research,1980,1,1
A PHARMACOLOGICAL EVALUATION OF ANTI-STRESS (ADAPTOGENIC) EFFECT OF ALTINGIA EXCELSA (SILARAS),,,,,
AN ETHNO-BOTANICAL AND PHYTO-CHEMICAL SCREENING OF HIGH ALTITUDE PLANTS OF LADAKH PART-I,,,,,
ANALGESIC AND ANTIPYRETIC ACTIONS OF NIMBIDIN,,,,,
ANTI-FERTILITY ACTIVITY OF AN INDIGENOUS MEDICINE LAKSHA (LACCARDIA LACCA),,,,,
ANTIMICROBIAL ACTIVITY OF COUMARINS AND THEIR DERIVATIVES FROM MURRAYA PANICULAT A JACK,,,,,
BOTANICAL IDENTITY OF MADANAKAMA POO OBTAINED IN TAMIL NADU AND KERALA RAW DRUG TRADE,,,,,
CHEMICAL CONSTITUTENTS OF MUSSAENDA LUTEOLA DEL.,,,,,
CHEMICAL EXAMINATION OF COMMERCIAL GOMUTHRA SILAJIT,,,,,
CHEMICAL EXAMINATION OF THE ARIL OF MYRISTICA FRAGRANS (JATHIPATHRI),,,,,
CHEMICAL EXAMINATION OF THE PLANT LEPIDAGATHIS HYALINA,"R.N. Yadava , S.S. Nigam.",Bulletin of Medico-Ethno-Botanical Research,1980,1,4
CHEMICAL STUDY AND ANTI-MICROBIAL PROPERTIES OF ESSENTIAL OIL OF CYMBOPOGON CITRATUS LINN.,,,,,
"EFFECT OF AQUEOUS AND ALCOHOLIC EXTRACT OF THE BERRIES OF EMBELIA RIBES ON BIO-CHEMICAL CHANGES IN LIVER, BLOOD PLASMA AND MALE REPRODUCTIVE ORGANS IN ADULT RATS-A PRELIMINARY STUDY.",,,,,
ESTROGENICITY OF FRUIT OF CASSIA FISTULA LINN. AND ITS EFFECT ON IMPLANTATION IN FEMALE ALBINO RATS.,,,,,
FLAVONES OF POGOSTEMON HEYNIANUS,,,,,
FOLIAR PHARMACOGNOSY OF PORTULACA QUADRIFIDA LINN.,,,,,
FOLKLORE MEDICINE FROM DISTRICT KAMRUP (ASSAM),,,,,
FOLKLORE CLAIMS ON MEDICINES AND TREATMENT FROM ASSAM.,,,,,
GLIMPSES INTO THE CRUDE DRUGS OF SIKKIM,,,,,
GLYCOALKALOIDS FORM SOLANUM VERBASCIFOLIUM LINN.,,,,,
HYPOGLYCEMIC ACTIVITY OF COCCINIA INDIA W& A,"1. N.R. Pillai, 2. D. Ghosh, 3. R. Uma, 4. A. Anandkumar.",Bulletin of Medico-Ethno-Botanical Research,1980,1,2
ISOLATION OF SOME NON-SAPONIFIABLE PRINCIPLES FROM THE LEAVES OF ABUTILON INDICUM G. DON.,,,,,
MEDICINAL PLANTS OF KAILASH (J & K),,,,,
PHARMACOGNOSTIC STUDIES ON SOLANUM TRILOBATUM L.,,,,,
PHARMACOGNOSTIC STUDY OF LEAF AND STEM OF COSTUS SPECIOSUS (KOEN.) SM.,,,,,
PHARMACOGNOSTIC STUDY OF THE GUM OLEO-RESIN OF COMMIPHORA WIGHTII (ARN.) BHAND.,,,,,
"PHARMACOGNOSTIC STUDY OF THREE PARASITIC HERBS (CASSYTHA FILIFORMIS LINN, CUSCUTA REFLEXA ROXB. AND CUSCUTA CHINESIS LAMK.) USED DIFFERENTLY IN TRADITIONAL SYSTEMS OF MEDICINE.",,,,,
PHARMACOGNOSTIC STUDY ON GUM OLEO-RESIN OF BOSWELLIA SERRATA ROXB.,,,,,
PHARMACOGNOSTICAL STUDIES ON ADIANTUM CAUDATUM LINN.,,,,,
PHARMACOGNOSTICAL STUDIES ON PRIYAL (BUCHANANIA LANZAN SPRENG) LEAF.,,,,,
PHARMACOGNOSTICAL STUDIES ON THE ROOT AND RHIZOME OF EICHHORNIA CRASSIPES (MART.) SOLMS.-WATER-HYACINTH,"1. A. R. Sharma , 2. R.C. Nayar.",Bulletin of Medico-Ethno-Botanical Research,1980,1,1
PHARMACOGNOSTICAL STUDIES ON VALLARIS SOLANACEA O. KTZE.,,,,,
PHARMACOGNOSTICAL STUDY OF PLAKSHA-1 STEM BARK OF FICUS VIRENS AIT. (MORACEAE).,,,,,
PHARMACOGNOSTICAL STUDY OF PLAKSHA - IV LEAF OF FICUS VIRENS AIT.,,,,,
PHARMACOGNOSTICAL STUDY ON THE MARKET SAMPLES OF THE LEAF OF USTUKHUDUS,,,,,
PHARMACOGNOSTICAL STUDY ON THE RHIZOME AND THE ROOT OF THE PHARAGMITES KARKA TRIN.,,,,,
PHARMACOLOGICAL ACTIONS OF TEPHROSIA PURPUREA LINN. (SHARPUNKH) ON THE CENTRAL NERVOUS SYSTEM.,,,,,
PHYTOCHEMICAL STUDIES ON SIDA RHOMBIFOLIA LINN.,,,,,
PRELIMINARY PHYTO-CHEMICAL SCREENING OF THE PLANTS OF SILENT VALLEY-I,,,,,
PREPARATION OF SEMI-SYNTHETIC ANALOGUES OF PIPER AMIDES AND THEIR ANTITUBERCULAR ACTIVITY.,,,,,
REVIEW OF PLANTS SCREENED FOR ANTI-FERTILITY ACTIVITY-IV,"1. R.R. Chaudhury, 2. M. Haq.",Bulletin of Medico-Ethno-Botanical Research,1980,1,4
REVIEW OF PLANTS SCREENED FOR ANTIFERTILITY ACTIVITY -III,,,,,
REVIEW OF PLANTS SCREENED FOR ANTIFERTILITY ACTIVITY-I,,,,,
REVIEW OF PLANTS SCREENED FOR ANTIFERTILITY ACTIVITY-II,,,,,
SALIENT PHARMACOGNOSTICAL CHARACTERS OF VARUNA-AN IMPORTANT DRUG OF AYURVEDA,,,,,
SCREENING OF ANTI-INFLAMMATORY ACTIVITY OF CERTAIN INDIGENOUS DRUGS ON CARRAGEENIN INDUCED HIND PAW OEDEMA IN RATS,,,,,
"SOME FOLK MEDICINE OF DANGS, GUJARAT STATE.",,,,,
SURVEY OF SOME MEDICINAL PLANTS OF DHARCHULA BLOCK IN PITHORAGARH DISTRICT OF UTTAR PRADESH,,,,,
TRADITIONAL CULTIVATION OF BABUNAH CHAMOMILLA RECUTITA L. RAUSHERT SYN. MATRICARIA-CHAMOMILLA L. IN LUCKNOW.,,,,,
TRIBAL MEDICINES AND TREATMENTS FROM DISTRICT SIANG OF ARUNACHAL PRADESH,,,,,
A PRELIMINARY STUDY OF MEDICINAL PLANTS FROM SURU VALLEY IN LADAKH,M.R. Uniyal.,Bulletin of Medico-Ethno-Botanical Research,1981,2,3
"ADDITIONS TO THE FLOR OF RAJPIPLA FOREST DIVISION, GUJARAT STATE",,,,,
AN EXPLORATION OF MEDICINAL PLANTS OF UDHAMPUR (J. & K.) FOREST DIVISION-I,,,,,
ANTIFERTILITY PROPERTIES OF PHYSALIS MINIMA,,,,,
BIOCHEMICAL AND PHARMACOLOGICAL STUDIES ON KANDIVENNA (KARIGOODHA),,,,,
BOTANICAL IDENTITY AND PHARMACOGNOSTICAL STUDIES OF COMMERCIAL VIDARI OF GUJARAT.,,,,,
CHEMICAL EXAMINATION OF OCIMUM GRATISSIMUM LINN. (ELUMICHAM TULASI),,,,,
CONTRIBUTION TO THE EXACT BOTANICAL IDENTITY OF BRAHMI AND MANDOOKAPARNI,,,,,
DULCITOL FROM THE FLOWERS OF MALKANGUNI (CEALSTRUS PANICULATUS WILLD.),,,,,
EFFECTS OF PORTULACA QUADRIFIDA PURSLANE SEED EXTRACT ON THE REPRODUCTIVE ORGANS OF MALE ALBINO MICE A HISTOLOGICAL STUDY,,,,,
ETHNO-BOTANICAL AND PHYTOCHEMICAL SCREENING OF HIGH ALTITUDE PLANTS OF LADAKH-II,"1. O.P. Gupta, 2. T.N. Srivastava, 3. S.C. Gupta, 4. D.P. Badola.",Bulletin of Medico-Ethno-Botanical Research,1981,2,1
FOLKLORE ANTIFERTILITY PLANT DRUGS OF BIHAR,,,,,
FOLKLORE CLAIMS OF KADUKOTTAMBARI (RUTA CHALEPENSIS LINN.),,,,,
HYDROPHYTIC MEDICINAL PLANTS OF RAJAHMUNDRY EAST GODAVARI DISTRICT (A.P.),,,,,
IN VITRO ANTIMICROBIAL ACTIVITY OF THE ESSENTIAL OILS OF COMMIPHORA MUKUL AND COMMIPHORA ROXBURGHII,,,,,
"MARTYNIA ANNUNA LINN. : A TRADITIONAL DRUG FOR ASTHMA, ITCH AND ECZEMA",,,,,
"NEW RECORDS TO THE MEDICAL EFFICACY CLAIMS OF CERTAIN PLANTS RECORDED FROM GWALIOR FOREST CIRCLE, MADHYA PRADESH - A PRELIMINARY CONTRIBUTION",,,,,
NOTES ON THE DISTRIBUTION OF SOME MEDICINAL PLANTS IN THE SOUTHERN CIRCLE OF WEST BENGAL FORESTS,,,,,
PHARMACOGNOSTIC STUDIES ON BARLERIA LINN,,,,,
PHARMACOGNOSTIC STUDY OF JATROPHA STEM BARK,,,,,
PHARMACOGNOSTICAL AND PHYTO-CHEMICAL STANDARDISATION OF BERRIES OF MYRTUS COMMUNIS LINN. (HABUL AAS),"1. S.H. Afaq, 2. A.R. Masoodi, 3. M. Tariq, 4. M. Ahmed.",Bulletin of Medico-Ethno-Botanical Research,1981,2,4
A REVIEW OF VEGETABLE CARDIO-VASCULAR TONIC DRUGS AS PRACTICED SINCE ANCIENT TIME IN INDIA.,,,,,
A STUDY OF UNUSUAL NEEM EXUDATES,,,,,
AMINO ACIDS PROFILE IN SOLANUM JASMINOIDES PAXT.,,,,,
ANALYTICAL VALUES OF SARCOSTEMMA ACIDUM AND CEROPEGIA JUNCEA THE SOMA PLANTS IN AYURVEDA.,,,,,
CHEMICAL COMPONENTS OF THE FLOWERS OF INULA CAPPA DC,,,,,
CHEMICAL CONSTITUENTS FROM AGYNEIA BACCIFORMIS A. JUSS.,,,,,
CHEMICAL EXAMINATION OF ADENANTHERA PAVONINA LINN. ROOTS,,,,,
COMPARATIVE PHARMACOGNOSTICAL STUDIES ON POLYGONATUM VERTICILLATUM ALLIONI AND POLYGONATUM CIRRIFOLIUM ROYLE,,,,,
EFFECT OF AUXINS ON GROWHT AND MULTIPLICATION OF CORMS AND FLOWERING IN CROCUS SATIVUS LINN. (KESHAR),,,,,
ETHNO MEDICAL METHODS OF KORKU TRIBES OF WEST MELGHAT,"1. P.D. Badhe, 2. B.N. Sharma.",Bulletin of Medico-Ethno-Botanical Research,1982,3,2-4
ETHNO-BOTANICAL STUDIES IN THE SILENT VALLEY AND THE ADJOINING AREAS.,,,,,
EXAMINATION OF SUGARS IN THE MUCILAGE OF SEEDS OF LEPIDIUM SATIVUM LINN.,,,,,
NEW DERIVATIVES OF EMBELIN AND A NEW METHOD OF PREPARING EMBELIN DIACETATE,,,,,
NUTRITIONAL VALUE OF SHIGRU (MORINGA OLEIFERA LAM.),,,,,
OCCURRENCE OF HITHER TO UNRECORDED MANGANESE IN MOMORDICA CHARANTIA LINN (KARAVELLA),,,,,
"ORAL CONTRACEPTIVE FOLK-CLAIMS FROM PURI DISTRICT, ORISSA",,,,,
PHARMACOGNOSTIC EVALUATION OF ROOT BARK OF EMBLICA OFFICINALIS GAERTN. (EUPHORBIACEAE).,,,,,
PHARMACOGNOSTIC STUDIES ON MERUGAN KIZHANGU,,,,,
PHARMACOGNOSTICAL STUDIES ON THE LEAF OF CLERODENDRUM INFORTUNATUM LINN.,,,,,
PHARMACOGNOSTICAL STUDIES ON THE ROOT OF VIBURNUM NERVOSUM HOOK,"A.K. Wahi, R.L. Khosa, Yogesh Mohan.",Bulletin of Medico-Ethno-Botanical Research,1982,3,2-4
PHYTOCHEMICAL STUDY OF ARGYREIA SPECIOSA SWEET VRIDHADARU,,,,,
SOME INDIGENOUS METHODS FOR TAPPING OF GUM GUGGULU-A PILOT STUDY.,,,,,
SOME MEDICINAL FERMS FORM SOUTH ANDAMAN ISLAND,,,,,
"SOME MEDICINAL PLANTS OF RUDRANATH BUGYAL (DISTT. CHAMOLI), U.P.",,,,,
STUDIES ON THE OCCURRENCE OF MEDICINAL PLANTS OF EUPHORBIACEAE FROM BHOPAL AND ITS NEIGHBOURHOOD,,,,,
STUDIES ON THE STANDARDISATION OF AVALEHAS PART-I NARIKELA KHANDA & KANTAKARYAVALEHA.,,,,,
"THE CYPERACEAE OF GWALIOR FOREST DIVISION, MADHYA PRADESH-I",,,,,
"TRIAL CULTIVATION OF TRIVRIT (NISOTH) IPOMOEA TURPETHUM R. BR. IN SOILS OF BUNDELKHAND-JHANSI, UP",,,,,
A NOTE ON THE STUDY OF THE MARKET SAMPLE OF SWERTIA CHIRATA BUCH. HAM. EX. WALL.,,,,,
A SURVEY OF HIGH ALTITUDE MEDICINAL PLANTS OF GARHWAL HIMALAYA,"1. R. D. Gaur, 2. J.K. Semwal, 3. J.K. Tiwari.",Bulletin of Medico-Ethno-Botanical Research,1983,4,3-4
ALKALOIDS FROM AGARU,,,,,
ANALYSIS OF THE FAT FROM THE ROOT OF HETEROPHRAGMA QUADRILOCULARE (ROXB.) SCHUM.,,,,,
ANTIBACTERIAL AND ANTIFUNGAL STUDY OF SOME ESSENTIAL OILS & THEIR CONSTITUTETS FORMTHE PLANTS OF KUMAON AND ITS TARAI TRACT,,,,,
CHEMICAL CONSTITUENTS OF SCOPARIA DULCIS LINN.,,,,,
CHEMICAL EXAMINATION OF DENDROPHTHOE ELASTICA DANSER,,,,,
CHEMICAL EXAMINATION OF JATROPHA GLANDULIFERA,,,,,
CHEMICAL EXAMINATION OF OLAX SCANDENS ROXB,,,,,
CHEMICAL INVESTIGATION OF THE PETALS OF NELUMBO NUCIFERA (LOTUS),,,,,
CHEMICAL STUDY OF STROBILANTHES CALLOSUS,,,,,
CHROMATOGRAPHIC STUDIES ON ESSENTIAL OIL OF CYATHOCLINE LYRATA CASS,"Rajendra Shrivastava, B.D. Pate.",Bulletin of Medico-Ethno-Botanical Research,1983,4,1-2
FLAVONE CONSTITUENTS OF LINARIA RAMOSISSIMA WALL,,,,,
LOW ALTITUDE MEDICINAL PLANTS OF SOUTH GARHWAL (GARHWAL HIMALAYA),,,,,
MEDICINAL PLANTS OF TEZPUR (ASSAM),,,,,
OCCURRENCE OF LICARIN-B IN THE ARIL OF MYRISTICA MALABARICA LAM. (MYRISTICACEAE),,,,,
ON THE MICROSCOPIC STUDIES OF AGLAIA ROXBURGHIANA MIQ. FRUITS,,,,,
PHARMACOGNOSTIC STUDIES ON THE LEAVES OF CAESALPINIA CRISTA LINN.,,,,,
ROLE OF WEEDS IN AYURVEDIC MEDICINE,,,,,
SOME FOLKLORE MEDICINE FROM DISTRICT SUBANSIRI OF ARUNACHAL PRADESH,,,,,
STANDARDIZATION OF DHANVANTARA GHRTA,,,,,
STUDIES ON AUTHENTIC SILAJAT SAMPLES,"1. Muzaffer Alam, 2. B. Rukmani, 3. S. Usman Ali, 3. K. K. Purushothaman.",Bulletin of Medico-Ethno-Botanical Research,1983,4,1-2
STUDY OF NON-SAPONIFIABLE PRINCIPLES FROM THE LEAVES OF BRUNELLA VULGARIS LINN.,,,,,
TERPENOIDS OF STREBLUS ASPER LOUR. (MORACEAE),,,,,
"MINNIKIZHANGU-AN UNIQUE FOLK MEDICINAL PLANT FORM THE ADIVASIS (TRIBALS) OF POINT CALIMERE, TAMIL NADU",,,,,
A COMPARATIVE PHARMACOGNOSTIC STUDY OF THE FOUR SPECIES OF GENUS DESMODIUM,,,,,
ADDITION TO THE PHARMACOGNOSY OF KALIMUSLI (CURCULIGO ORCHIOIDES GAERTN): RHIZOME,,,,,
CHEMICAL ANALYSIS OF INDUCED MUTANTS OF FENUGREEK OIL AND DIOSGENIN CONTENTS,,,,,
CHEMICAL EXAMINATION OF GENIOSPORUM PROSTRATUM BENTH.,,,,,
CHEMICAL EXAMINATION OF THE GLYCERIDE CONTENTS OF THE ROOTS OF BARLERIA PRIONITIS LINN.,,,,,
CHEMICAL STANDARDIZATION OF UDE SALEEB (PAEONIA EMODI LINN.),,,,,
EFFECT OF PLANT ISOLATES ON COAGULATION OF BLOOD AN IN VITRO STUDY,"1. R. Hamsaveni Gopal, 2. K.K. Purushothaman.",Bulletin of Medico-Ethno-Botanical Research,1984,5,3-4
ISOLATION AND IDENTIFICATION OF URSOLIC ACID FROM LEEA INDIA MERRILL (N.O. VITACEAE),,,,,
ISOLATION OF AN ANTI-MICROBIAL SUBSTANCE FROM THE STEM-GALL CALLUS OF EMBLICA OFFICINALIS GAERTN,,,,,
"MEDICINAL PLANTLORE OF UDAIPUR DISTRICT, RAJASTHAN",,,,,
PHARMACOGNOSTICAL STUDIES ON EUPHORBIA THYMIFOLIA LINN.,,,,,
PHARMACOGNOSTICAL STUDIES ON LEAF OF AGANOSMA DICHOTOMA (ROTH) K. SCHUM,,,,,
PHYSICO-CHEMICAL STUDY OF SEEDS OF CASSIA FISTULA LINN. (AMALTAS),,,,,
PHYTOCHEMICAL STUDY OF WHITE AGARU,,,,,
"PLANTS USED IN ETHNO-MEDICINE BY THE KOLS ALLAHABAD DISTRICT, UTTAR PRADESH",,,,,
PRELIMINARY PHYTO-CHEMICAL SCREENING OF MEDICINAL PLANTS OF HILLY DISTRICTS (KUMANON AND GARHWAL DIVISIONS) OF UP,,,,,
SOME MEDICINAL PLANTS FROM DISTRICT SIANG AND SUBANSIRI OF ARUNACHAL PRADESH,"1. K.C. Tiwari, 2. R. Majumder, 3. S. Bhattacharjee.",Bulletin of Medico-Ethno-Botanical Research,1984,5,1-2
ON COMPARATIVE VALUES OF INDIAN AND CHINESE MEDICINAL PLANTS,,,,,
PHARMACOGNOSTIC STUDIES ON ANISOMELES MALABARICA R. BR.,,,,,
PHARMACOGNOSTICAL AND PHYTO-CHEMICAL STANDARDIZATION OF THE MARKET SAMPLE OF USHBA SARSAPARILLA,,,,,
A COMPARATIVE PHARMACOGNOSTIC STUDY OF CASSIA TORA LINN. AND CASSIA OCCIDENTALIS LINN.,,,,,
ANTI-INFLAMMATORY EFFECT OF STROBILANTHES HEYNEANUS (SAHACHARA) - A BIOCHEMICAL STUDY,,,,,
BIO-CHEMICAL AND BEHAVIOURAL CHANGES IN ALBINO RATS AFTER TREATMENT WITH THEVETIA NERIIFOLIA JUSS. (YELLOW OLEANDER),,,,,
BIOLOGICAL PROFILE OF PLUMBAGIN,,,,,
CHOLESTEROL DERIVATIVE AND 6-OXYGENATED FLAVONES FROM CLERODENDRON HETEROPHYLLUM AND CLERODENDRON SPLENDENS,,,,,
DRUG POTENTIAL OF ECHITAMINE CHLORIDE IN CANCER CHEMO-THERAPY,,,,,
FOLK-MEDICINAL USES OF FICUS BENEGALENSIS LINN. AND PUNICA GRANATUM LINN. IN NORTHERN UTTAR PRADESH,A. Atiaue1 M. Iqbal2 and A.K.M. Ghouse3.,Bulletin of Medico-Ethno-Botanical Research,1985,6,I
HORMONAL RESPONSE OF THYROID GLAND TO COMMIPHORA MUKUL AND LATS IN TISSUE CULTURE,,,,,
"HYPOGLYCAEMIC POTENTIAL OF MURRAYA KOENIGII, SPRENG ( KARAYPAK)",,,,,
KINETIC MEASUREMENTS OF DISINTEGRATION OF ELADI GUTIKA,,,,,
MEDICINAL-LORES OF ORISSA-I SKIN DISEASES,,,,,
PHARMACOGNOSTIC STUDIES ON LEUCAENA GLAUCA BENTH.,,,,,
"PHARMACOLOGICAL STUDY OF SOME OF THE CARDIO-VASCULAR EFFECTS OF KUTAKI, ROHITAKA, KAKAMACI AND KASANI USED IN THE MANAGEMENT OF LIVER DISORDERS - A PRELIMINARY REPORT",,,,,
PHYSICO-CHEMICAL AND CHROMATOGRAPHIC STUDY OF YAVANYARKA,,,,,
PLANTS POPULAR IN KUMAON FOLK SONGS,,,,,
"SOME MEDICINAL PLANTS IN THE FOLK-LORE OF VARANASI DISTRICT, U.P.",,,,,
STUDIES ON FICUS RACEMOSA LINN. PART I. ANTI-ULCER ACTIVITY,"1. (Miss.) S.M. Patel, 1. S.A. Vasavada.",Bulletin of Medico-Ethno-Botanical Research,1985,6,I
STUDIES ON THE PHARMACOLOGICAL ACTION OF ACONITE IN THE FORM USED IN INDIAN MEDICINE,,,,,
STUDIES ON THE STANDARDISATION OF DRAKSHADI VATI,,,,,
A COMPARATIVE PHARMACOGNOSTIC STUDY ON SHANKHAPUSHPI-CANSCORA DECUSSATE SCHULT. CONVOLVULUS PLURICAULIS CHOIS. & EVOLVULUS ALSINOIDES LINN.,,,,,
A CRYSTALLINE GLYCOSIDE NARINGIN ISOLATED FORM THE PLANT LEPIDAGATHIS HYALINE NEES,,,,,
A SHORT NOTE ON CHEMICAL EXAMINATION OF CONVOLVULUS PLEURICAULIS CHOISY (SANSKRIT: SANKHAPUSPI),,,,,
ECLIPTA ALBA HASSK.- AN IMPORTANT MEDICINAL PLANT (USES AND PHYTOCHEMISTRY),,,,,
EFFECT OF DIMETHYL SULPHATE ON STEROIDAL SAPOGENINS PRODUCTION IN TRIGONELLA FOENUM-GRAECUM LINN. (FENUGREE),,,,,
EFFECT OF FEW PLANT ISOLATES AND EXTRACTS ON BACTERIA,,,,,
EFFECT OF MYRISTICA FRAGRANS HOUTT. OIL ON FUNGI,,,,,
FOLK-MEDICAL CLAIMS FROM TAMIL NADU NORTH ARCOT DISTRICT,"1. T. Anandan, 2. G. Veluchamy.",Bulletin of Medico-Ethno-Botanical Research,1986,7,3-4
IDENTIFICATION OF DANTI-BEEJ,,,,,
MEDICINAL FOLK IORE OF ORISSA-II GASTROINTESTINAL DISORDERS,,,,,
MICROSCOPICAL STUDY OF KOOHAINEER FROM MADRAS DRUG MARKET,,,,,
PHARMACOGNOSY OF MOULSARY BARKS (MIMUSOPS ELENGI LINN.),,,,,
SOME MEDICINAL FERNS FROM MIRZAPUR (HATHINALA) FOREST,,,,,
SOME MEDICINAL PLANTS AND FOLK TRIBAL MEDICINAL CLAIMS FROM GARO HILLS OF MEHGALAYA,,,,,
TRADITIONALLY USEFUL MEDICINAL PLANTS OF TOTLADOHA,,,,,
AN ETHNO-BOTANICAL STUDY OF J & K STATE OF NORTH-WEST HIMALAYA,,,,,
AUTECOLOGY OF SIDA SPINOSA LINN. - A MEDICINAL HERB,,,,,
CONSERVATION AND CULTIVATION OF MEDICINAL PLANTS IN GUJARAT,M.C. Joshi.,Bulletin of Medico-Ethno-Botanical Research,1987,8,3-4
CONSERVATION OF MEDICINAL PLANTS IN RAJASTHAN WITH SPECIAL REFERENCE TO CONSERVATION AND PROPAGATION OF GUGGULU,,,,,
CONTRIBUTION TO THE BOTANICAL IDENTITY OF KURASANI OMAN IN SOUTH INDIAN CRUDE DRUG TRADE,,,,,
CULTIVATION AND UTILISATION OF MEDICINAL PLANTS IN AYURVEDA AND SIDDHA,,,,,
CULTIVATION/EXTRACTION OF GUM-OLEO RESIN OF COMMIPHORA WIGHTII (ARN.) BHAND AT GUGGULU HERBAL FARM MANGLIAWAS-PROBLEMS AND PROSPECTS,,,,,
"DRUG STANDARDISATION, PROBLEMS, PERSPECTIVE AND STRATEGY",,,,,
ETHNOBOTANY OF SANTHAL PARGANA DISTRICT DUMKA (BIHAR),,,,,
EVALUATION OF MEDICO-ETHNO-BOTANICAL STUDIES ON INDIAN MEDICINAL PLANTS,,,,,
"EXPORT POTENTIAL OF CERTAIN SELECTED INDIGENOUS MEDICINAL PLANTS, WITH SPECIAL REFERENCES TO AYURVEDA AND SIDDHA SYSTEMS OF MEDICINE",,,,,
EXTENSIVE CULTIVATION OF WEDELIA CALENDULACEA LESS. (MANJAL KARISALAI) IN CRIS HERBAL GARDEN MADRAS,,,,,
GERMINATION BEHAVIOUR IN CASSIA ABSUS LINN. (CHIMAD) - A MEDICINAL HERB,"1. Rose, 2. D.G. Varaspande.",Bulletin of Medico-Ethno-Botanical Research,1987,8,1-2
HERBS AND HUMANITY,,,,,
IMPORTANCE OF MEDICINAL PLANT COLLECTION AND STORAGE IN TREATMENT,,,,,
INDIAN MEDICINAL PLANTS AN OVERVIEW,,,,,
MEDICAL-BOTANICAL SURVEYS IN INDIA,,,,,
"NEWER OBSERVATIONS ON THE CULTIVATION OF SATAVARI (ASPARAGUS RACEMOSUS) IN THE SANDY SOIL OF BUNDELKHAND, JHANSI U.P.",,,,,
PERSPECTIVES IN PHARMACEUTICAL ASPECTS OF INDIAN MEDICINAL PLANTS,,,,,
PROSPECTS OF INTRODUCTION OF PLANTS OF AYURVEDIC AND SIDDHA MEDICINE IN AGRICULTURE,,,,,
ROLE OF MEDICINAL PLANTS IN SOCIAL FORESTRY/ AFFORESTATION IN RAJASTHA,,,,,
ROLE OF PHARMACOPOEIAL STANDARDS IN AYURVEDA,,,,,
SACRED GROVES OF TRIBAL AREAS ALONG THE WESTERN GHATS : TREASURE TROVE OF MEDICINAL PLANTS,"1. V.D. Vartak, 2. M.S. Kumbhojkar, 3. D.S. Nipunage.",Bulletin of Medico-Ethno-Botanical Research,1987,8,1-2
SCIENTIFIC APPROACH AND METHODOLOGY FOR DOMESTICATION AND COMMERCIAL CULTIVATION OF MEDICINAL PLANTS,,,,,
THREATENED AND RARE MEDICINAL PLANTS OF SIKKIM,,,,,
"USE OF ARBOREAL MEDICINAL PLANTS IN AFFORESTATION PROGRAMMES FROM PUNE AND NEIGHBOURING DISTRICTS, MAHARASHTRA STATE",,,,,
CHEMICAL EXAMINATION OF BAKUL MIMUSOPS ELENGI LINN. (SAPOTACEAE),,,,,
CONTRIBUTION TO THE BOTANICAL IDENTITY OF AYURVEDIC DRUG TINDUKA WITH SPECIAL REFERENCE TO VISTAINDUKA,,,,,
EFFECT OF BORON THROUGH BORIC ACID ON GROWTH AND FLOWERING OF KUM-KUM CROCUS SATIVUS LINN. IN KUMAON HIMALAYAS,,,,,
ETHNO-BOTANICAL STUDIES OF THE TRIBAL BELT OF KORAPUT (ORISSA),,,,,
ETHNO-BOTANY OF TRANS- GIRI AREA OF SIRMONR DISTRICT OF HIMACHAL PRADESH,,,,,
"ETHNO-MEDICINE OF BHOTIA TRIBES OF KUMAUN HIMALAYA, U.P.",,,,,
EUPHORBIACEAE IN FOLK LIFE OF THE NICOBARESE TRIBALS,H.S. Dagar.,Bulletin of Medico-Ethno-Botanical Research,1988,9,1-2
"HITHERTO UNREPORTED LEAR-SPOT DISEASE OF AN AYURVEDIC MEDICINAL PLANT KASMARD - CASSIA TORA, CAUSED BY PHOMA SORGHINA",,,,,
MEDICINAL PLANTS IN INDIA : APPROACHES TO EXPLOITATION AND COVERSATION,,,,,
MYCOFLORA OF GUM OF GUGGULU COMMIPHORA WIGHTII (ARNOTT.) BHANDARI AFFECTED BY DIE-BACK,,,,,
PHARMACOGNOSITC STUDIES ON ANAGALLIS ARVENSIS LINN,,,,,
PHARMACOGNOSTIC STUDIES ON BHARDWAJI - HIBISCUS VITIFOLIUS LINN.,,,,,
PHYTOCHEMICAL SCREENING OF SOME INDIAN PLANTS,,,,,
RARE AND ENDANGERED PLANTS OF GUJARAT STATE FORESTS,,,,,
SOME INTERESTING MEDICINAL FOLK-LORES FROM BIHAR,,,,,
STUDY OF PREFERENCES EXHIBITED BY MUSK DEER IN CAPTIVITY TO FODDER THROUGH BUFFET SELECTIOIN,,,,,
SYNTHETIC AND ANALYTICAL STUDIES ON PARAVAL (CORAL ; TUBIPORA MUSICA) BHASMA,"1. Rajesh Dixit, 2. G.C. Shivahare.",Bulletin of Medico-Ethno-Botanical Research,1988,9,3-4
TAXONOMY OF THE CONTROVERSIAL AYURVEDIC DRUG PITTALPAPADA,,,,,
UTILITY HITHERTO UNKNOWN HERBAL DRUGS TRADITIONALLY USED IN LADAKH AND POSSIBLE ALTERNATIVE MEDICINE,,,,,
A NEW FLAVONE GLYCOSIDE FROM CLERODENDRON SPLENDENS L.,,,,,
A PHYTOCHEMICAL STUDY OF SOUTH GUJARAT FORESTS PLANTS WITH SPECIAL REFERENCE TO THE MEDICINAL AND OF ETHNOBOTANICAL INTEREST,,,,,
A STUDY ON BARITURATE HYPNOSIS POTENTIATION EFFECT OF DIFFERENT FRACTION OF INDIGENOUS PLANT DRUG MANDUKA PARNI (HYDROCOTYLE ASIACTICA LINN.),,,,,
ADDITIONS TO THE FLORA OF RAJGIR (BIHAR),,,,,
BOTANICAL IDENTITY OF THE DRUG GILODHYA,,,,,
CHEMICAL INVESTIGATION OF TERMINALIA CHEBULA RETZ.,,,,,
CHEMICAL INVESTIGATION OF THE FLOWERS OF VITEX PUBESCENS VAHL,,,,,
CLASSIFICATION OF POISONOUS TUBERS IN LITERATURE AND PHARMACOLOGICAL STUDY OF VATSNAB-SHRINGI,M.R. Uniyal.,Bulletin of Medico-Ethno-Botanical Research,1989,10,3-4
ETHNO VETERINARY MEDICINAL DRUGS OF CENTRAL DEVELOPMENT REGION OF NEPAL,,,,,
ETHNOBOTANICAL OBSERVATIONS AMONG THE ONGE TRIBE OF LITTLE ANDAMAN,,,,,
PHARMACOGNOSTIC STUDIES ON NILOTPALA (NYMPHAEA STELLATA WILLD.) FLORAL PARTS,,,,,
PHARMACOGNOSTIC STUDY OF LAVENDULA BIPINNATA O. KTZE.,,,,,
PHARMACOGNOSTICAL STUDIES ON THE ROOTS OF STEPHANIA ELEGANS HK. F. & T.,,,,,
PRELIMINARY PHYTOCHEMICAL SCREENING OF MEDICINAL PLANTS OF HILY DISTRICTS (KUMAON AND GARHAWAL DIVISIONS) OF U.P. (PT. II),,,,,
SOME OF THE INSECT AND FUNGAL PESTS OF STORES CRUDE DRUGS IN U.P. HILLS,,,,,
SOME UNKNOWN NARCOTIC FOLK CLAIMS FROM ORISSA,,,,,
VEGETATIVE PROPAGATION OF AVARTANI (HELICTERES ISORA LINN.),,,,,
A PRELIMINARY SYNECOLOGICAL APPROACH FOR THE STUDY OF HERBAL WEALTH OF HIGH ALTITUDE HIMALAYA AND THEIR CONSERVATION STRATEGY,"G.C. Jashi, R.A, N.K. Pandey, R.A., K.C. Tiwari, S.O. and R.N. Tiwari, R.O",Bulletin of Medico-Ethno-Botanical Research,1990,11,1-2
CHEMICAL EXAMINATION OF PISONIA GRANDIS (LECHAI KOTTAI KEERAI),,,,,
JITASAYA (HAMILTONIA SUAVEOLENS ROXB.)- A TRIBAL REMEDY FOR DIABETES,,,,,
PHARMACOGNOSTIC STUDY OF BRAHATI (SOLANUM VIOLACEUM ORT.)- I. ROOT & FRUIT,,,,,
SOME ANTI-VENOM MEDICINAL LORES FROM TRIBAL AREAS OF BANSWARA,,,,,
SOME UNEXPLOITED MEDICINAL PLANTS IN INDIA,,,,,
STANDARDISATION OF DASMULA TAILA USED IN PANCHAKARMA,,,,,
AN EXPERIMENT IN ACCLIMATIZATION OF MEDICINAL PLANTS,,,,,
AN INVESTIGATION OF EDIBLE PLANTS FOR SOLUBLE OXALATES AND CALCIUM OXALATE CRYSTALS,,,,,
ANALYTICAL STUDY OF AJMODA ARKA,,,,,
BOTANICAL SOURCE OF GAJAPIPPALI IN KERALA,"1. A.V. Bhat, 2. S. Nesamany.",Bulletin of Medico-Ethno-Botanical Research,1991,12,3-4
CHEMICAL EXAMINATION OF SHATAVARI (ASPARAGUS RACEMOSUS),,,,,
COMMERCIALLY NEGLECTED GENUS DAPHNE OF HIMALAYAS,,,,,
CULTIVATION OF MEDICINAL PLANTS ALONG SEA-COASTS IN MAHARASHTRA,,,,,
FOLK REMEDIES OF RAJASTHAN PRACTISED TODAY,,,,,
ISOLATION OF CHRYSOPHANOL FROM BHUTALPOTA (CASSIA OBOVATA (L.) COLLAD),,,,,
NOTE ON THE CONFUSED IDENTITY AND NOMENCLATURE OF COMMIPHORA SPECIES.,,,,,
ON THE IDENTITY OF MARKET SAMPLE OF BRAHMI IN DELHI,,,,,
PHARMACOGNOSTIC STUDIES ON COLEUS AROMATICUS BENTH. (INDIAN BORAGE),,,,,
PRELIMINARY PHYTOCHEMICAL INVESTIGATIONS OF THE LEAVES OF VIKANTAKA (GYMNOSPORIA MONTANA) AND PRASARANI (PAEDERIA FOETIDA),,,,,
RESOURCE SURVEY OF PLANTS OF POTENTIAL ECONOMIC VALUE OF SIKKIM HIMALAYAS,"1. T.N. Srivastava, 2. B.K. Kapahi.",Bulletin of Medico-Ethno-Botanical Research,1991,12,1-2
ROLE OF ENZYMES IN CUMIN JEERAK (CUMINUM CYMINUM LINN.) WILT PATHOGENESIS BY FUSARIUM OXYSPORUM F. SP. CUMINI,,,,,
"SAMANGA, A LESS KNOWN CONTROVERSIAL MEDICINAL PLANT",,,,,
SOME THREATENED MEDICINAL PLANTS FROM THE NORTH-EASTERN REGION OF INDIA,,,,,
STUDIES ON IDENTIFICATIN ASPECT OF VIDHARA BEEJA AND ITS ADULTERANTS IN GUJARAT STATE,,,,,
"THE NUTRITIVE AND MEDICINAL VALUE OF ARIKSIRA, MARISHAPHED, APAMARG AND MANJIRIKA (AMARANTHUS SPS., ALTERNATHERA SPS. ACHYRANTHES SPS. AND DIGERA SPS.)",,,,,
TREE PLANTATIONS OF MEDICINAL IMPORTANCE THROUGH SOCIAL FORESTRY SCHEMES IN ANDHRA PRADESH,,,,,
"VOLATILE CONSTITUENTS FROM THE LEAVES OF AYAPANA (EUPATORIUM TRIPLINERVE, VAHL.)",,,,,
CULTIVATION TRIALS OF BAKUSHI (PSORALEA CORYLIFOLIA L.),,,,,
ETHNOBOTANICAL IMPORTANCE OF FAMILY CUCURBITACEAE AMONG THE SAHARIYAS OF MADHYA PRADESH,,,,,
EXPLRATORY STUDIES ON PROPAGATION MATERIAL OF TRIVRITA (OPERCULINA TURPETHUM (LINN.) SILVA MANSO),"V.V. Menhendale, M.B. Yelne, C.M. Erande, P.C. Sharma.",Bulletin of Medico-Ethno-Botanical Research,1992,13,1-2
IDENTIFICATION OF AAGMIYA PLANTS,,,,,
IDENTIFICATION OF THE LEAF AND PERICARP OF THE FRUIT OF PUNICA GRANATUM LINN. USED IN THE INDIAN SYSTEM OF MEDICINE,,,,,
IMPORTANT MEDICINAL PLANTS OF MOUNT ABU AND NEED FOR THEIR CONSERVATION,,,,,
IMPORTANT MEDICINAL WEED PLANTS OF GUJARAT - A SOURCE OF RAW MATERIAL FOR PHARMACEUTICAL INDUSTRIES,,,,,
IMPORTANT TRIBAL FOLK MEDICINES OF EAST AND WEST MELGHAT,,,,,
IN VITRO PROPAGATION OF KUTAJA (HOLARRHENA ANTIDYSENTERICA WALL.),,,,,
MEDICINAL PLANTS FOR AFFORESTATION IN GUJARAT STATE,,,,,
PHARMACO-BOTANICAL STUDIES ON THE SOUTH INDIAN MARKET SAMPLE OF GAJ PIPPALI (BALANOPHORA FUNGOSA FORST. & FORST. F. SSP. INDICA (ARN.) HANSEN),,,,,
PHARMACOGNOSTIC STUDIES OF JALAPIPPALI (PHYLA NODIFLORA (LINN.) GREEN.),,,,,
PHARMACOGNOSTIC STUDY OF KAPIKACCHU (MUCUNA PRURIENS (L.) DC.) - ROOT AND SEED,"1. M. B. Yelne, 2. P.C. Sharma.",Bulletin of Medico-Ethno-Botanical Research,1992,13,1-2
PHYTOCHEMICAL STUDIES OF PSORALEA SPECIES - A REVIEW,,,,,
SHINSHAPA WITH A BRIEF OBSERVATION ON YELLOW RUST ATTACK AT RANIKHET,,,,,
SOME FOLK MEDICINES OF THE TRIBALS OF GUJARAT,,,,,
WEEDS ASSOCIATED WITH SAFFRON FARMING AT RANIKHET HILLS (U.P.),,,,,
CULTIVATION OF SHATAVARI (ASPARAGUS RACEMOSUS WILLD.),,,,,
DETERMINATION OF UNKNOWN MADHUKPUSHPI OF LITERATURE WITH CHURA FOUND IN KUMAON FOREST DIVISION,,,,,
EFFECT OF GIBBRELLIC ACID ON SEED GERMINATION OF RAUVOLFIA SERPENTINA BENTH. (SARPAGANDHA),,,,,
ETHNOBIOLOGICAL INVESTIGATION OF LAKSHADWEEP ISLANDS,,,,,
"ETHNO - MEDICINAL PLANTS OF MANDI-DISTRICT, HIMACHAL PRADESH",,,,,
EVALUATION OF THERAPEUTIC STATUS OF MADHYA PRADESH FLORA,O.P. Mishra.,Bulletin of Medico-Ethno-Botanical Research,1993,14,3-4
IDENTITY OF COMMERCIAL PARASIK YAVANI IN GUJARAT,,,,,
MEDICINAL PLANTS FROM DIBANG VALLEY (A.P.) - SOCIAL FORESTRY AND AFFORESTRATION,,,,,
MEDICINAL PLANTS OF AYURVEDIC IMPORTANCE FROM MANDI DISTRICT OF HIMACHAL PRADESH,,,,,
MEDICO-BOTANICAL SURVEY STUDIES IN KARNATAKA,,,,,
NOVEL MEDICINAL USES OF A FEW PLANTS USED BY KORKU TRIBE OF MELGHAT IN AMRAVATI DIST. MAHARASHTRA STATE,,,,,
ON THE IDENTITY OF MARKET SAMPLES OF THE DRUG KAKADSHINGI,,,,,
ON THE INTRODUCTION OF VALUABLE MEDICINAL PLANTS FROM NORTH-EASTERN TO WESTERN HIMALAYAN REGION OF INDIA,,,,,
PHARMACOGNOSTIC STUDY OF BHUMYAMALAKI - I PHYLLANTHUS FRATERNUS WEBST,,,,,
PHARMACOGNOSTICAL STUDIES ON THE LEAVES OF TARENNA ASIATICA (L.) KUNTZE EX SCHUM.,,,,,
"QUANTITATIVE ASSESSMENT OF MEDICINAL PLANTS FOUND IN VISAKHAPATNAM DISTRICT, ANDHRA PRADESH.","1. Koppula Hemadri, 2. S. Sasibhushana Rao.",Bulletin of Medico-Ethno-Botanical Research,1993,14,1-2
SOCIAL FORESTRY AFFORESTATION VIS-A-VIS MEDICINAL PLANTS WITH SPECIAL REFERENCE TO BIHAR,,,,,
STUDIES ON THE AYURVEDIC DRUG SHANKHAPUSHPI FROM WESTERN MAHARASHTRA : MEDICO - BOTANICAL ASPECT,,,,,
SURVEY OF MEDICINAL PLANTS IN ASSAM,,,,,
"THE EVALUATION OF MEDICINAL PLANTS IN SOUTH WESTERN, WEST BENGAL.",,,,,
THE FOLKLORE MEDICINES USED BY GUJJAR AND BAKARWAL COMMUNITIES OF JAMMU REGION,,,,,
BRYOPHYTES THE SOURCE OF THE ORIGIN OF SHILAJATU - A NEW HYPOTHESIS,,,,,
"CHEMICAL EXAMINATION OF ANATAMUL, HEMIDESMUS INDICUS R.BR.",,,,,
IN VITRO PROPAGATION OF ASPARAGUS RACEMOSUS WILLD. (SHATAVARI) THROUGH SHOOT TIP CULTURE,,,,,
ISOLATION AND IDNETIFICATION OF KOMALIN FROM BOENNINGHAUSENIA ALBIFLORA REICHB. Ex MEISSM.,,,,,
"MERREMIA RAJASTHANENSIS BHANDAARI, A NEW RECORD FOR GUJARAT STATE",1. M. C. Joshi.,Bulletin of Medico-Ethno-Botanical Research,1994,15,1-4
PHARMACOGNOSY OF BALA - I. SIDA CORDIFOLIA L.,,,,,
PHYTOCHEMICAL INVESTIGATIONS OF CHLOROPHYTUM KER-GAWL. (ANTHERICACEAE) - A REVIEW,,,,,
"PRELIMINARY RECORDING OF MEDICINAL PLANTS OF BIRBHUM DISTRICT, WEST BENGAL.",,,,,
SOME IMPORTANT AYURVEDIC MEDICINAL PLANTS OF BUNDELKHAND (JHANSI DIVISION),,,,,
SOME MEDICINAL PTERIDOPHYTES FROM THE DISTRICT LOWER SUBANSIRI AND PAPUMPARE (ARUNACHAL PRADESH),,,,,
SOME RESEARCH POSSIBILITIES IN INDIAN MEDICINAL AND AROMATIC PLANTS FOR HEALTH AND CURE - 1,,,,,
THE FOREST TYPES OF UDHAMPUR FOREST DIVISION (J & K).,,,,,
ADULTERANTS OF SAFFRON (CROCUS SATIVUS LINN.) AND ITS DETECTION,,,,,
"ALPINE ENVIRONS AROUND KUMAUN AND GARHWAL IN CENTRAL HIMALAYA, INDIA WITH SPECIAL REFERENCE TO HERBAL RESOURCES",,,,,
AN ETHNO-BOTANICAL STUDY ON SOME MEDICINAL PLANTS OF DISTRICT PALAMAU (BIHAR),K. Chandra.,Bulletin of Medico-Ethno-Botanical Research,1995,16,1-2
BIODIVERSITY IN MEDICINAL PLANTS BASED ON AYURVEDA,,,,,
DRUG ANALYSIS AND ITS ROLE IN HERBAL MEDICINE,,,,,
ETHNOBOTANICAL STUDIES ON MEDICINAL FLORA IN THARU TRIBAL POCKETS IN KUMAON REGION IN UTTAR PRADESH,,,,,
ETHNO-MEDICO BOTANY FROM TRIBES OF MADHYA PRADESH,,,,,
ETHNO-MEDICO-BOTANICAL ASPECTS OF SOME PLANTS OF ARUNACHAL PRADESH,,,,,
EXPERIMENTAL CULTIVATION OF CROCUS SATIVUS LINN. (SAFFRON) AT RANIKHET,,,,,
FLAVONOIDS OF CYNODON DACTYLON (LINN.),,,,,
IMPORTANT AYURVEDIC MEDICINAL PLANTS OF BUNDELKHAND USED TRADITIONALLY,,,,,
MARKETING OF HERBS USED IN THE PREPARATION OF AYURVEDIC MEDICINES AT PRESENT TIME,,,,,
MEDICINAL PTERIDOPHYTES OF KUMAON AND GARHWAL (U.P. HILLS),"1. R.N. Tewari, 2. G.Pandey.",Bulletin of Medico-Ethno-Botanical Research,1995,16,3-4
OBSERVATION ON IN-VITRO PROPAGATION OF SARIVA (HEMIDESMUS INDICUS R.BR.),,,,,
ON THE PHARMACOGNOSY OF CLERODENDRUM INERME (L.) GAERTNER-LEAVES,,,,,
"PHARMACOGNOSTIC INVESTIGATIONS ON STEM, STEM BARK AND FRUITS OF TINDUKA (DIOSPYROS PEREGRINA (GAERTN.) GURKE).",,,,,
PHARMACOGNOSTICAL STUDIES OF ROOT AND FRUIT OF GOKSHURA (PEDALIUM MUREX LINN.),,,,,
PRELIMINARY OBSERVATIONS ON CULTIVATION OF TRIVRITA (OPERCULINA TURPETHUM (LINN.) SILVA MANSO),,,,,
PROSPECTS OF MEDICINAL PLANT CULTIVATION IN ARUNACHAL PRADESH,,,,,
"SOME BENEFICIAL WEEDS OF CULTIVATION FROM NADIA DISTRICT, WEST BENGAL.",,,,,
SOME IMPORTANT AYURVEDIC MEDICINAL PLANTS OF ARUNACHAL PRADESH,,,,,
SOME IMPORTANT MEDICINAL PLANTS OF JAGESHWAR FOREST AND CONSERVATION/CULTIVATION ASPECTS OF HIMALAYAN YEW TREE - TAXUS BACCATA LINN. (TALIS),,,,,
A NOTE ON THE ETHNO - BOTANY OF ANGIOPTERIS EVECTA (FORST.) HOFFM.,"Rama Shanker, M.S. Rawat, V.K. Singh.",Bulletin of Medico-Ethno-Botanical Research,1996,17,3-4
ADDITIONS TO THE FLORA OF GUJARAT STATE WITH SPECIAL REFERENCE TO PLANTS OF MEDICINAL INTEREST,,,,,
AVAILABILITY OF MUSK DEER IN KUMAON HIMALAYA AN ENDANGERED SPECIES AND STUDIES ON ITS BEHAVIOUR IN CAPTIVITY,,,,,
BOTANICAL IDENTIFICATION OF SOME AYURVEDIC HERBAL MEDICINES,,,,,
BOTANICAL IDENTITY OF SOME SUBSTITUTE OF AYURVEDIC DRUGS,,,,,
CHEMICAL EXAMINATION OF FICUS RETUSA L.,,,,,
COUMARINS AND ALKALOIDS OF GENUS BOENNINGHAUSENIA - A REVIEW,,,,,
CULTIVATION OF MEDICINAL PLANTS IN SOCIAL FORESTRY PROGRAMME IN ARUNACHAL PRADESH,,,,,
CULTIVATION OF SOME PHARMACEUTICALLY IMPORTANT MEDICINAL PLANTS IN ITANAGAR (ARUNACHAL PRADESH),,,,,
ETHNO-MEDICO-BOTANY ON CONTRACEPTIVE AND CONCEPTIVE DRUGS IN CENTRAL INDIAN TRIBES,,,,,
FLAVONOIDS OF CLERODENDRUM SPECIES - A REVIEW,"1. Ruchira Das, 2. N.K.R. Pathak, 3. M. Biswas, 4. V.B. Pandey.",Bulletin of Medico-Ethno-Botanical Research,1996,17,1-2
MEDICINAL PLANTS AND SOME FOLKLORES FROM EAST AND WEST SIANG DISTRICTS (ARUNACHAL PRADESH) - THEIR UTILIZATION,,,,,
MICROSCOPY AND PRELIMINARY PHYTOCHEMICAL ANALYSIS OF SARIVA (CRYPTOLEPIS BUCHANANI ROEM. AND SCHULT),,,,,
OBSERVATIONS ON MEDICO-ETHNO-BOTANY OF IDU-MISHMIS IN DIBANG VALLEY DISTRICT OF ARUNACHAL PRADESH,,,,,
PHARMACOGNOSTIC STUDY ON STEMBARK OF MORINGA OLEIFERA LAM. (SIGRU),,,,,
PHARMACOGNOSTICAL STUDIES ON THE LEAVES OF SALVADORA PERSICA LINN.,,,,,
PHARMACOGNOSY OF ROOT AND SEED OF MULAKA (RAPHANUS SATIVUS L.),,,,,
PRELIMINARY COMPARATIVE STUDIES OF HIBICUS ROSA-SINESIS L. AND MALVAVISCUS SPP. USED AS JAPA,,,,,
SOME FOLK LORE MEDICINAL CLAIMS ON PLANTS OF CAR NICOBAR ISLAND,,,,,
SOME SIGNIFICANT MEDICINAL USES OF PALASH AND LATA PALASH,,,,,
STUDIES ON CHEMISTRY OF SVARNAMAKSHIKA (IRON PYRITE) BHASMA,"Rajesh Dixit, G.C. Shivahare.",Bulletin of Medico-Ethno-Botanical Research,1996,17,3-4
BOTANICAL INDENTITY OF PHUINUM A FOLK REMEDY FOR HYPERTENSION,,,,,
DRUG VALUE OF SWERTIA CHIRATA AND ITS PHYTOCONSTITUENTS,,,,,
ETHNO - MEDICO - BOTANICAL STUDIES ON THE FUNGI OF KUMAUN HIMALAYA (U.P).,,,,,
EVALUATION OF SOUTH INDIAN MARKET SAMPLES OF PIPPALI,,,,,
IN VITRO PROPAGATION OF BRAHMI - BACOPA MONNIERI (L.) PENNELL,,,,,
"MEDICINAL PLANTS FROM CHANDEL, CHURACHANPUR, UKHRUL FORESTT AREAS OF MANIPUR STATE, PART – I.",,,,,
"MEDICINAL PLANTS OF GIRIDIH FOREST DIVISION, BIHAR STATE",,,,,
MEDICINAL PLANTS OF MAURITIUS ISLANDS,,,,,
MEDICO - BOTANY OF GENUS MUCUNA FROM WESTERN MAHARASHTRA.,,,,,
NOTES ON THE ETHNOBOTANY OF THE MONPA TRIBE OF TAWANG DISTRICT (ARUNACHAL PRADESH),"M.S. Rawat, Rama Shankar, V.K. Singh.",Bulletin of Medico-Ethno-Botanical Research,1997,18,1-2
ON THE PHARMACOGNOSY OF AZIMA TETRACANTHA LAM. - LEAVES,,,,,
pH - METRIC STUDIES ON THE INTERACTION OF TABASHIR SOL WITH PROTEINS.,,,,,
PROSPECTS OF ETHNO-BOTANICAL LORES IN BIRTH CONTROL,,,,,
"RARE FOLK MEDICINES PRACTICED BY GOND TRIBES OF WADSA FOREST DIVISION, GADCHIROLI DISTRICT (MAHARASTRA STATE)",,,,,
SOME OF THE USEFUL HERBS FOR SNAKE-BITE PRACTICED BY GOUNDA TRIBES OF TAMILNADU,,,,,
SOME PLANTS USED AS ANTI-FERTILITY AGENTS BY KHONDS OF ORISSA,,,,,
STANDARDISATION OF AYURVEDIC DRUGS,,,,,
TRIBAL FOLK MEDICINES OF THE HILLY REGIONS OF JAMMU & KASHMIR,,,,,
CHEMICAL INVESTIGATION OF SIDA ACUTA BURM. F.,,,,,
COMPARATIVE ANALYTICAL STUDIES ON BRAHAT MASA TAILA,"1. Muzaffer Alam, 2. V.N. Saraswathy, 2. T.N. Venugopalan, 3. N. Jaya, 1. P.K.N. Namboodiri.",Bulletin of Medico-Ethno-Botanical Research,1998,19,1-2
CONSERVATION AND CLTIVATION OF SOME RARE & THREATENED MEDICINAL PLANTS IN ARUNACHAL PRADESH,,,,,
CULTIVATION OF GAMBHARI (GMELINA ARBOREA LINN.) ON DEGRADED ROCKY SOIL,,,,,
DWINDLING STATE OF MEDICINAL PLANTS IN RAJASTHAN (INDIA) AND THEIR CONSERVATION,,,,,
EFFECT OF SHODHAN ON NARCOTIC CONTENT OF VIJAYA (CANNABIS SATIVA L.),,,,,
HIGH PERFORMANCE THIN LAYER CHROMATOGRAPHIC FINGER PRINT PARAMETERS OF TRIKATUKUC CURANAM,,,,,
IDENTIFICATION OF THE MARKET SAMPLES OF FLOWERS OF GURHAL (HIBISCUS ROSA - SINENSIS LINN.),,,,,
IDENTIFICATION OF TRADITIONAL AYURVEDIC DRUGS AND INCLUSION OF MEDICINAL PLANTS IN THE SCIENCE OF DRAVYA GUNA,,,,,
MARKET VALUE OF MEDICINAL PLANT WEALTH : A CASE STUDY OF COLLECTION AND MARKETING IN SOUTERN DISTRICTS OF KERALA,,,,,
PHARMACOGNOSTIC STUDIES OF ACTINIOPTERIS RADIATA (SW.) LINK.,,,,,
PRESENT STATUS AND FUTURE PROSPECTS OF SOME MEDICINAL PLANTS SOCIAL FORESTRY - AFFORESTATION PROGRAMMES,P.C. Sharma.,Bulletin of Medico-Ethno-Botanical Research,1998,19,3-4
SOME EXPERIENCES ON EXTRACTION OF MUSK FROM LIVE MUSK DEER,,,,,
"SOME FOLKORE MEDICINAL CLAIMS ON RARE PLANTS OF SIRUMALAI HILLS, DINDIGUL DISTRICT, TAMILNADU, INDIA.",,,,,
SOME MEDICINAL PLANTS OF DISTRICT TIRAP (ARUNACHAL PRADESH) WITH A NOTE ON THE ETHNOBOTANY OF NOCTE TRIBE,,,,,
SOME OBSERVATION ON THE TAPPING TRIALS ON COMMIPHORA WIGHTII (ARN) BHAND USING ETHEPHON,,,,,
SOME TRADITIONAL MEDICINAL PLANTS OF KHARDUGLA AND CHANGLA (LADAKH) USED IN AMCHI MEDICINE,,,,,
STANDARDISATION STUDIES OF CIVANAR VEMBUK KULIT TAILAM,,,,,
WILD EDIBLE PLANTS OF ARUNACHAL PRADESH,,,,,
STANDARDISATION STUDIES ON AYUSH GHUTTI,,,,,
VISIBLE SPECTROPHOTOMETRY IN STANDARDIZATION OF HERBAL DRUGS - TRIPHALA CHURNA.,,,,,
A REVIEW OF MEDICINAL USES AND PHARMACOLOGICAL EFFECTS OF MENTHA PIPERITA,"1. Punit PShah, 2. P M D Mello.",Indian Journal of Natural Products and Resources,2004,3,4
A REVIEW ON BAEL TREE,,,,,
A REVIEW ON CRESSA CRETICA LINN.: A HALOPHYTIC PLANT,,,,,
ANALYSIS OF PHENOLIC ACIDS IN DIFFERENT MARKET SAMPLES OF VIDANGA (FALSE BLACK PEPPER),,,,,
ANTIANAPHYLACTIC ACTIVITY OF ALCOHOLIC EXTRACT OF ECLIPTA ALBA,,,,,
BOTANICAL STANDARDIZATION OF THREE COMMERCIALLY IMPORTANT CURCUMA SPECIES,,,,,
BRINE SHRIMP LETHALITY AND ACUTE ORAL TOXICITY STUDIES ON SWIETENIA MAHAGONI (LINN.) JACQ. SEED METHANOLIC EXTRACT,,,,,
ESSENTIAL OILS AS THERAPEUTICS,,,,,
EVALUATION OF ADAPTOGENIC AND ANTI-STRESS EFFECTS OF RANAHAMSA RASAYANAYA-A SRI LANKAN CLASSICAL RASAYANA DRUG ON EXPERIMENTAL ANIMALS,,,,,
EVALUATION OF THE IMMUNOMODULATORY ACTIVITY OF ETHANOLIC EXTRACT OF THE STEM BARK OF BAUHINIA VARIEGATA LINN,,,,,
FICUS RACEMOSA LINN.- AN OVERVIEW,Padmaa M Paarakh.,Indian Journal of Natural Products and Resources,2009,8,1
FOLK HERBAL REMEDIES FROM MEGHALAYA,,,,,
IMMUNOMODULATION PROPERTY OF HEXANE FRACTION OF LEAVES OF CINNAMOMUM TAMALA LINN. IN RATS.,,,,,
IN VITRO PROTECTIVE EFFECTS OF WITHANIA SOMNIFERA L. DUNAL ROOT EXTRACT AGAINST HYDROGEN PEROXIDE AND B - AMYLOID 1-42 INDUCED CYTOTOXICITY IN DIFFERENTIATED PC12 CELLS,,,,,
PHARMACOLOGICAL EVALUATION OF SHINSHAPA (DALBERGIA SISSOO ROXB.) STEM BARK AS ANALGESIC AND ANTI-INFLAMMATORY ACTIVITIES,,,,,
PHARMACOLOGICAL STUDIES OF PASSIFLORA SP. AND THEIR BIOACTIVE COMPOUNDS,,,,,
PICRORHIZA KURROA. MONOGRAPH.,,,,,
SIDA ACUTA BURM. F.- A MEDICINAL PLANT WITH NUMEROUS POTENCIES,,,,,
"SOME PHYTOCHEMICAL, PHARMACOLOGICAL AND TOXICOLOGICAL PROPERTIES OF GINGER (ZINGIBER OFFICINALE ROSCOE): A REVIEW OF RECENT RESEARCH",,,,,
STANDARDISATION OF AVIPATTIKAR CHURNA- A POLYHERBAL FORMULATION,,,,,
"STANDARDIZATION OF AJMODADI CHURNA, A POLYHERBAL FORMULATION","Neeraj K Sriwastava, CS Shreedhara, HN Aswatha Ram.",Pharmacognosy Research,2010,2,2
STANDARDIZATION OF MARKETED KUMARIASAVA - AN AYURVEDIC ALOE VERA PRODUCT,,,,,
STRESS MODULATING ANTIOXIDANT EFFECT OF NARDOSTACHYS JATAMANSI,,,,,
STUDY OF ANTI-INFLAMMATORY ACTIVITY IN THE LEAVES OF NYCTANTHES ARBOR TRISTIS LINN.--AN INDIAN MEDICINAL PLANT,,,,,
"THE AYURVEDIC DRUG, KSHEERABALA, AMELIORATES QUINOLINIC ACID-INDUCED OXIDATIVE STRESS IN RAT BRAIN.",,,,,
THERAPEUTIC USES OF OCIMUM SANCTUM LINN (TULSI) WITH A NOTE ON EUGENOL AND ITS PHARMACOLOGICAL ACTIONS: A SHORT REVIEW,,,,,
"TRADITIONAL PRACTICE, BIOACTIVITIES AND COMMERCIALIZATION POTENTIAL OF ELEPHANTOPUS SCABER LINN",,,,,
ANALGESIC ACTIVITY OF VITEXIN,,,,,
AN INVESTIGATION ON THE ANTI-INFLAMMATORY ACTIVITY OF PEDILANTHUS TITHYMALOIDES POIT,,,,,
"ANTI INFLAMMATORY ACTIVITY OF LIPPIA NODIFLORA, CLERODENDRON PHLOMOIDES AND DELONIX KLATA",,,,,
ANTI ULCER ACTIVITY OF LOHASAVA AND WOOD FORDIA FLORIBUNDA IN COMPARISON TO CIMETIDINE IN SHAY RAT,"P.K.Panda, B.C. Das, S.K. Sahu.",The Journal of Research and Education in Indian Medicine,1993,1,4
"ANTIBIOTIC EFFICACY OF HERBAL OINTMENTS CONTAINING ACALYPHA INDICA, TRIDAX PROCUMBENS AND AZHARDICTA INDICA",,,,,
ANTICANDIDAL ACTIVITY OF AZADIRACHTA INDICA,,,,,
ANTI-INFLAMMATORY ACTIVITY OF DALBERGIA SISSOIDES,,,,,
COMPARISON OF THE ANTI-INFLAMMATORY ACTIVITY OF ECLIPTA ALBA (BHANGRA) AND SOLANUM NIGRUM (MAKOKHUSHK) IN RATS,,,,,
DEVELOPMENT OF PREGNANCY IN RATS TREATED WITH HYPERICUM PERFORATUM,,,,,
FLAVONOIDS OF THE LEAVES OF BASSIA BUTYRACEA (ROXB.) : A SCIENTIFIC APPRAISAL,,,,,
EVALUATION OF ANTIBACTERIAL ACTIVITY OF TRIBHUVANA KIRTI RASA,,,,,
"QUALITY ASSESSMENT OF DIFFERENT MARKETED BRANDS OF DASAMOOLARISTAM, AN AYURVEDIC FORMULATION",,,,,
STANDARDIZATION OF SWASAKUTHARA RASA,,,,,
STANDARDIZATION OF TRIBHUVANKIRTI RASA,"Subrata De, K.K.Dave.",The Journal of Research and Education in Indian Medicine,1989,8,4
STUDIES ON MECHANISM OF ACTION OF SEMECARPUS ANACARDIUM IN RHEUMATOID ARTHRITIS,,,,,
"THE CHEMISTRY, PHARMACOLOGIC, AND THERAPEUTIC APPLICATIONS OF POLYALTHIA LONGIFOLIA",,,,,
A CLINICAL AND EXPERIMENTAL STUDY ON MEDHYA EFFECT OF AINDRI (BACOPA MONNIERI LINN.),,,,,
A PRELIMINARY STUDY OF ANTIFERTILITY EFFECT OF AN INDIGENOUS DRUG-ARJUNA (TERMINALIA ARJUNA W. & A.),,,,,
A PRELIMINARY STUDY ON THE CARDIOTONIC AND CARDIOPROTECTIVE EFFECT OF HIRDYA RATTAN-AN AYURVEDIC COMPOUND,,,,,
"ANALGESIC, ANTI-INFLAMMATORY AND IMMUNOSUPPRESSANT EFFECT OF STROBILANTHES HEYNEANUS NEES, STEM",,,,,
ANALYTICAL AND ANTITUMOUR STUDIES ON CYAVANAPRASA,,,,,
ANTHELMINTIC ACTIVITY OF ZANTHOXYLUM ALATUM (TEJBAL),,,,,
ANTICANCEROUS REAGENTS FROM SOME SELECTED INDIAN MEDICINAL PLANTS I : SCREENING STUDIES AGAINST SARCOMA 180 ASCITES,,,,,
ANTI-DIURETIC STUDY OF NARDIYALAXMI VILAS RAS MISHRAN IN ALBINO-RATS,"1. D.P. Singh Maurya, 2. B.N.Sannd, 3. Ram Swaroop.",Journal of Research in Ayurveda and Siddha,1982,3,3-4
ANTI-FERTILITY ACTIVITY OF AN INDIGENOUS MEDICINE AYUSH-AC-IV,,,,,
ANTI-INFLAMMATORY EFFECT OF STROBILANTHES HEYNEANUS LEAVES - A BIOCHEMICAL STUDY,,,,,
"ANTI-INFLAMMATORY, ANTI-ARTHRITIC AND ANALGESIC ACTIVITIES OF TRIPHALA",,,,,
"ANTI-INFLAMMATORY, ANTI-ARTHRITIC, ANALGESIC AND TOXICITY STUDIES OF LIRIODENINE- AN ALKALOID FROM AQUILARIA AGALOCHA ROXB",,,,,
ANTI-TUMOR STUDIES ON A NEW HERBO-MINERAL : COPPER (II) COMPLEXES WITH PRIEURIANIN ISOLATED FROM AMOORA ROHITUKA W. & A.,,,,,
CONTROLLED EXPERIMENTAL STUDY OF GHANASATWA (ECLIPTA ALBA),,,,,
EFFECT OF ANETHOLE ON ACCESSARY SEX TISSUE OF ALBINO RATS,,,,,
EFFECT OF FEEDING NEEM (AZADIARACHTA INDICA A. JUSS.) OIL ON REPRODUCTIVE ORGANS OF MALE RATS,,,,,
EVALUATION OF EFFICACY OF MAKARADHVAJA IN EXPERIMENTAL ANIMALS,,,,,
EXAMINATION OF BIO-CHEMICAL PARAMETERS AFTER ADMINISTRATION OF GANGETIN IN FEMALE ALBINO RATS,"1. Muzaffer Alam, 2. N.R.Pillai, 3. K.K.Purushothaman.",Journal of Research in Ayurveda and Siddha,1982,3,3-4
LITHONTROPIC EFFECT OF MALLOTUS PHILIPPENSIS MUELL.- ARG. (KAMALA),,,,,
MOBILIZATION OF GLYCOGEN IN THE REPRODUCTIVE ORGANS OF CYCLIC AND SPAYED RATS TREATED WITH MORINGA OLEIFERA LAM. EXTRACT,,,,,
OESTROGENIC ACTIVITY OF AYUSH AC-4,,,,,
PHARMACOLOGICAL EVALUATION OF COMPOUND AYURVEDIC PREPARATIONS PART- B - MANDOORA VATAKA,,,,,
PHARMACOLOGICAL EVALUATION OF AYURVEDIC PREPARATION AMRTHOTTARAM KWATHA,,,,,
PHARMACOLOGICAL STUDIES ON DASAMULA KVATHA - PART II,,,,,
PHARMACOLOGICAL STUDIES ON FRUIT OF MELIA AZEDARACH LINN.,,,,,
PHARMACOLOGICAL STUDIES ON LIPPIA NODIFLORA MICH. PART: A : PETROLEUM ETHER AND CHLOROFORM EXTRACTS,,,,,
PHARMACOLOGICAL STUDIES ON RALTACANDANA (PTEROCARPUS SANTALINUS LINN.),,,,,
PRELIMINARY PHARMACODYNAMIC STUDIES ON TRIANTHAMA PORTULACASTRUM (LAL SABUNI),S.K. Gupta.,Journal of Research in Ayurveda and Siddha,1980,2,4
PROTECTIVE EFFECT OF PICRORRHIZA KURROOA AGAINST CUTANEOUS VACCINIAL (VIRAL) INFECTION IN GUINEA PIGS,,,,,
"SAFETY AND EFFICACY OF MAKARADHWAJA, AN INORGANIC MERCURY - CONTAINING AYURVEDIC PREPARATION : STUDY ON EXPERIMENTALLY INDUCED RENAL DAMAGE IN RABBITS",,,,,
SOME C.N.S. EFFECTS OF HYDROCOTYLE ASIATICA LINN.,,,,,
SOME PHARMACOLOGICAL STUDIES ON AGERATUM CONYZOIDES,,,,,
SOME PHARMACOLOGICAL STUDIES ON FEMALE PALM OF BORASSUS FLABELLIFER LINN. (PALMYRA PALM),,,,,
SOME PHARMACOLOGICAL STUDIES ON THE STEM BARK OF MILLINGTONIA HORTENSIS LINN.,,,,,
EXPERIMENTAL STUDIES ON THE STANDARDISATION OF CURNAS (AMALAKYADI CURNA),,,,,
HYPOGLYCAEMIC AND TOXICITY STUDIES OF TRIPHALA-A SIDDHA DRUG,,,,,
SUBACUTE TOXICITY STUDIES ON VICOLIDE B IN ALBINO RATS,,,,,
TOXICITY STUDIES ON ECHITAMINE CHLORIDE A POTENTIAL ANTICANCER DRUG,"1. Mohana Krishnaswamy, 2. T. Susan, 3. D. Radhakrishna Reddy, 4. R. Bhima Rao, 5. A. B. Kundu.",Journal of Research in Ayurveda and Siddha,1991,12,1-2
EFFECT OF BOERHAAVIA DIFFUSA LINN. EXTRACT ON THE ACTIVITIES OF ENZYME SYSTEM (II) IN VIVO STUDY ON CATALASE AND ADENOSINE TRIPHOSPHATASE (AT PASE),,,,,
EFFECTS OF BOERHAVIA DIFFNSA LINN. EXTRACT ON THE ACTIVITIES OF ENZYME SYSTEMS (I) IN VITRO STUDY ON AMYLASE AND CHOLINESTERACE ACTIVITIES,,,,,
IN VITRO ACTION OF DADIMA (PUNICA GRANATUM LINN.) AGAINST MICROORGANISMS INVOLVED IN HUMAN GASTROINTESTINAL INFECTION-ISLATION AND IDENTIFICATION OF TANNINS,,,,,
IN VITRO ACTION OF SELECTED MEDICINAL PLANTS AGAINST MICROORGANISMS INVOLVED IN HUMAN GASTROINTESTINAL INFECTIONS,,,,,
CONIDENDRIN: A LINGNAN FROM NEEDLES OF TAXUS BACCATA LINN.,,,,,
IDENTIFICATION OF CRUDE DRUGS A CASE STUDY OF ADULTERANTS,,,,,
IN-VITRO ANTIMICROBIAL POTENTIAL OF BLUMEA LACERA AND BLUMEA ERIANTHA,,,,,
"MEDICINAL USES OF FLOWERING PLANTS BY THE LOCAL PEOPLE OF SAMDONG, EAST SIKKIM",,,,,
"MEDICO ETHNO BOTANICAL STUDIES OF MIZORAM (KOLASIB, AIZAWL, DARLAWN AND CHAMPHAI DISTRICTS)",,,,,
PHARMACOGNOSTICAL STUDY OF ROOTS OF MERREMIA EMARGINATA (BURM. F.) HALL. F.AND MERREMIAAEGYPTIA (LINN.) URBAN,"1. Suman Kumari, 2. VJ. Shukla, 3. Alka Agarwal.",Journal of Research in Ayurveda and Siddha,2009,30,1-2
A COLORIMETRIC METHOD TO STANDARDISE CANDRAPRABHAVATI,,,,,
ANALYTICAL AND MICROBIOLOGICAL INVESTIGATIONS TO STANDARDIZE JATYADI GHRTA,,,,,
ANALYTICAL STUDY OF TALISADYA CHURNA,,,,,
CHARACTERISATION OF SAFFRON,,,,,
CONTRIBUTION TO THE PROCESS AND PRODUCT STANDARDISATION OF 777 OIL USED IN PSORIASIS,,,,,
DIFFERENTIATION BETWEEN GOROCHANA (STONE FORMING BILE OF BOVINE ORIGIN) AND DESICCATED BOVINE BILE PART-I: SEMI-QUANTITATIVE ANALYSIS,,,,,
MICRO-BIOLOGICAL SCREENING OF CHHANG TABLETS FROM LADAKH,,,,,
MICROBIOLOGICAL SCREENING OF DHATAKI FLOWERS,,,,,
PHYSICO-CHEMICAL CHANGES IN MURCHANA TAILA AND BALASVAGANDHALAKSADI TAILA ON ABHYANGA,,,,,
PHYSICO-CHEMICAL STUDY OF ASHOKARISTA,"1. R.B. Saxena, 2. M.V. Dholakia, 3. H.C. Mehta.",Journal of Research in Ayurveda and Siddha,1980,2,3
PREPARATION OF RASAOUSHADHIS AND THEIR STANDARDIZATION,,,,,
PRESENCE OF GOLD IN SWARNA BASANT MALTI,,,,,
PROCESS STANDARDISATION : A SIMPLE STUDY OF KWATHA CURNAS,,,,,
ROLE OF WOODFORDIA FRUITICOSA KURZ (DHATAKI) IN THE PREPARATION OF ASAVAS AND ARISHTAS,,,,,
SOME OBSERVATIONS ON THE KWATHA AND SANDANA OF AMRITARISHTAM AND ABHYARISHTAM,,,,,
STANDARDISATION OF ANU TAILA,,,,,
STANDARDISATION OF BHRINGARAJA TAILA,,,,,
STANDARDISATION OF KRIMIMUDGARA RASA,,,,,
STANDARDISATION OF MURCHHITA KATU TAILA,,,,,
STANDARDISATION OF SARASVATARISTA,"R.B.Saxena, A.R.O., Mrs. N.R. Sarda, (Lab. Technician).",Journal of Research in Ayurveda and Siddha,1991,12,3-4
STANDARDISATION OF SUKUMARA GHRTA,,,,,
STANDARDISATION OF TIRIKATUKUCCURANAM,,,,,
STANDARDISATION STUDIES ON NARACH-RASA (A CHEMICAL AND MICROSCOPICAL EVALUATION).,,,,,
STANDARDISATION STUDIES ON SOME DASAMULA CONTAINING FORMULATIONS,,,,,
STANDARDISATION OF PANCAGUNA TAILA,,,,,
STUDIES IN STANDARDIZATION OF AVALEHAS-PART-III VASAVALEHA,,,,,
STUDIES ON CHEMISTRY OF YASAD BHASMA,,,,,
STUDIES ON COMMERICAL CHYAVANAPRASHA,,,,,
STUDIES ON THE FERMENTATION OF DASAMULARISHTA,,,,,
STUDIES ON THE KHADIRARISHTA PREPARED ACCORDING TO TEXTUAL AND MODIFIED METHOD,"1. Muzaffer Alam, 2. K.K.S. Dasan, 3. S.Joy, 4. R.G. Hemsaveni, 5. K.K. Purushothaman.",Journal of Research in Ayurveda and Siddha,1987,8,3-4
STUDIES ON THE STANDARDISATION OF HINGUADI TAILA,,,,,
TESTS TO DETECT ADULTERATION IN ASAVAS AND ARISHTAS,,,,,
VEHICLE EFFECT ON MICROBES,,,,,
BIO-CHEMICAL STUDIES ON THE STANDARDISATION OF ARISHTA AND ASAVA,,,,,
BIOLOGICAL DRUG STANDARDISATION OF MEDICINAL PLANTS & THEIR PREPARATIONS,,,,,
STANDARDISATION OF AN AYURVEDIC FORMULATION - VACALASUNADI (BILVAPATRA) TAILA,,,,,
PHARMACOGNOSTICAL STUDIES ON THE STEM AND LEAF OF AGERATUM CONZYOIDES LINN.,,,,,
PHARMACOGNOSY OF DATURA METEL VAR. FASTUOSA LEAF,,,,,
"PHARMACOLOGICAL EVALUATION OF NILAVEMBU KUDINEER FOR ANTIPYRETIC, ANALGESIC AND ANTI-INFLAMMATORY ACTIVITIES",,,,,
PHYTOCHEMICAL INVESTIGATION ON RIVINA HUMILIS LINN.,"Anand Prakashm, D.P. Belsare, R.S Srivastava, R.K. Verma.",Bulletin of Medico-Ethno-Botanical Research,1981,2,3
PHYTOCHEMICAL SCREENING OF SOME MEDICINAL PLANTS USSED IN AYURVEDIC SYSTEM OF MEDICINE,,,,,
PRELIMINARY STUDIES ON THE BIOLOGICAL EFFECTS OF SHORT TERM URINE THERAPY IN MALE ALBINO RATS,,,,,
REPURCUSSION OF EXPERIMENTAL KRIMIJA GRAHANI (GIARDIASIS) ON THYROID IN ALBINO RATS,,,,,
STUDIES ON SOME AVICENNAS CARDIAC DRUGS (SERIES IV),,,,,
STUDIES ON THE MEDICINAL PLANTS OF TUGHLAQABAD IN SOUTH DELHI,,,,,
THE PREGNANCY INTERCEPTORY EFFICACY OF COMMON KULFA (PORTULACA) SEEDS IN LABORATORY RODENTS,,,,,
UTERINE RESPONSE OF EMBELIN IN IMMATURE RATS,,,,,
USEFUL MEDICINAL PLANTS OF LALITPUR SUB-FOREST IN BUNDEL KHAND. (BUNDELCHAND VRITH KE LALITPUR VAN KSHETRA KI PARAMPARAGAT UPAYOGI VANAUSHADHIAH),,,,,
A FACT FINDING SURVEY AMONG 'RABHAS'-A TRIBAL GROUP OF WEST BENGAL,,,,,
ANTI-CONVULSANT ACTIVITY OF JADWAR DELPHINTUM DENUDATUM WALL,A.B. Khan.,Journal of Research in Ayurveda and Siddha,1982,3,3-4
BOTANICAL IDENTITY OF BALANGA,,,,,
EFFECT OF NEUTRACEUTICAL RASAYANA FOOD SUPPLEMENTS ON CERTAIN PHYSICAL AND PHYSIOLOGICAL PARAMETERS IN FIRST AYURVEDIC CLINICAL TRIAL AT ANTARTICA,,,,,
IN VITRO ANTIFUNGAL ACTIVITY OF SOME ESSENTIAL OILS,,,,,
TESTING OF ESSENTIAL OIL OF ARTEMISIA PARVIFLORA ON BACTERIA,,,,,
HEPATOPROTECTIVE PLANTS IN THE NILGIRI DISTRICT OF INDIA: A SURVEY,,,,,
"ETHNO-MEDICINAL USES OF PLANTS BY THE THARUS OF KHERI DISTRICT, UP",,,,,
MEDICINAL PLANT WEALTH OF THE KARIMNAGAR DISTRICT OF ANDHRA PRADESH,,,,,
A STUDY OF TREE FLORA OF BHOPAL WITH SPECIAL REFERENCE TO THEIR MEDICINAL VALUES,,,,,
PHARMACOLOGICAL EVALUATION OF VITEX NEGUNDO (NIRGUNDI) LEAVES,,,,,
ANALYSIS OF BAL RASAYAN - AN AYURVEDIC DRUG,"1. A. Saraswathy, 2 M. Pappa, 2. S.Rukmani, 3. P. Brindha.",Bulletin of Medico-Ethno-Botanical Research,2001,22,1-4
CHEMICAL AND PHARMACOLOGICAL EVALUATION OF DIFFERENT AYURVEDIC PREPARATIONS OF IRON,,,,,
THERAPEUTIC USES OF SWARNAMAKSHIKA BHASMA (A CRITICAL REVIEW),,,,,
PALASA (BUTEA MONOSPERMA (LAMK.) TAUB.) AND ITS MEDICO - HISTORICAL STUDY,,,,,
PHARMACOGNOSTIC AND PHYTOCHEMICAL STUDY OF FRUIT AND SEED OF TAMARINDUS INDICA LINN.,,,,,
EFFECT OF SHODHAN ON ALKALOIDAL CONTENT OF KUCHALA (STRYCHNOS NUXVOMICA LINN.),,,,,
STANDARDIZATIN OF MEDHYARASAYANA USED IN THE MANAGEMENT OF MANODVEGA,,,,,
CHEMICAL EVALUATION OF TRIPHALA GUGGULU,,,,,
STANDARDIZATION OF KSARA SUTRA,,,,,
A STUDY OF PHOTO-TOXIC PROPERTIES OF KAKODUMBER (FICUS HISPIDA LINN.),,,,,
STUDIES ON KUMARYASAVA,"1. G.C.Bhavsar, 2. M.G. Chauban, 3. U.M. Upadhyay.",Journal of Research in Ayurveda and Siddha,1990,11,1-2
ON STANDARDISATION OF AYUSH- 56- AN ANTIEPILEPTIC DRUG,,,,,
IMMUNOMODULATING AGENTS OF PLANT ORIGIN I: PRELIMINARY SCREENING,,,,,
"MAGICO RELIGIOUS BELIEFS ABOUT PLANTS IN MEENA TRIBE OF SAWAI MADHOPUR, RAJASTHAN",,,,,
STUDIES ON DISTRIBUTIONAL PATTERN OF THREATENED HERBAL RESOURCES OF HIGH ALTITUDE HIMALAYA OF UTTAR PRADESH - THEIR STATUS AND CONSERVATION STRATEGY,,,,,
REQUIREMENT OF SCIENTIFIC DOCUMENTATION FOR THE DEVELOPMENT OF NATUROPATHY,,,,,
"STUDIES ON MEDICINAL PLANTS USED FOR ABORTION BY IRULARS OF COIMBATORE DISTRICT, TAMIL NADU, INDIA",,,,,
PHARMACOGNOSTIC STUDY OF NAGAKESHARA (MESUA FERREA L.) - STEM BARK AND LEAF,,,,,
PHARMACOGNOSTIC STUDY OF TAMARINDUS INDICA LINN. LEAF,,,,,
PHARMACOGNOSTICAL STUDY OF TAMARINDUS INDICA LINN. ROOT,,,,,
PHARMACOGNOSTICAL STUDY OF MANILKARA HEXANDRA (ROXB.) DUBARD - LEAF AND ROOT,"B.G. Chaudhari, M.V. Sathe.",Bulletin of Medico-Ethno-Botanical Research,2005,26,3-4
PHARMACOGNOSY OF SOME CRUDE DRUGS AND ITS IMPLICATION ON GOOD MANUFACTURING PRACTICES IN INDIAN SYSTEM OF MEDICINE,,,,,
PHARMACOGNOSY OF SUSHAVI (CALYCOPTERIS FLORIBUNDA LAM.),,,,,
PHARMACOLOGICAL STUDIES ON LODHRASAVA,,,,,
PHYSICO - CHEMICAL STANDARDISATION OF LIPPIA NODIFLORA MICH.,,,,,
RESEARCH METHODOLOGY IN INDIGENOUS DRUGS,,,,,
SOME RARE MEDICINAL PLANTS IN ARUNACHAL PRADESH: NEED FOR THEIR CONSERVATION,,,,,
STANDARDIZATION OF Ayurvedic FORMULATIONS : A SCIENTIFIC REVIEW,,,,,
STANDARDIZATION STUDIES ON ARJUNARISHTA,,,,,
STRUCTURAL IDENTITIES OF THE COUMARINS OF HERACLEUM SPP.,,,,,
STUDIES ON GAMBASU A CELESTIAL DRUG FROM KUMAON HIMALAYA,"1. G.C. Joshi, 2. K.C. Tewari.",Bulletin of Medico-Ethno-Botanical Research,2003,24,1-4
MEDICO- ETHNO-BOTANICAL OBSERVATION OF CHANGLANG AND LOHIT DISTRICTS OF ARUNACHAL PRADESH,,,,,
ETHNO - BOTANY OF GENUS SESBANIA FROM INDIA,,,,,
ETHNOMEDICINE IN INDIA AND AN APPROACH TOWARDS MEDICINAL ECOLOGY,,,,,
CHEMICAL ANALYSIS OF ANTIFERTILITY DRUG PIPPALIYADI YOGA,,,,,
A MICROBIOLOGICAL VIEW OF RAW DRUGS SAFETY,,,,,
SOME EXPLORATIVE INFORMATION REGARDING JWARATIMIRABHASKARA AND ITS AUTHOR KAYASTHA CAMUNDA,,,,,
A PREPARATIVE AND ANALYTICAL STUDY OF AYURVEDIC BHASMAS WITH REGARDS TO NAGA BHASMA – PART I,,,,,
HISTORICAL REVIEW OF SVARNA MAKSIKA,,,,,
COMPARATIVE POWERED DRUG ANALYSIS OF AERIAL AND UNDERGROUND ROOTS OF FICUS RUMPHII BLUME (ASHMANTAKA),,,,,
CONTRAVERSIES IN DRUG AND INDUSTRY ITS MEASURES: A VIEW POINT,A. Narayana.,Bulletin of the Indian Institute of History of Medicine,2003,33,
EFFECT OF VARIOUS TREATMENTS ON SEED GERMINATION OF URARIA PICTA DESV. (PRISNIPARNI),,,,,
PARIJATA - A MEDICO HISTORICAL REVIEW,,,,,
PHARMACOGNOSTIC AND PHYTOCHEMICAL STUDY OF TAMARINDUS INDICA LINN. - STEM BARK,,,,,
PHARMACOGNOSTIC STUDY OF MEDASAKA - LITSEA GLUTINOSA (LOUR.) C.B. ROBINS - STEM BARK.,,,,,
CLINICAL STUDY ON STANDARDIZATION OF SODHANARTHA ABHYANTARA SNEHANA,,,,,
MICROBIAL FLORA OF AIR,,,,,
A STUDY ON EFFICIENT DRYING OF LIQUORICE (GLYCYRRHIZA GLABRA),,,,,
CRUDE DRUG INDENTICATION - AN ESSENTIAL NEED.,,,,,
COMPARATIVE PHYTOCHEMICAL STUDIES OF NATURALLY GROWING AND TISSUE CULTURED PLANTS OF VIOLA SERPENS WALL.,,,,,
FLORA OF THE HOLY BIBLE PART I - FRUITS,G.V.R. Joseph.,Bulletin of the Indian Institute of History of Medicine,2002,32,
DISTRIBUTION STATUS OF MEDICINAL PLANTS - CONSERVATION AND COMMERCIAL CULTIVATION IN ARUNACHAL PRADESH WITH SPECIAL REFERENCE TO NATIONAL MEDICINAL PLANTS BOARD,,,,,
EFFECT OF GIBBERLLIC ACID TREATMENT ON SEED GERMINATION OF ASHWAGANDHA (WITHANIA SOMNIFERA DUNAL),,,,,
EFFECT OF VARIOUS TREATMENTS ON SEED GERMINATION OF DESMODIUM GANGETICUM (L.) DC. (SHALAPARNI),,,,,
"A SUCCESSFUL METHOD OF SEED GERMINATION TECHNIQUE OF GUGGULU AT GUGGULU HERBAL FARM, MANGLIAWAS, AJMER",,,,,
GLIMPSES OF THE HISTORY OF INSULIN,,,,,
IN VITRO CORM FORMATION IN CROCUS SATIVUS L.,,,,,
"JOHN FORBES ROYLE, BOTANIST - MEDICAL HISTORIAN - TEACHER - AND BENEFACTOR OF BRITISH EMPIRE",,,,,
MEDICINAL WEALTH OF NORTH - EAST REGION AND THEIR EXPLOITATION,,,,,
MANNA: A HOLISTIC FOOD SUBSTANCE AND A DRUG,,,,,
GERMINATION STUDIES ON GARDENIA TURGIDA ROXB. - A RARE AYURVEDIC MEDICINAL PLANT,"1. Azra Yasmeen, 2. Gajendra Rao, 3. A.V. Bhat, 4. T. Bikshapathi.",Bulletin of Medico-Ethno-Botanical Research,2005,26,1-2
STUDIES ON SOME AMCHI-MEDICINAL PLANTS GROWING ALONG INDUS RIVER OF LADAKH HIMALAYA,,,,,
UDUMBARA (FICUS GLOMERATA ROXB.) A MEDICO-HISTORICAL REVIEW.,,,,,
"EXOTIC MEDICINAL PLANTS OF DISTRICT LALITPUR, UTTAR PRADESH",,,,,
STUDIES ON SOME OF ANIMAL ORIGIN DRUGS AND THEIR ALLIED PREPARATIONS IN AYURVEDA,,,,,
X-RAY DIFFRACTION STUDY OF AYURVEDIC GANDHAKA,,,,,
PHYSICAL AND CHEMICAL PROPERTIES OF AYURVEDIC GANDHAKA (SULPHUR),,,,,
SHILAJIT (TAK-JOON),,,,,
STANDARDISATION OF METHOD OF MANUFACTURE - ARJUNARISTA,,,,,
MICROMORPHOLOGICAL STUDIES ON THE RHIZOME OF SANSEVIERIA ROXBURGHIANA SCHULT.,,,,,
MICROSCOPIC OBSERVATIONS ON FRUITS OF CYPHOMANDRA BETACEAE (CAV.) SENDT.,"1. A. Saraswathy, 2. A. Lokho, 3. K.N. Sunil Kumar, 4. K. Amala.",Journal of Drug Research in Ayurveda and Siddha,2008,29,3-4
PHARMACOGNOSTICAL STUDIES OF ANNONA SQUAMOSA LINN. -LEAF,,,,,
PHARMACOGNOSTICAL STUDIES ON THE FRUITS OF AGATHI-SESBANIA GRANDIDLORA(L.) POIR,,,,,
POWDER MICROSCOPY AND PHYTOCHEMICAL STUDIES OF AYURVEDIC SINGLE DRUG- APAMARGA (ACHYRANTHUS ASPERA LINN.),,,,,
POWDER MICROSCOPY AND TLC PROFILE OF SOME CRUDE DRUGE USED IN AYURVEDA,,,,,
TOXICOLOGICAL STUDIES ON SOME SYURVEDIC PREPARATIONS (BHASMAS),,,,,
IN- VITRO PROPAGATION OF 'PATHA' (CISSAMPELOS PAREIRA L.),,,,,
CHARACTERISATION OF A SACCHAROMYCES SPECIES FROM MADHUCA FLOWERS,,,,,
MEDICINAL MANGROVES AND HALOPHYTES OF MAHARASHTRA COAST,,,,,
MEDICO - HISTORICAL REVIEW OF DRUG KUSTHA (SAUSSUREA LAPPA C.B. CLARKE),,,,,
TRIBAL HEALTH CARE RESEARCH PROGRAMME IN RAMTEK TEHSIL OF NAGPUR DISTRICT (M.S) - AN OBSERVATIONAL STUDY,"1. T.Maheswar, 1. G.Venkateshwarlu, 2. Manoj K.Singh, V.A. Prabhakaran.",Journal of Research in Ayurveda and Siddha,2008,29,2
SPINASTEROL FROM THE STEM BARK OF SYMPLOCOS SPICATA ROXB. AND ITS PRELIMINARY PHARMACOLOGICAL STUDY,,,,,
EFFECT OF CERTAIN GROWTH REGULATIONS ON SEED GERMINATION OF TECOMELLA UNDULATA G. DON. (MARWAR TEAK),,,,,
A SURVEY ON HERBACEOUS ETHNO-MEDICINAL PLANTS USED IN THE TREATMENT OF VARIOUS AILMENTS PREVALENT IN THE BHIL TRIBE OF RATLAM DISTRICT (M.P) INDIA,,,,,
ACTION OF PLUMBAGIN ON ERYTHROCYTES - AN IN VITRO STUDY,,,,,
ACUTE AND SUB-ACUTE TOXICITY STUDIES OF NIMBIDINE,,,,,
STUDY OF MURCHHITA - TILA TAILA,,,,,
STUDIES ON MUSTAKARISHTA PREPARED ACCORDING TO TEXTUAL AND MODIFIED METHODS,,,,,
STUDIES ON SEED GERMINATION OF ACACIA SINUATA (LOUR.) MERRIL (SAPTALA),,,,,
"BIOEFFICACY OF THE ROOTS OF DELPHINIUM DENUDATUM (DD) WALL, AGAINST CURVULARIA LUNATA",,,,,
MEDICO - HISTORICAL STUDY OF ASVATTHA (SACRED FIG TREE),"1. P.V.V. Prasad, 2. P.K.J.P. Subhaktha, 3. Ala Narayana, 4. M. Mruthyumjaya Rao.",Bulletin of the Indian Institute of History of Medicine,2006,36,
NEED FOR CONSERVATION OF MEDICINAL PLANTS - REVIEW,,,,,
OBSERVATION ON THE ROLE OF DHATAKI FLOWERS IN THE FERMENTATION OF ASAVAS AND ARISHTAS,,,,,
PHARMACOLOGICAL EVALUATION OF COMPOUND AYURVEDIC PREPARATION - VILWADI GUTIKA,,,,,
PHARMACOLOGICAL EVALUATION OF COMPOUND AYURVEDIC PREPARATION (PART A: DHANWANTARA GUTIKA),,,,,
PHARMACOLOGY OF VITEX NEGUNDO LINN. (NIRGUNDI) ROOT,,,,,
SCIENTIFIC EXPOSITION ON MEDICINAL PLANTS INDICATED IN PAINFUL OPHTHALMIC CONDITIONS: AN AYURVEDIC PHARAMACOLOGICAL PERSPECTIVE,,,,,
INVESTIGATIONS ON AYURVEDIC DRUGS PREPARATIONS FOR ANTIVENOM ACTIVITY - A PRELIMINARY SCREENING,,,,,
IMPORTANT HERBAL WEALTH OF LALITPUR FOREST DIVISION OF BUNDELKHAND CIRCLE U.P. PART-I,,,,,
DIURETIC EFFECT OF TRIANTHEMA PORTULACASTRUM LINN (VAISHAKHA),,,,,
ANTI-INFLAMMATORY ACTION OF DASHMULARISHTA AN AYURVEDIC DRUG- AGAINST CARRAGEENAN AND ADJUVANT MODEL IN RAT,Rajani Mathur.,Journal of Research in Ayurveda and Siddha,2009,30,3
ANTI-INFLAMMATORY AND ANTI-HYALURONDASE ACTIVITY OF THE VOLATILE OIL OF CURCUMA LONGA LINN. (HALDI),,,,,
"STANDARDISATION OF MURCCHITA KATU TAILA, VISHAMARICYADI TAILA AND BRHATMARICYADI TAILA",,,,,
BHAISHAJYA KALPANAA - THE AYURVEDIC PHARMACEUTICS - AN OVERVIEW,,,,,
APOPTOSIS INDUCTION OF CENTELLA ASIATICA ON HUMAN BREAST CANCER CELLS,,,,,
PROTECTIVE EFFECTS OF PUNICA GRANATUM SEEDS EXTRACT AGAINST AGING AND SCOPOLAMINE INDUCED COGNITIVE IMPAIRMENTS IN MICE,,,,,
CHEMOPREVENTIVE EFFICACY OF GINGER (ZINGIBER OFFICINALE) IN ETHIONINE INDUCED RAT HEPATOCARCINOGENESIS,,,,,
"PROTECTIVE ROLE OF WITHAFERIN-A ON RED BLOOD CELL INTEGRITY DURING 7,12-DIMETHYLBENZ A ANTHRACENE INDUCED ORAL CARCINOGENESIS",,,,,
ISOLATION AND CHARACTERIZATION OF ANTINEOPLASTIC ALKALOIDS FROM CATHARANTHUS ROSEUS L. DON. CULTIVATED IN EGYPT,,,,,
SCREENING OF TRADITIONALLY USED PLANTS FOR IN VIVO ANTIMALARIAL ACTIVITY IN MICE,,,,,
"ETHNOMEDICINAL PLANTS AND THEIR UTILIZATION BY VILLAGERS IN KUMARAGIRI HILLS OF SALEM DISTRICT OF TAMILNADU, INDIA",C Alagesaboopathi.,"African Journal of Traditional, Complementary and Alternative Medicines",2009,6,3
SCREENING OF ANTIBACTERIAL POTENTIALS OF SOME MEDICINAL PLANTS FROM MELGHAT FOREST IN INDIA,,,,,
ANTIHYPERGLYCEMIC EFFECT OF TRIGONELLA FOENUM-GRAECUM (FENUGREEK) SEED EXTRACT IN ALLOXAN-INDUCED DIABETIC RATS AND ITS USE IN DIABETES MELLITUS: A BRIEF QUALITATIVE PHYTOCHEMICAL AND ACUTE TOXICITY TEST ON THE EXTRACT,,,,,
ANTI-TRYPANOSOMAL EFFECTS OF AQUEOUS EXTRACT OF OCIMUM GRATISSIMUM (LAMIACEAE) LEAF IN RATS INFECTED WITH TRYPANOSOMA BRUCEI BRUCEI,,,,,
COMPARING THE CYTOTOXIC POTENTIAL OF WITHANIA SOMNIFERA WATER AND METHANOL EXTRACTS,,,,,
"PROTECTION OF SWIMMING-INDUCED OXIDATIVE STRESS IN SOME VITAL ORGANS BY THE TREATMENT OF COMPOSITE EXTRACT OF WITHANIA SOMNIFERA, OCIMUM SANCTUM AND ZINGIBER OFFICINALIS IN MALE RAT",,,,,
THE EFFECT OF AQUEOUS EXTRACTS OF HIBISCUS SABDARIFFA (SORREL) CALYCES ON HEAMATOLOGICAL PROFILE AND ORGAN PATHOLOGICAL CHANGES IN TRYPANASOMA CONGOLENSE - INFECTED RATS,,,,,
EVALUATION OF THE ANTIOXIDANT EFFECTS OF ZIZIPHUS MAURITIANA LAM. LEAF EXTRACTS AGAINST CHRONIC ETHANOL-INDUCED HEPATOTOXICITY IN RAT LIVER,,,,,
DIRECT DETECTION OF TRITERPENOID SAPONINS IN MEDICINAL PLANTS,,,,,
IN VITRO ANTIOXIDANT ACTIVITIES OF THE FRACTIONS OF COCCINIA GRANDIS L. LEAF EXTRACT,,,,,
ANTI-NOCICEPTIVE AND ANTI-INFLAMMATORY ACTIVITIES OF AQUEOUS LEAVES EXTRACT OF OCIMUM GRATISSIMUM (LABIATE) IN RODENTS,"1. Y Tanko, 2. G M Magaji, 2. M Yerima, 3. R A Magaji, 1. A Mohammed.","African Journal of Traditional, Complementary and Alternative Medicines",2008,5,2
HEPATOPROTECTIVE AND ANTIOXIDANT EFFECTS OF ARGYREIA SPECIOSA IN RATS,,,,,
PHYTO-CONSTITUENTS AND ANTI-OXIDANT ACTIVITY OF THE PULP OF SNAKE TOMATO (TRICHOSANTHES CUCUMERINA L.),,,,,
ANTIMICROBIAL ACTIVITY OF ESSENTIAL OILS OF OCIMUM GRATISSIMUM L. FROM DIFFERENT POPULATIONS OF KENYA,,,,,
"CLERODENDRON INERME PROTECTS CELLULAR INTEGRITY DURING 7,12-DIMETHYLBENZ A -ANTHRACENE INDUCED HAMSTER BUCCAL POUCH CARCINOGENESIS",,,,,
"ANTIMICROBIAL EFFECTS OF THREE TROPICAL PLANT EXTRACTS ON STAPHYLOCOCCUS AUREUS, ESCHERICHIA COLI AND CANDIDA ALBICANS",,,,,
BIOLOGICAL ACTIVITIES OF ASPARAGUS RACEMOSUS,,,,,
STUDIES ON EFFECT OF PIPERINE ON ORAL BIOAVAILABILITY OF AMPICILLIN AND NORFLOXACIN,,,,,
ROLE OF WORMWOOD (ARTEMISIA ABSINTHIUM) EXTRACT ON OXIDATIVE STRESS IN AMELIORATING LEAD INDUCED HAEMATOTOXICITY,,,,,
EVALUATION OF PHYTOCHEMICAL AND ANTIBACTERIAL POTENTIAL OF HELICTERES ISORA L. FRUITS AGAINST ENTERIC BACTERIAL PATHOGENS,,,,,
THE ANTIMALARIAL POTENTIAL OF MEDICINAL PLANTS USED FOR THE TREATMENT OF MALARIA IN CAMEROONIAN FOLK MEDICINE,"Vincent PK Titanji, Denis Zofou,Moses N Ngemenya.","African Journal of Traditional, Complementary and Alternative Medicines",2008,5,3
ANTIMICROBIAL ACTIVITY OF VARIOUS EXTRACTS OF OCIMUM BASILICUM L. AND OBSERVATION OF THE INHIBITION EFFECT ON BACTERIAL CELLS BY USE OF SCANNING ELECTRON MICROSCOPY,,,,,
UROLITHIC PROPERTY OF VARUNA (CRATAEVA NURVALA): AN EXPERIMENTAL STUDY,,,,,
ANTIPYRETIC ACTIVITY OF GUDUCHI GHRITA FORMULATIONS IN ALBINO RATS,,,,,
ANALGESIC EFFECT OF LEPIDIUM SATIVUM LINN. (CHANDRASHURA) IN EXPERIMENTAL ANIMALS,,,,,
"BOTANY, TAXONOMY AND CYTOLOGY OF CROCUS SATIVUS SERIES",,,,,
PHARMACEUTICAL STUDY OF LAUHA BHASMA,,,,,
ROLE OF MEDIA IN THE PREPARATION OF APAMARGA KSHARATAILA,,,,,
"A COMPARATIVE APPRAISAL OF PRISHNIPARNI (URARIA PICTA DESV.) AND ALYSICARPUS LONGIFOLIUS W. & A. PRODR. W.S.R. TO THEIR PHARMACOGNOSTICAL, PHYSICOCHEMICAL AND PHARMACOLOGICAL PROFILES",,,,,
A PHARMACOGNOSTICAL AND PHARMACOLOGICAL EVALUATION OF BADICHANG (SYMPHOREMA POLYANDRUM WIGHT.) W.S.R. TO ITS VISHAGHNA KARMA ON NAJA NAJA VENOM POISONING,,,,,
ROLE OF KAALA PRAKARSHA ON DRAVYAKARMUKATVA IN CONTEXT TO DIPANA KARMA OF PURANA & NAVYA VIDANGA (EMBELIA ROBUSTA C.B.CLARKE),"1. Sunil. J. Bamania, 2. Dr.T.N.Pandya, 3. Vd. B.R. Patel, 4. Harisha C.R.","M.D.(Ayu.)thesis,2011,Institute for Post Graduate Teaching and Research in Ayurveda, Gujarat Ayurved University, Jamnagar.
     762 Article Title: A PHARMACOGNOSTICAL AND PHARMACOLOGICAL EVALUATION OF A MALDIVIAN MEDICINAL PLANT KULHAFILA (LAUNEA SARMENTOSA(WILLD) SCHULTZ-BIP. EX KUNTZE)
     Article ID: 9005
     Authors: Scholar: 1. Yusriyya S, Guide: 2. Rabinarayan Acharya, Co-guide:3. Harisha CR, 4. V J Shukla.
     Research Status: Completed thesis work
     Medical System: Ayurveda",,,
A PHARMACOGNOSTICAL AND PHARMACOLOGICAL EVALUATION OF A MALDIVIAN MEDICINAL PLANT KULHAFILA (LAUNEA SARMENTOSA(WILLD) SCHULTZ-BIP. EX KUNTZE),,,,,
ROLE OF SHODHANA IN PREPARATION OF TAMRA BHASMA WITH RESPECT TO ITS ANTIHYPERLIPIDEMIC ACTIVITY,,,,,
SHELF LIFE STUDY ON SHATADHAUTA GHRITA AND PANCHAVALKALA SIDDHA SHATADHAUTA GHRITA WSR TO ITS WOUND HEALING ACTIVITY,,,,,
PHARMACEUTICAL STANDARDIZATION OF SAMEERA PANNAGA RASA AND ITS EFFECT ON TAMAKA SHWASA (BRONCHIAL ASTHMA),,,,,
A STUDY OF SHADAGUNA BALIJARITA MAKARADHWAJA PREPARED BY ASHTASAMSKARITA PARADA AND ITS EFFECT ON MADHUMEHA,,,,,
TOXICITY AND IMMUNOMODULATORY ACTIVITY OF FRACTIONS OF HIBISCUS SABDARIFFA LINN (FAMILY MALVACEAE) IN ANIMAL MODELS,,,,,
ANTIBACTERIAL ACTIVITY OF SOME FOLKLORE MEDICINAL PLANTS FROM SOUTH INDIA,,,,,
SPASMOGENIC EFFECT OF THE AQUEOUS EXTRACT OF TAMARINDUS INDICA L. (CAESALPINIACEAE) ON THE CONTRACTILE ACTIVITY OF GUINEA-PIG TAENIA COLI,,,,,
LIPID FRACTION CONSTITUENTS AND EVALUATION OF ANTI-ANAPHYLACTIC ACTIVITY OF PRUNUS MAHALEB L. KERNELS,,,,,
"ANTIMICROBIAL, WOUND HEALING AND ANTIOXIDANT ACTIVITIES OF ANTHOCEPHALUS CADAMBA","1. Prahalad Umachigi Sanjay, 1. G S Kumar, 3. KN Jayaveera, 1. Kumar DV Kishore, 2. Kumar CK Ashok, 1. R Dhanapal.","African Journal of Traditional, Complementary and Alternative Medicines",2007,4,4
"PREVENTION OF RADIATION INDUCED HEMATOLOGICAL ALTERATIONS BY MEDICINAL PLANT ROSMARINUS OFFICINALIS, IN MICE",,,,,
PHARMACOGNOSTICAL AND PHYTOCHEMICAL STUDIES OF ZINGIBER ZERUMBET (L.) SM. RHIZOME,,,,,
"STANDARDIZATION OF A POLYHERBAL AYURVEDIC FORMULATION, SULAHARAN YOGA",,,,,
A PRELIMINARY PHYTOCHEMICAL INVESTIGATION ON THE LEAVES OF SOLANUM XANTHOCARPUM,,,,,
PHARMACOGNOSTIC AND PRELIMINARY PHYTOCHEMICAL STUDY OF LAGERSTROEMIA SPECIOSA LEAVES,,,,,
"PHYTOSTEROLS FROM IN VIVO AND IN VITRO CULTRES OF TWO MEDICINAL PLANTS VIZ, ADHATODA VASICA AND AGERATUM CONYZOIDES",,,,,
EVALUATION OF ANTI-INFLAMMATORY AND ANALGESIC ACTIVITY OF PUNICA GRANATUM LINN LEAVES,,,,,
PREPARATION AND PHYSICOCHEMICAL ANALYSIS OF RASAKA BHASMA,,,,,
STANDARDIZATION OF GAJA PUTA AND ARDHA GAJA PUTA IN THE PREPARATION OF VANGA BHASMA,,,,,
PHARMACOGNOSTICAL EVALUATION OF BARRINGTONIA ACUTANGULA LEAF,"Dharamaraj Padmavathi, Lakshmi Susheela, Rajkishore Vijaya Bharathi.",International Journal of Ayurveda Research,2011,2,1
AERVA LANATA (LINN.) JUSS. EX SCHULT. - AN OVERVIEW,,,,,
EVALUATION OF MARKET SAMPLES OF 'YASHADA BHASMA' USING 'NAMBURI PHASED SPOT TEST',,,,,
TOXICOLOGICAL STUDY OF BALACATURBHADRIKA CHURNA,,,,,
EVALUATION OF THE ANTI-INFLAMMATORY ACTIVITY OF AEGLE MARMELOS (BILWA) ROOT,,,,,
EXPLORING THE POSSIBLE MECHANISMS OF ACTION BEHIND THE ANTINOCICEPTIVE ACTIVITY OF BACOPA MONNIERA,,,,,
"FERTILITY, DEVELOPMENTAL TOXICITY AND TERATOGENICITY IN ALBINO RATS TREATED WITH METHANOL SUB-FRACTION OF CARICA PAPAYA SEEDS",,,,,
INFLUENCE OF MOMORDICA CHARANTIA ON OXIDATIVE STRESS-INDUCED PERTURBATIONS IN BRAIN MONOAMINES AND PLASMA CORTICOSTERONE IN ALBINO RATS,,,,,
IN VITRO AND IN VIVO ANTIOXIDANT ACTIVITIES OF THE AQUEOUS EXTRACT OF CELOSIA ARGENTEA LEAVES,,,,,
"IN VITRO EVALUATION ON THE ANTIOXIDANT CAPACITY OF TRIETHYLCHEBULATE, AN AGLYCONE FROM TERMINALIA CHEBULA RETZ FRUIT",,,,,
"BLOOD COMPATIBILITY STUDIES OF SWARNA BHASMA (GOLD BHASMA), AN AYURVEDIC DRUG","Willi Paul, Chandra Prakash Sharma.",International Journal of Ayurveda Research,2011,2,1
A COMPARATIVE PHARMACOLOGICAL EVALUATION OF TAILA (OIL) AND GHRITA (GHEE) PREPARED WITH GUDUCHI (TINOSPORA CORDIFOLIA),,,,,
EVALUATION OF IMMUNOMODULATORY EFFECT OF RANAHAMSA RASAYANAYA - A SRI LANKAN CLASSICAL RASAYANA DRUG ON EXPERIMENTAL ANIMALS,,,,,
ISOLATION AND CHARACHERIZATION OF CHEMICAL CONSTITUENTS OF THE LEAVES OF BETULA UTILIS D. DON. (BHURJA),,,,,
THE PROMISE OF PHYTOESTROGENS,,,,,
NON-INFERIORITY CLINICAL TRIALS: PRACTICAL ISSUES AND CURRENT REGULATORY PERSPECTIVE,,,,,
CASSIA TORA LINN.: AN OVERVIEW,,,,,
PHARMACOLOGICAL STUDY OF THE PELTOPHORUM PTEROCARPUM FLOWER,,,,,
PHARMACOGNOSTIC EVALUATION AND PHYTOCHEMICAL STUDIES ON THE ROOTS OF AMARANTHUS TRICOLOR (LINN.),,,,,
BIOEFFACY OF TWO TRADITIONAL BOTANICAL INSECTICIDES AGAINST HUMAN HEAD LICE,,,,,
EFFECT OF SOME MEDICINAL HERBAL EXTRACTS ON CLINICALLY IMPORTANT BACTERIAL PATHOGENS,"A. Rekha, B. Bharathi, S. Ramesh.",International Journal of Pharmaceutical Sciences and Research,2011,2,9
ANTIBACTERIAL AND ANTIFUNGAL POTENTIAL OF FRUIT BODY EXTRACTS FROM DALDINIA CONCENTRICA (BOLTON) CESATI & DE NOTARIS,,,,,
ANTI-INFLAMMATORY ACTIVITY OF METHANOLIC EXTRACT OF AERIAL PARTS OF MOMORDICA CYMBALARIA HOOK F,,,,,
"IN VITRO ANTIOXIDANT AND FREE RADICAL SCAVENGING POTENTIAL OF HOLOSTEMMA ADA - KODIEN K. SCHUM., AN IMPORTANT RARE MEDICINAL PLANT",,,,,
ANTIBACTERIAL ACTIVITY OF METHANOLIC SEED COAT EXTRACT OF BORASSUS FLABELLIFER L.,,,,,
IRON IN AYURVEDIC MEDICINE,,,,,
EVALUATION OF ANALGESIC AND ANTI-INFLAMMATORY EFFECT OF TERMINALIA ARJUNA ETHANOL EXTRACT,,,,,
ANTI-ULCER PROPERTIES OF ALKALOIDS ISOLATED FROM THE FRUIT PULP OF CUCUMIS METULIFEROUS (CURCURBITACEAE),,,,,
ASSESSMENT OF CYTOTOXICITY AND ANTIBACTERIAL ACTIVITIES OF ETHANOLIC EXTRACTS OF KALANCHOE PINNATA LINN. (FAMILY: CRASSULACEAE) LEAVES AND STEMS,,,,,
IN VITRO EVALUATION OF ANTIOXIDANT ACTIVITY OF BLUE GREEN ALGAE SPIRULINA PLATENSIS,,,,,
ANTIMICROBIAL ACTIVITY OF ETHANOLIC AND AQUEOUS EXTRACT OF CAESALPINIA PULCHERRIMA FLOWERS,"Pushpendra S. Dhaked, Sunil N. Kshirsagar, D. M.Sakarar.",International Journal of Pharmaceutical Sciences and Research,2011,2,10
COMPARATIVE ANTIBACTERIAL STUDY OF DIFFERENT EXTRACT OF POMEGRANATE AND ITS WILD VARIETY,,,,,
ANTI ULCER ACTIVITY OF HELIOTRPIUM INDICUM LEAVES EXTRACT,,,,,
PROTECTIVE EFFECT OF COCCINIA INDICA LEAF EXTRACT AGAINST ALCOHOL COMBINED WITH CARBON TETRACHLORIDE AND PARACETAMOL INDUCED LIVER DAMAGE IN RATS,,,,,
EVALUATION OF ANTI-INFLAMMATORY ACTIVITY OF LEAVES OF ECLIPTA PROSTRATA LINN. (ASTERACEAE),,,,,
CHOLESTEROL ESTERASE ENZYME INHIBITORY AND ANTIOXIDANT ACTIVITIES OF LEAVES OF CAMELLIA SINENSIS (L.) KUNTZE. USING IN VITRO MODELS,,,,,
STANDARDIZATION OF KUTAJAGHANA VATI: AN AYURVEDIC POLYHERBAL FORMULATION,,,,,
"PHARMACOGNOSTIC EVALUATION OF CHONEMORPHA GRANDIFLORA, AN ENDANGERED MEDICINAL PLANT",,,,,
WOUND HEALING ACTIVITY OF LEAF OF NYCTANTHES ARBOR-TRISITIS (LINN.),,,,,
"INVESTIGATION ON REGIONAL VARIATION IN TOTAL PHENOLIC, ALKALOID CONTENT AND IN-VITRO ANTIOXIDANT ACTIVITY OF LEUCAS ASPERA",,,,,
STUDIES ON ANTI-OXIDANT ACTIVITY OF TRIGONELLA FOENUM GRAECUM SEED USING IN VITRO MODELS,"V. Priya, R. K. Jananie, K. Vijayalakshmi.",International Journal of Pharmaceutical Sciences and Research,2011,2,10
NEPHROPROTECTIVE ACTIVITY OF ETHANOLIC EXTRACT OF STEM BARKS OF CRATAEVA NURVULA BUCH HUM,,,,,
DETERMINATION OF QUERCETIN BY HPTLC METHOD PRESENT IN ZYMODYNE SYRUP- A POLY HERBAL FORMULATION,,,,,
ANTICONVULSANT STUDIES ON LEAF EXTRACT OF ERYTHRINA INDICA LAM.,,,,,
STUDIES ON ANTIULCER ACTIVITY OF ESSENTIAL OIL OF CALAMINTHA OFFICINALIS MOENCH.,,,,,
EFFECT OF MURVA (MAERUA OBLONGIFOLIA) ON ALLOXAN INDUCED DIABETES IN RATS,,,,,
STANDARD MANUFACTURING PROCESS OF MAKARADHWAJA PREPARED BY SWARNA PATRA-VARKHA AND BHASMA,,,,,
PHARMACOGNOSTIC STUDY OF LEPIDIUM SATIVUM LINN (CHANDRASHURA),,,,,
QUALITY CONTROL PARAMETERS OF NARIKELA KHANDA & GRANULES TWO HERBAL COMPOUND FORMULATIONS OF NARIKELA (COCUS NUCIFERA LINN),,,,,
CHANDRAKALA RAS: A CONCEPTUAL STUDY,,,,,
COMPARATIVE EVALUATION FOR THE YIELD AND PHYTOCONSTITUENTS AMONG CONVENTIONALLY AND AGRO TECHNOLOGICALLY CULTIVATED BHRINGARAJA WITH SPECIAL EMPHASIS ON ANTHELMINTIC PROPERTY,"1. Dr. Prakash L. Hegde, 2. Prof. Mahesh Chandra Sharma.",Journal of Ayurveda,2010,4,1
ISOLATION AND STANDARDIZATION OF NIMBATHIKTHAM – AN EFFECTIVE MEDICINE FOR PSORIASIS – FROM NEEM OIL,,,,,
"ETHNOBOTANICAL SURVEY OF ANTIDIARRHOEAL PLANTS OF PARINCHE VALLEY, PUNE DISTRICT, MAHARASHTRA, INDIA",,,,,
SELECTIVE TH1 UP-REGULATING ACTIVITY OF WITHANIA SOMNIFERA AQUEOUS EXTRACT IN AN EXPERIMENTAL SYSTEM USING FLOW CYTOMETRY,,,,,
THE AYURVEDIC MEDICINE CLITORIA TERNATEA - FROM TRADITIONAL USE TO SCIENTIFIC ASSESSMENT,,,,,
"SAUSSUREA COSTUS: BOTANICAL, CHEMICAL AND PHARMACOLOGICAL REVIEW OF AN AYURVEDIC MEDICINAL PLANT",,,,,
NIGELLA SATIVA (BLACK CUMIN) AMELIORATES POTASSIUM BROMATE-INDUCED EARLY EVENTS OF CARCINOGENESIS: DIMINUTION OF OXIDATIVE STRESS,,,,,
PATENTED ANTIINFLAMMATORY PLANT DRUG DEVELOPMENT FROM TRADITIONAL MEDICINE,,,,,
"PHARMACOMETRICS OF PTEROSTILBENE: PRECLINICAL PHARMACOKINETICS AND METABOLISM, ANTICANCER, ANTIINFLAMMATORY, ANTIOXIDANT AND ANALGESIC ACTIVITY.",,,,,
"PHYTOCHEMICAL, PHARMACOLOGICAL AND ETHNOBOTANICAL STUDIES IN MANGO GINGER (CURCUMA AMADA ROXB.; ZINGIBERACEAE)",,,,,
PLANT PRODUCTS AS ANTIMICROBIAL AGENTS,Marjorie Murphy Cowan.,Clinical Microbiology Reviews,1999,12,4
PODOPHYLLUM HEXANDRUM OFFERS RADIOPROTECTION BY MODULATING FREE RADICAL FLUX: ROLE OF ARYL-TETRALIN LIGNANS,,,,,
PRELIMINARY PHARMACOLOGICAL STUDIES ON PIPER CHABA STEM BARK,,,,,
"POSSIBLE ANORECTIC EFFECT OF METHANOL EXTRACT OF BENINCASA HISPIDA (THUNB). COGN, FRUIT",,,,,
PROPAGATION AND CONSERVATION OF PICRORHIZA KURROOA ROYLE EX BENTH.: AN ENDANGERED HIMALAYAN MEDICINAL HERB OF HIGH COMMERCIAL VALUE,,,,,
PREVENTIVE EFFECTS OF CASSIA AURICULATA L. FLOWERS ON BRAIN LIPID PEROXIDATION IN RATS TREATED WITH STREPTOZOTOCIN,,,,,
PREPARATION AND CHARACTERIZATION OF A COPPER BASED INDIAN TRADITIONAL DRUG: TAMRA BHASMA,,,,,
"PRELIMINARY STUDY ON CRYSTAL DISSOLUTION ACTIVITY OF ROTULA AQUATICA, COMMIPHORA WIGHTII AND BOERHAAVIA DIFFUSA EXTRACTS",,,,,
PRELIMINARY STUDIES ON THE INORGANIC CONSTITUENTS OF SOME INDIGENOUS HYPOGLYCAEMIC HERBS ON ORAL GLUCOSE TOLERANCE TEST,,,,,
"PRECLINICAL TOXICOLOGICAL ASSESSMENT OF A PHYTOTHERAPEUTIC PRODUCT - CPV (BASED ON DRY EXTRACTS OF CRATAEGUS OXYACANTHA L., PASSIFLORA INCARNATA L., AND VALERIANA OFFICINALIS L.).",,,,,
POTENTIAL THERAPEUTIC APPLICATION OF GOLD NANOPARTICLES IN B-CHRONIC LYMPHOCYTIC LEUKEMIA (BCLL): ENHANCING APOPTOSIS,"1,4. Priyabrata Mukherjee, 1. Resham Bhattacharya, 2. Nancy Bone, 2. Yean K Lee, 1. Chitta Ranjan Patra, 3,4. Shanfeng Wang, 3,4. Lichun Lu, 2. Charla Secreto, 1. Pataki C Banerjee, 3,4.Michael J Yaszemski, 2. Neil E Kay, 1,4. Debabrata Mukhopadhyay.",Journal of Nanobiotechnology,2007,5,4
POTENTIAL SYNERGISM OF NATURAL PRODUCTS IN THETREATMENT OF CANCER,,,,,
POTENTIAL OF VINCA ROSEA EXTRACTS IN MODULATING TRACE ELEMENT PROFILE: A CHEMOPREVENTIVE APPROACH.,,,,,
"POTENTIAL OF TRADITIONAL AYURVEDIC FORMULATION, TRIPHALA, AS A NOVEL ANTICANCER DRUG.",,,,,
POSTNATAL DEVELOPMENT AND REPRODUCTIVE PERFORMANCE OF F1 PROGENY EXPOSED IN UTERO TO AN AYURVEDIC CONTRACEPTIVE: PIPPALIYADI YOGA,,,,,
PLUMBAGIN-INDUCED APOPTOSIS IN HUMAN PROSTATE CANCER CELLS IS ASSOCIATED WITH MODULATION OF CELLULAR REDOX STATUS AND GENERATION OF REACTIVE OXYGEN SPECIES.,,,,,
PLANTS FOR MALE FERTILITY REGULATION,,,,,
PLANT-DERIVED NATURAL PRODUCT RESEARCH AIMED AT NEW DRUG DISCOVERY.,,,,,
ANTI-INFLAMMATORY EFFECTS OF PODOPHYLLUM HEXANDRUM (RP-1) AGAINST LIPOPOLYSACCHARIDES INDUCED INFLAMMATION IN MICE.,,,,,
"POST-ANTIFUNGAL EFFECTS OF THE ANTIFUNGAL COMPOUND 2-(3,4-DIMETHYL-2,5-DIHYDRO-1H-PYRROL-2-YL)-1- METHYLETHYL PENTANOATE ON ASPERGILLUS FUMIGATUS",,,,,
"EFFECT OF AUXINS ON INDIRECT IN VITRO MORPHOGENESIS AND EXPRESSION OF GUSA TRANSGENE IN A LECTINACEOUS MEDICINAL PLANT, EUPHORBIA NIVULIA BUCH.-HAM.","1. C. SUNANDAKUMARI, 2. C.-L. ZHANG, 3. K. P. MARTIN, 2. A. SLATER, 1. P. V. MADHUSOODANAN.",In Vitro Cellular and Developmental Biology - Plant,2005,41,5
DIFFERENTIAL GROWTH INHIBITORY EFFECTS OF W. SOMNIFERA ROOT AND E. OFFICINALIS FRUITS ON CHO CELLS,,,,,
"EFFECT OF ASIAN GINSENG, SIBERIAN GINSENG, AND INDIAN AYURVEDIC MEDICINE ASHWAGANDHA ON SERUM DIGOXIN MEASUREMENT BY DIGOXIN III, A NEW DIGOXIN IMMUNOASSAY.",,,,,
DISRUPTION OF ELEMENTS UPTAKE DUE TO EXCESS CHROMIUM IN INDIAN MEDICINAL PLANTS,,,,,
DIFFERENTIAL LARVICIDAL EFFICACY OF FOUR SPECIES OF VITEX AGAINST CULEX QUINQUEFASCIATUS LARVAE,,,,,
DIRECT SHOOT ORGANOGENESIS FROM LEAF EXPLANTS OF EMBELIA RIBES BURM. F.: A VULNERABLE MEDICINAL PLANT,,,,,
DIFFERENTIAL SENSITIVITY OF HUMAN MAMMARY EPITHELIAL AND BREAST CARCINOMA CELL LINES TO CURCUMIN.,,,,,
"DIOSGENIN, A STEROID SAPONIN OF TRIGONELLA FOENUM GRAECUM (FENUGREEK), INHIBITS AZOXYMETHANE-INDUCED ABERRANT CRYPT FOCI FORMATION IN F344 RATS AND INDUCES APOPTOSIS IN HT-29 HUMAN COLON CANCER CELLS",,,,,
"DIRECT SHOOT REGENERATION FROM NODE, INTERNODE, HYPOCOTYL AND EMBRYO EXPLANTS OF WITHANIA SOMNIFERA",,,,,
AVAILABILITY OF ESSENTIAL ELEMENTS IN BHASMAS: ANALYSIS OF AYURVEDIC METALLIC PREPARATIONS BY INAA,,,,,
DRUG DISCOVERY FROM PLANTS,"Angela A. Salim, Young-Won Chin, A. Douglas Kinghorn.",Bioactive Molecules and Medicinal Plants,2008,,
DIFFERENT CONCENTRATIONS OF BERBERINE RESULT IN DISTINCT CELLULAR LOCALIZATION PATTERNS AND CELL CYCLE EFFECTS IN A MELANOMA CELL LINE,,,,,
DNA MICROARRAYS IN HERBAL DRUG RESEARCH,,,,,
DRUG DISCOVERY AND DEVELOPMENT WITH PLANT -DERIVED COMPOUNDS,,,,,
DRUG-HERB AND DRUG-FOOD INTERACTIONS,,,,,
EFFECT OF CON TROLLED CARBON DIOXIDE ON IN VITRO SHOOT MULTIPLICATION IN FERONIA LIMONIA (L.) SWINGLE,,,,,
EFFECT OF (-)EPICATECHIN IN MODULATING CALICUM-ATPASE ACTIVITY IN NORMAL AND DIABETIC HUMAN ERYTHROCYTES,,,,,
EFFECT OF ALCOHOLIC EXTRACT OF AYURVEDIC HERB TINOSPORA CORDIFOLIA ON THE PROLIFERATION AND MYELOID DIFFERENTIATION OF BONE MARROW PRECURSOR CELLS IN A TUMOR-BEARING HOST,,,,,
PROTECTIVE ACTIVITY OF BACOPA MONNIERA LINN. ON NICOTINE-INDUCED TOXICITY IN MICE,,,,,
PROTECTIVE EFFECT OF BACOPA MONNIERA L. ON CYTARABINE INDUCED BIOCHEMICAL CHANGES IN CHICK EMBRYO,,,,,
PROTECTIVE EFFECT OF PREMNA TOMENTOSA EXTRACT (L. VERBANACAE) ON ACETAMINOPHEN-INDUCED MITOCHONDRIAL DYSFUNCTION IN RATS,"1. K. Pandima Devi,1. M. Sreepriya,2. K. Balakrishna, 1. T. Devaki.",Molecular and Cellular Biochemistry,2005,272,
BACOPA MONNIERA EXERTS ANTIAMNESIC EFFECT ON DIAZEPAM-INDUCED ANTEROGRADE AMNESIA IN MICE.,,,,,
A POLYHERBAL AYURVEDIC DRUG - INDUKANTHA GHRITHA AS AN ADJUVANT TO CANCER CHEMOTHERAPY VIA IMMUNOMODULATION,,,,,
A BIOLOGICALLY ACTIVE CONSTITUENT OF WITHANIA SOMNIFERA (ASHWAGANDHA) WITH ANTISTRESS ACTIVITY,,,,,
A NEW SHAMPOO BASED ON NEEM (AZADIRACHTA INDICA) IS HIGHLY EFFECTIVE AGAINST HEAD LICE IN VITRO,,,,,
QUANTITATIVE DETERMINATION OF EUGENOL FROM CINNAMOMUM TAMALA NEES AND EBERM. LEAF POWDER AND POLYHERBAL FORMULATION USING REVERSE PHASE LIQUID CHROMATOGRAPHY,,,,,
QUANTITATIVE DETERMINATION OF OLEANE DERIVATIVES IN TERMINALIA ARJUNA BY HIGH PERFORMANCE THIN LAYER CHROMATOGRAPHY,,,,,
QUANTITATIVE DETERMINATION OF THE MAJOR SAPONIN MIXTURE BACOSIDE A IN BACOPA MONNIERI BY HPLC,,,,,
PROPHYLACTIC NEUROPROTECTIVE PROPERTY OF CENTELLA ASIATICA AGAINST 3-NITROPROPIONIC ACID INDUCED OXIDATIVE STRESS AND MITOCHONDRIAL DYSFUNCTIONS IN BRAIN REGIONS OF PREPUBERTAL MICE,,,,,
A COMPILATION OF BIOACTIVE COMPOUNDS FROM AYURVEDA,,,,,
A NEW FURANODITERPENOID MARKER FOR THE DISTINCTION BETWEEN THE SEEDS OF TWO SPECIES OF CAESALPINIA,"Atul N. Jadhav, Navneet Kaur, K. K. Bhutani.",Phytochemical Analysis,2003,14,5
BACOPA MONNIERA PREVENTS FROM ALUMINIUM NEUROTOXICITY IN THE CEREBRAL CORTEX OF RAT BRAIN,,,,,
"BACOPA MONNIERI, A NOOTROPIC DRUG",,,,,
"BACOPA MONNIERA, A REPUTED NOOTROPIC PLANT: AN OVERVIEW",,,,,
PROTECTION AGAINST RADIATION OXIDATIVE DAMAGE IN MICE BY TRIPHALA,,,,,
BACOSIDE PRODUCTION BY SUSPENSION CULTURES OF BACOPA MONNIERI (L.) PENNELL,,,,,
"BAX AND BAK GENES ARE ESSENTIAL FOR MAXIMUM APOPTOTIC RESPONSE BY CURCUMIN, A POLYPHENOLIC COMPOUND AND CANCER CHEMOPREVENTIVE AGENT DERIVED FROM TURMERIC, CURCUMA LONGA.",,,,,
"BERBERINE INHIBITS GROWTH, INDUCES G1 ARREST AND APOPTOSIS IN HUMAN EPIDERMOID CARCINOMA A431 CELLS BY REGULATING CDKI-CDK-CYCLIN CASCADE, DISRUPTION OF MITOCHONDRIAL MEMBRANE POTENTIAL AND CLEAVAGE OF CASPASE 3 AND PARP",,,,,
QUANTITATIVE HPLC ANALYSIS OF WITHANOLIDES IN WITHANIA SOMNIFERA,,,,,
"BERBERINE, A NATURAL PRODUCT, INDUCES G1-PHASE CELL CYCLE ARREST AND CASPASE-3-DEPENDENT APOPTOSIS IN HUMAN PROSTATE CARCINOMA CELLS",,,,,
"BHASMAS: UNIQUE AYURVEDIC METALLIC-HERBAL PREPARATIONS, CHEMICAL CHARACTERIZATION","Kumar A, Nair AG, Reddy AV, Garg AN.",Biological Trace Element Research,2006,109,3
AYURVEDIC AND COLLATERAL HERBAL TREATMENTS FOR HYPERLIPIDEMIA: A SYSTEMATIC REVIEW OF RANDOMIZED CONTROLLED TRIALS AND QUASI-EXPERIMENTAL DESIGNS,,,,,
HERBAL REMEDIES FOR DEPRESSION AND ANXIETY,,,,,
HERBAL SUPPLEMENTS: CONSIDERATIONS FOR THE ATHLETIC TRAINER,,,,,
HERBAL MEDICINES AND THE EU DIRECTIVE,,,,,
HERB-DRUG INTERACTIONS,,,,,
HERBS AND OTHER BOTANICALS IN CANCER PATIENT CARE,,,,,
"HESPERIDIN, A CITRUS BIOFLAVONOID, DECREASES THE OXIDATIVE STRESS PRODUCED BY CARBON TETRACHLORIDE IN RAT LIVER AND KIDNEY",,,,,
HIGH-PERFORMANCE LIQUID CHROMATOGRAPHIC METHOD FOR THE QUANTIFICATION OF PHENOLICS IN CHYAVANPRASH A POTENT AYURVEDIC DRUG,,,,,
MEDICINAL PLANTS FOR THE TREATMENT OF FEVER (JVARACIKITSA) IN THE MADHAVACIKITSA TRADITION OF INDIA.,,,,,
MUSTARD AND ITS USES IN AYURVEDA.,"Ram Manohar P, Reshmi Pushpan, Rohini S.",Indian Journal of Traditional Knowledge,2009,8,3
IMMUNOCHROMATOGRAPHIC ASSAY FOR THE DETECTION OF PSEUDOJUJUBOGENIN GLYCOSIDES,,,,,
RADIATION PROTECTION BY TERMINALIA CHEBULA: SOME MECHANISTIC ASPECTS,,,,,
RADIATION PROTECTION OF HEPG2 CELLS BY PODOPHYLLUM HEXANDRUM ROYALE,,,,,
RADIOPROTECTION BY PLANT PRODUCTS: PRESENT STATUS AND FUTURE PROSPECTS,,,,,
RADIOPROTECTION OF SWISS ALBINO MICE BY EMBLICA OFFICINALIS,,,,,
RADIOPROTECTIVE EFFECT OF SUGAR CANE EXTRACT IN CHICKENS,,,,,
RADIOPROTECTIVE MECHANISM OF PODOPHYLLUM HEXANDRUM DURING SPERMATOGENESIS,,,,,
"RADIPROTECTIVE EFFECT OF ABANA, A POLYHERBAL DRUG FOLLOWING TOTAL BODY IRRADIATION",,,,,
RECENT TRENDS IN USE OF HERBAL AND OTHER NATURAL PRODUCTS,,,,,
RECUPERATIVE EFFECT OF SEMECARPUS ANACARDIUM LINN. NUT MILK EXTRACT ON CARBOHYDRATE METABOLIZING ENZYMES IN EXPERIMENTAL MAMMARY CARCINOMA-BEARING RATS,"Venugopal Sujatha, Panchanatham Sachdanandam.",Phytotherapy Research,2002,16,S1
REVERSE PHARMACOLOGICAL CORRELATES OF AYURVEDIC DRUG ACTIONS,,,,,
SAPONINS OF CHLOROPHYTUM SPECIES,,,,,
"BERBERINE MODIFIES CYSTEINE 179 OF IkB alpha KINASE, SUPPRESSES NUCLEAR FACTOR kB REGULATED ANTIAPOPTOTIC GENE PRODUCTS, AND POTENTIATES APOPTOSIS",,,,,
MEMBRANE CHANGES IN RAT ERYTHROCYTE GHOSTS ON GHEE FEEDING.,,,,,
MICRO-LC DETERMINATION OF SWERTIAMARIN IN SWERTIA SPECIES AND BACOSIDE-A IN BACOPA MONNIERI,,,,,
MICROPROPAGATION OF TERMINALIA BELLIRICA ROXB. - A SERICULTURE AND MEDICINAL PLANT,,,,,
MOLECULAR PHYLOGENY IN INDIAN TINOSPORA SPECIES BY DNA BASED MOLECULAR MARKERS,,,,,
MORPHACTIN INFLUENCES GUGGULSTERONE PRODUCTION IN CALLUS CULTURES OF COMMIPHORA WIGHTII.,,,,,
"MOSQUITO LARVICIDAL ACTIVITY OF GLUANOL ACETATE, A TETRACYCLIC TRITERPENES DERIVED FROM FICUS RACEMOSA LINN.",,,,,
NANOSTRUCTURED ELECTROCHEMICAL DNA BIOSENSORS FOR DETECTION OF THE EFFECT OF BERBERINE ON DNA FROM CANCER CELLS,"1. Renata Ovadekova, 2. Sona Jantova, 2. Silvia Letasiova, 3. Ivan Stepanek, 1. Jan Labuda.",Analytical and Bioanalytical Chemistry,2006,386,7-8
PHARMACOLOGICAL AND BIOCHEMICAL EFFECTS OF FEW INDIGENOUS DRUGS,,,,,
"PHYLLANTHUS MADERASPATENSIS, A DIETARY SUPPLEMENT FOR THE AMELIORATION OF ADRIAMYCIN-INDUCED TOXICITY AND OXIDATIVE STRESS IN MICE.",,,,,
"PLANT REGENERATION THROUGH SOMATIC EMBRYOGENESIS ON HOLOSTEMMA ADA-KODIEN, A RARE MEDICINAL PLANT",,,,,
"MORPHOLOGICAL AND CHEMICAL VARIATION IN 25 COLLECTIONS OF THE INDIAN MEDICINAL PLANT, WITHANIA SOMNIFERA (L.) DUNAL (SOLANACEAE)",,,,,
PHYTOCHEMICAL AND ANTIMICROBIAL STUDIES ON DRYNARIA QUERCIFOLIA.,,,,,
PHARMACOLOGICAL ACTIONS OF ABIES PINDROW ROYLE LEAF.,,,,,
PHYTOCHEMICAL AND ANTIMICROBIAL STUDIES OF BEGONIA MALABARICA,,,,,
PHARMACOKINETICS AND PHARMACODYNAMICS OF CURCUMIN,,,,,
PHARMACOKINETIC STUDY OF 11-KETO BETA-BOSWELLIC ACID.,,,,,
"PHARMACOKINETIC AND PHARMACODYNAMIC STUDIES ON INTERACTION OF ""TRIKATU"" WITH DICLOFENAC SODIUM.","1. Lala LG, 1. DMello PM, 2. Naik SR.",Journal of Ethnopharmacology,2004,91,2-3
"OCCURRENCE OF RESVERATROL AND PTEROSTILBENE IN AGE-OLD DARAKCHASAVA, AN AYURVEDIC MEDICINE FROM INDIA",,,,,
NOVEL TRITERPENOID 25-HYDROXY-3-OXOOLEAN-12-EN-28-OIC ACID INDUCES GROWTH ARREST AND APOPTOSIS IN BREAST CANCER CELLS,,,,,
NITRIC OXIDE-RELATED TOXICITY IN CULTURED ASTROCYTES: EFFECT OF BACOPA MONNIERA,,,,,
"NEW TRITERPENES, MYRRHANOL A AND MYRRHANONE A, FROM GUGGUL-GUM RESINS, AND THEIR POTENT ANTI-INFLAMMATORY EFFECT ON ADJUVANT-INDUCED AIR-POUCH GRANULOMA OF MICE",,,,,
NEUROPROTECTIVE ROLE OF BACOPA MONNIERA EXTRACT AGAINST ALUMINIUM-INDUCED OXIDATIVE STRESS IN THE HIPPOCAMPUS OF RAT BRAIN,,,,,
NARDOSTACHYS JATAMANSI PROTECTS AGAINST LIVER DAMAGE INDUCED BY THIOACETAMIDE IN RATS.,,,,,
"MODULATORY EFFECTS OF SHAPE PLUCHEA LANCEOLATA AGAINST CHEMICALLY INDUCED OXIDATIVE DAMAGE, HYPERPROLIFERATION AND TWO-STAGE RENAL CARCINOGENESIS IN WISTAR RATS",,,,,
MODIFYING EFFECTS OF MAHARISHI AMRIT KALASH 4 AND 5 ON PHAGOCYTIC AND DIGESTIVE FUNCTIONS OF MACROPHAGES IN MALE ICR MICE.,,,,,
JUVENOMIMETIC ACTIVITY OF THE GUMOLEORESIN OF BOSWELLIA SERRATA,,,,,
EFFECT OF TRIDAX PROCUMBENS ON LIVER ANTIOXIDANT DEFENSE SYSTEM DURINGLIPOPOLYSACCHARIDE-INDUCED HEPATITIS IN D-GALACTOSAMINE SENSITISED RATS,"Ravikumar V, Shivashangari KS, Devaki T.",Molecular and Cellular Biochemistry,2005,269,1-2
EFFECT OF THE ALCOHOL EXTRACT OF THE SEEDS OF MUCUNA PRURIENS ON FREE RADICALS AND OXIDATIVE STRESS IN ALBINO RATS,,,,,
EFFECT OF PHYTOHORMONES ON MICROPROPAGATION OF ARTEMISIA VULGARIS L.,,,,,
EFFECT OF TRIPHALA ON OXIDATIVE STRESS AND ON CELL-MEDIATED IMMUNE RESPONSE AGAINST NOISE STRESS IN RATS,,,,,
EFFECT OF FAGONIA ARABICA (DHAMASA) ON IN VITRO THROMBOLYSIS,,,,,
EFFECT OF DIETARY GHEE - THE ANHYDROUS MILK FAT ON LYMPHOCYTES IN RATS,,,,,
"EFFECT OF CURCUMIN ON ACIDIC PH INDUCED EXPRESSION OF IL-6 AND IL-8 IN HUMAN ESOPHAGEAL EPITHELIAL CELLS (HET-1A): ROLE OF PKC, MAPKS AND NFKB.",,,,,
EFFECT OF CENTELLA ASIATICA LEAF POWDER ON OXIDATIVE MARKERS IN BRAIN REGIONS OF PREPUBERTAL MICE IN VIVO AND ITS IN VITRO EFFICACY TO AMELIORATE 3-NPA-INDUCED OXIDATIVE STRESS IN MITOCHONDRIA,,,,,
HERBOGENOMICS: FROM TRADITIONAL CHINESE MEDICINE TO NOVEL THERAPEUTICS,,,,,
BIOCHEMICAL BASIS OF ENHANCED DRUG BIOAVAILABILITY BY PIPERINE: EVIDENCE THAT PIPERINE IS A POTENT INHIBITOR OF DRUG METABOLISM.,,,,,
IN VITRO CLONAL PROPAGATION OF ANNATTO (BIXA ORELLANA L.),"MARIE-CLAIRE D SOUZA, MADHURI SHARON.",In Vitro Cellular and Developmental Biology - Plant,2001,37,2
A RAPID METHOD FOR ISOLATION OF PIPERINE FROM THE FRUITS OF PIPER NIGRUM LINN.,,,,,
"IN VITRO ANTIOXIDANT STUDIES AND FREE RADICAL REACTIONS OF TRIPHALA, AN AYURVEDIC FORMULATION AND ITS CONSTITUENTS",,,,,
IN VITRO AND IN VIVO EFFECTS OF PHENOLIC ANTIOXIDANTS AGAINST CISPLATIN-INDUCED NEPHROTOXICITY,,,,,
"EFFECT OF TRIKATU, AN AYURVEDIC PRESCRIPTION, ON THE PHARMACOKINETIC PROFILE OF RIFAMPICIN IN RABBITS",,,,,
"BOSWELLIC ACIDS: NOVEL, SPECIFIC, NONREDOX INHIBITORS OF 5-LIPOXYGENASE.",,,,,
"IMPROVED GUGGULSTERONE PRODUCTION FROM SUGARS, PRECURSORS, AND MORPHACTIN IN CELL CULTURES OF COMMIPHORA WIGHTII GROWN IN SHAKE FLASKS AND A BIOREACTOR",,,,,
MICROPROPAGATION AND FIELD EVALUATION OF MICROPROPAGATED PLANTS OF TURMERIC,,,,,
MAK-5 TREATMENT ENHANCES THE NERVE GROWTH FACTOR-MEDIATED NEURITE OUTGROWTH IN PC12 CELLS.,,,,,
MAHARISHI AMRIT KALASH REJUVENATES AGEING CENTRAL NERVOUS SYSTEM'S ANTIOXIDANT DEFENCE SYSTEM: AN IN VIVO STUDY.,,,,,
THE CHEMICAL CONTROLLERS OF PLANTS,Jennifer Horgan.,Nagarjun,1971,15,3
IN VITRO CLONAL PROPAGATION THROUGH MATURE NODES OF TINOSPORA CORDIFOLIA (WILLD.) HOOK. F. & THOMS.: AN IMPORTANT AYURVEDIC MEDICINAL PLANT,,,,,
IN VITRO EVALUATION OF DATURA INNOXIA (THORN-APPLE) FOR POTENTIAL ANTIBACTERIAL ACTIVITY,,,,,
PHARMACOLOGICAL POTENTIAL OF ALBIZZIA LEBBECK: A REVIEW.,,,,,
IN VITRO MICROPROPAGATION OF GYMNEMA SYLVESTRE - A MULTIPURPOSE MEDICINAL PLANT,,,,,
MICROPROPAGATION OF ECLIPTA ALBA (L.) HASSK - AN IMPORTANT MEDICINAL PLANT.,,,,,
MICROPROPAGATION OF HEMIDESMUS INDICUS FOR CULTIVATION AND PRODUCTION OF 2-HYDROXY 4-METHOXY BENZALDEHYDE,,,,,
IN VITRO MICROPROPAGATION OF PIPER LONGUM -AN IMPORTANT MEDICINAL PLANT,,,,,
IN VITRO MULTIPLICATION OF COLEUS FORSKOHLII BRIQ.: AN APPROACH TOWARDS SHORTENING THE PROTOCOL,,,,,
IN VITRO ORGANOGENESIS AND PLANT FORMATION IN ACACIA SINUATA,,,,,
HYALURONIDASE AND COLLAGENASE INHIBITORY ACTIVITIES OF THE HERBAL FORMULATION TRIPHALA GUGGULU.,"1. VENIL N SUMANTRAN, 1. ASAVARI A KULKARNI, 1. ABHAY HARSULKAR, 2. ASMITA WELE, 1. SOUMYA J KOPPIKAR, 1. RUCHA CHANDWASKAR, 2. VISHAKHA GAIRE, 2. MADHURI DALVI, 1. ULHAS V WAGH.",Journal of Biosciences,2007,32,4
HYPOGLYCAEMIC AND OTHER RELATED ACTIONS OF TINOSPORA CORDIFOLIA ROOTS IN ALLOXAN-INDUCED DIABETIC RATS,,,,,
HYPOGLYCAEMIC EFFECT OF WATER EXTRACTS OF AEGLE MARMELOS FRUITS IN STREPTOZOTOCIN DIABETIC RATS,,,,,
HYPOGLYCEMIC ACTIVITY OF INORGANIC CONSTITUENTS IN EUGENIA JAMBOLANA SEED ON STREPTOZOTOCIN-INDUCED DIABETES IN RATS,,,,,
"HYPOGLYCEMIC, HYPOLIPIDEMIC AND ANTIOXlDANT PROPERTIES OF COMBINATION OF CURCUMIN FROM CURCUMA LONGA, Linn, AND PARTIALLY PURIFIED PRODUCT FROM ABROMA AUGUSTA, Linn. IN STREPTOZOTOCIN INDUCED DIABETES",,,,,
HYPOLIPIDAEMIC ACTION OF TINOSPORA CORDIFOLIA ROOTS IN ALLOXAN DIABETIC RATS,,,,,
HYPOTENSIVE EFFECT IN RATS OF HYDROPHILIC EXTRACT FROM TERMINALIA ARJUNA CONTAINING TANNIN-RELATED COMPOUNDS,,,,,
"MEDICO-FLORISTIC APPROACH ON THE FORESTS OF KOLARAS, DISTRICT SHIVPURI (MADHYA PRADESH); III ANNUAL HERBS",,,,,
A XANTHONE FROM GARCINIA CAMBOGIA.,,,,,
ELEMENTAL PROFILE IN SOME COMMON MEDICINAL PLANTS OF INDIA. ITS CORRELATION WITH TRADITIONAL THERAPEUTIC USAGE,,,,,
"EFFECT OF PRAVAL BHASMA (CORAL CALX), A NATURAL SOURCE OF RICH CALCIUM ON BONE MINERALIZATION IN RATS","Reddy PN, Lakshmana M, Udupa UV.",Pharmacological Research,2003,48,6
EFFECT OF CALCINATION CYCLES ON THE PREPARATION OF TIN OXIDE BASED TRADITIONAL DRUG: STUDIES ON ITS FORMATION AND CHARACTERIZATION.,,,,,
BIOACTIVE TERPENOIDS AND GUGGULUSTEROIDS FROM COMMIPHORA MUKUL GUM RESIN OF POTENTIAL ANTI-INFLAMMATORY INTEREST,,,,,
CARDIAC STIMULANT ACTIVITY OF OCIMUM BASILICUM,,,,,
BRINE SHRIMP LETHALITY ASSAY OF BACOPA MONNIERI.,,,,,
BUTEA MONOSPERMA AND CHEMOMODULATION: PROTECTIVE ROLE AGAINST THIOACETAMIDE-MEDIATED HEPATIC ALTERATIONS IN WISTAR RATS,,,,,
HPTLC METHOD FOR DETERMINATION OF 20-HYDROXYECDYSONE IN SIDA RHOMBIFOLIA L. AND DIETARY SUPPLEMENTS,,,,,
HPTLC ANALYSIS OF WITHAFERINEA FROM AN HERBAL EXTRACT AND POLYHERBAL FORMULATIONS,,,,,
HPTLC DETERMINATION OF VASICINE AND VASICINONE IN ADHATODA VASICA.,,,,,
CURCUMIN-INDUCED APOPTOSIS IN SCLERODERMA LUNG FIBROBLASTS: ROLE OF PROTEIN KINASE CEPSILON,,,,,
COMPOSITION OF THE ESSENTIAL OIL FROM ROOTS AND RHIZOMES OF VALERIANA WALLICHII DC.,"1. Rein Bos, 1. Herman J. Woerdenbag, 1. Henk Hendriks, 2. H. Friso Smit, 3. Hakan V. Wikstrom, 4. Johannes J. C. Scheffer.",Flavour and Fragrance Journal,,12,2
IN VITRO ORGANOGENETIC RESPONSES OF GLORIOSA SUPERBA,,,,,
"COMPLEMENTARY, HOLISTIC, AND INTEGRATIVE MEDICINE: GARLIC.",,,,,
CURCUMIN: GETTING BACK TO THE ROOTS.,,,,,
CONSERVATION OF SWERTIA CHIRATA THROUGH DIRECT SHOOT MULTIPLICATION FROM LEAF EXPLANTS,,,,,
IN VITRO PROPAGATION OF A HIGH VALUE MEDICINAL PLANT: ASPARAGUS RACEMOSUS WILLD.,,,,,
COMPARATIVE ANTIOXIDANT ACTIVITY OF INDIVIDUAL HERBAL COMPONENTS USED IN AYURVEDIC MEDICINE.,,,,,
ELEMENTAL ANALYSIS OF SOME HERBAL PLANTS USED IN THE TREATMENT OF CARDIOVASCULAR DISEASES BY NAA AND AAS,,,,,
"CURCUMIN, A MAJOR CONSTITUENT OF TURMERIC, CORRECTS CYSTIC FIBROSIS DEFECTS.",,,,,
CONSTITUENTS OF PTEROCARPUS MARSUPIUM: AN AYURVEDIC CRUDE DRUG,,,,,
IN VIVO EFFECTS OF ASHWAGANDHA (WITHANIA SOMNIFERA) EXTRACT ON THE ACTIVATION OF LYMPHOCYTES,"Jeremy Mikolai, Andrew Erlandsen, Andrew Murison, Kimberly A. Brown, M.S.O.M, William L. Gregory, Ph.D, Padma Raman-Caplan, N.D, and Heather L. Zwickey, Ph.D.",Journal of Alternative and Complementary Medicine,2009,15,4
"IN VITRO PROPAGATION OF HOLOSTEMMA ANNULARE (ROXB.) K. SCHUM., A RARE MEDICINAL PLANT",,,,,
COMPARATIVE PHARMACOGNOSTIC STUDIES OF THREE PHYLLANTHUS SPECIES,,,,,
CURCUMIN INHIBITS VEGF-MEDIATED ANGIOGENESIS IN HUMAN INTESTINAL MICROVASCULAR ENDOTHELIAL CELLS THROUGH COX-2 AND MAPK INHIBITION.,,,,,
CONTRACEPTIVE EFFECTS OF PHYLLANTHUS AMARUS EXTRACT IN THE MALE MOUSE (MUS MUSCULUS),,,,,
INDIAN HERB 'SANJEEVANI' (SELAGINELLA BRYOPTERIS) CAN PROMOTE GROWTH AND PROTECT AGAINST HEAT SHOCK AND APOPTOTIC ACTIVITIES OF ULTRA VIOLET AND OXIDATIVE STRESS.,,,,,
IN VITRO PROPAGATION OF OROXYLUM INDICUM VENT. A MEDICINALLY IMPORTANT FOREST TREE,,,,,
COMPARATIVE STUDIES OF CYTOKININS ON IN VITRO PROPAGATION OF BACOPA MONNIERA,,,,,
"CURCUMIN, A MAJOR COMPONENT OF FOOD SPICE TURMERIC (CURCUMA LONGA) INHIBITS AGGREGATION AND ALTERS EICOSANOID METABOLISM IN HUMAN BLOOD PLATELETS.",,,,,
CRYSTAL STRUCTURE ANALYSIS OF TWO TERPENE DERIVATIVES,,,,,
IN VITRO PROPAGATION OF THE RARE MEDICINAL PLANT CEROPEGIA CANDELABRUM L. THROUGH SOMATIC EMBRYOGENESIS,"1. M. R. BEENA, 2. K. P. MARTIN.",In Vitro Cellular and Developmental Biology - Plant,2003,39,5
INDIAN MEDICINAL HERBS AS SOURCES OF ANTIOXIDANTS,,,,,
COMPARATIVE STUDY ON VOLATILE COMPONENTS OF NARDOSTACHYS RHIZOME,,,,,
CURCUMIN: THE INDIAN SOLID GOLD.,,,,,
CURCUMIN INHIBITS PLATELET-DERIVED GROWTH FACTOR-STIMULATED VASCULAR SMOOTH MUSCLE CELL FUNCTION AND INJURY-INDUCED NEOINTIMA FORMATION.,,,,,
INDIAN MEDICINAL PLANTS AS A SOURCE OF ANTIMYCOBACTERIAL AGENTS,,,,,
EFFECTS OF BOSWELLIA SERRATA IN MOUSE MODELS OF CHEMICALLY INDUCED COLITIS,,,,,
IN VITRO SAFETY EVALUATION AND ANTICLASTOGENIC EFFECT OF BACOMINDTM ON HUMAN LYMPHOCYTES,,,,,
ENHANCEMENT OF AMYGDALOID NEURONAL DENDRITIC ARBORIZATION BY FRESH LEAF JUICE OF CENTELLA ASIATICA (LINN) DURING GROWTH SPURT PERIOD IN RATS,,,,,
CURCUMIN SUPPRESSES GROWTH OF HEAD AND NECK SQUAMOUS CELL CARCINOMA.,,,,,
ENHANCEMENT OF HIPPOCAMPAL CA3 NEURONAL DENDRITIC ARBORIZATION BY CENTELLA ASIATICA (LINN) FRESH LEAF EXTRACT TREATMENT IN ADULT RATS,"1. Mohandas Rao Kappettu Gadahad, 2. Muddanna Rao, 3. Gurumadhva Rao.",Journal of Chinese Medical Association,2008,71,1
CURCUMIN STIMULATES CYSTIC FIBROSIS TRANSMEMBRANE CONDUCTANCE REGULATOR CL CHANNEL ACTIVITY,,,,,
"EFFECTS OF PRESOWING TREATMENTS, DESICCATION AND STORAGE CONDITIONS ON GERMINATION OF STRYCHNOS NUX-VOMICA SEEDS, A VALUABLE MEDICINAL PLANT",,,,,
QUANTITATIVE PARAMETERS OF DIFFERENT BRANDS OF ASAVA AND ARISHTA USED IN AYURVEDIC MEDICINE: AN ASSESSMENT,,,,,
"PREVENTION OF DEXAMETHASONE- AND FRUCTOSE-INDUCED INSULIN RESISTANCE IN RATS BY SH-01D, A HERBAL PREPARATION",,,,,
"EMBELIN, AN INHIBITOR OF X CHROMOSOME-LINKED INHIBITOR-OF-APOPTOSIS PROTEIN, BLOCKS NUCLEAR FACTOR-KAPPAB (NF-KAPPAB) SIGNALING PATHWAY LEADING TO SUPPRESSION OF NF-KAPPAB-REGULATED ANTIAPOPTOTIC AND METASTATIC GENE PRODUCTS",,,,,
VALIDATION OF DIFFERENT METHODS OF PREPARATION OF ADHATODA VASICA LEAF JUICE BY QUANTIFICATION OF TOTAL ALKALOIDS AND VASICINE,,,,,
ELEMENTAL CONCENTRATIONS OF SOME AYURVEDIC DRUGS USING ENERGY DISPERSIVE XRF,,,,,
EFFICACY OF TOPICAL HONEY THERAPY AGAINST SILVER SULPHADIAZINE TREATMENT IN BURNS: A BIOCHEMICAL STUDY,,,,,
"CASPASE-DEPENDENT APOPTOSIS INDUCTION BY GUGGULSTERONE, A CONSTITUENT OF AYURVEDIC MEDICINAL PLANT COMMIPHORA MUKUL, IN PC-3 HUMAN PROSTATE CANCER CELLS IS MEDIATED BY BAX AND BAK",,,,,
EVALUATION OF THE ANTI-PROLIFERATIVE AND ANTI-OXIDATIVE ACTIVITIES OF LEAF EXTRACT FROM IN VIVO AND IN VITRO RAISED ASHWAGANDHA,"Kaur K, Rani G, Widodo N, Nagpal A, Taira K, Kaul SC, Wadhwa R.",Food and Chemical Toxicology,2004,42,12
ETHNOPHARMACOLOGY AND DRUG DISCOVERY,,,,,
EVALUATION OF ANTIOXIDANT PROPERTIES OF ROOT BARK OF HEMIDESMUS INDICUS R. BR. (ANANTMUL).,,,,,
EVALUATION OF ANTIOXlDANT PROPERTIES OF BERRIES,,,,,
EVALUATION OF ANXIOLYTIC PROPERTIES OF GOTUKOLA--(CENTELLA ASIATICA) EXTRACTS AND ASIATICOSIDE IN RAT BEHAVIORAL MODELS,,,,,
"EVALUATION OF CHEMICAL CONSTITUENTS AND FREE-RADICAL SCAVENGING ACTIVITY OF SWARNABHASMA (GOLD ASH), AN AYURVEDIC DRUG",,,,,
EVALUATION OF CYTOTOXIC EFFECTS OF DICHLOROMETHANE EXTRACT OF GUDUCHI (TINOSPORA CORDIFOLIA MIERS EX HOOK F & THOMS) ON CULTURED HELA CELLS.,,,,,
EVALUATION OF THE RADIOPROTECTIVE EFFECT OF AEGLE MARMELOS (L.) CORREA IN CULTURED HUMAN PERIPHERAL BLOOD LYMPHOCYTES EXPOSED TO DIFFERENT DOSES OF G-RADIATION: A MICRONUCLEUS STUDY,,,,,
"EVALUATION OF THE ANTICARCINOGENIC ACTIVITY OF SWERTIA CHIRATA BUCH.HAM, AN INDIAN MEDICINAL PLANT, ON DMBA-INDUCED MOUSE SKIN CARCINOGENESIS MODEL.",,,,,
EVALUATION OF THE ANTI-GENOTOXICITY OF LEAF EXTRACT OF ASHWAGANDHA,,,,,
EVALUATION OF THE GROWTH INHIBITORY ACTIVITIES OF TRIPHALA AGAINST COMMON BACTERIAL ISOLATES FROM HIV INFECTED PATIENTS,"Srikumar R, Parthasarathy NJ, Shankar EM, Manikandan S, Vijayakumar R, Thangaraj R, Vijayananth K, Sheeladevi R, Rao UA.",Phytotherapy Research,2007,21,5
ETHANOLIC EXTRACT OF OCIMUM SANCTUM LEAVES PARTIALLY ATTENUATES STREPTOZOTOCIN-INDUCED ALTERATIONS IN GLYCOGEN CONTENT AND CARBOHYDRATE METABOLISM IN RATS,,,,,
EVALUATION OF THE RADIOPROTECTIVE EFFECT OF LIV 52 IN MICE,,,,,
ESSENTIAL OIL COMPOSITION OF VALERIANA HARDWICKII VAR. ARNOTTIANA FROM THE HIMALAYAS,,,,,
A PRELIMINARY REPORT ON THE LACK OF TOXICITY OF A PREPARATION OF TOTAL RAUWOLFIA ALKALOIDS,,,,,
EFFECT OF PONGAMIA PINNATA FLOWERS ON BLOOD GLUCOSE AND OXIDATIVE STRESS IN ALLOXAN INDUCED DIABETIC RATS,,,,,
CNS-ACTIVE DRUGS FROM PLANTS INDIGENOUS TO INDIA,,,,,
ANTIMICROBIAL AND PHYTOCHEMICAL STUDIES OF SWERTIA CORYMBOSA,,,,,
ANTIMICROBIAL EVALUATION OF SOME MEDICINAL PLANTS FOR THEIR ANTI-ENTERIC POTENTIAL AGAINST MULTI-DRUG RESISTANT SALMONELLA TYPHI.,,,,,
ANTI-NOCICEPTIVE ACTIVITY OF HYGROPHILA AURICULATA (SCHUM) HEINE,,,,,
ANTINOCICEPTIVE AND ANTIINFLAMMATORY EFFECTS OF CENTELLA ASIATICA,"1. M. N. Somchit, 2. M. R. Sulaiman, 1. A. Zuraini, 3. L. Samsuddin, 3. N. Somchit, 2. D. A. Israf, 1. S. Moin.",Indian Journal of Pharmacology,2004,36,6
"ANTIMICROBIAL ACTIVITY OF SOME ETHNOMEDICINAL PLANTS USED BY PALIYAR TRIBE FROM TAMIL NADU, INDIA",,,,,
ANTIMICROBIAL ACTIVITY OF ELAEOCARPUS SPHAERICUS,,,,,
ANTIMICROBIAL ACTIVITIES OF POMEGRANATE RIND EXTRACTS: ENHANCEMENT BY ADDITION OF METAL SALTS AND VITAMIN C,,,,,
ANTIMICROBIAL ACTIVITIES OF BHARANGIN FROM PREMNA HERBACEAE ROXB. AND BHARANGIN MONOACETATE,,,,,
ANTILEISHMANIAL AMIDES AND LIGNANS FROM PIPER CUBEBA AND PIPER RETROFRACTUM,,,,,
ANTIINFLAMMATORY CONSTITUENTS OF TERAMNUS LABIALIS,,,,,
AN EFFICIENT PLANT REGENERATION SYSTEM FOR MUCUNA PRURIENS L. (DC.) USING COTYLEDONARY NODE EXPLANTS,,,,,
ANTIINFLAMMATORY AND ANTIOXIDANT ACTIVITIES OF DESMODIUM GANGETICUM FRACTIONS IN CARRAGEENAN-INDUCED INFLAMED RATS,,,,,
"AMELIORATION OF GALACTOSAMINE-INDUCED NEPHROTOXICITY BY A PROTEIN ISOLATED FROM THE LEAVES OF THE HERB, CAJANUS INDICUS L",,,,,
ANTI-INFLAMMATORY AND ANTI-NOCICEPTIVE ACTIVITY OF THE WATER DECOCTION DESMODIUM GANGETICUM,"1. Anshu Rathi, 1. Ch.V. Rao, 2. B. Ravishankar, 2. S. De, 1. S. Mehrotra.",Journal of Ethnopharmacology,2004,95,2-3
ANTI-INFLAMMATORY AND ANALGESIC ACTIVITIES OF MATURE FRESH LEAVES OF VITEX NEGUNDO,,,,,
ANTI-INFLAMMATORY ACTIVITY OF AGLAIA ROXBURGHIANA VAR. BEDDOMEI EXTRACT AND TRITERPENES ROXBURGHIADIOL A AND B.,,,,,
ANTIBACTERIAL AND ANTIFUNGAL ACTIVITIES OF DIFFERENT PARTS OF TRIBULUS TERRESTRIS L. GROWING IN IRAQ,,,,,
ANTI-CANCER DRUG DISCOVERY AND DEVELOPMENT IN BRAZIL: TARGETED PLANT COLLECTION AS A RATIONAL STRATEGY TO ACQUIRE CANDIDATE ANTI-CANCER COMPOUNDS,,,,,
ANTIBACTERIAL EFFECT OF HONEY ON THE IN VITRO AND IN VIVO GROWTH OF ESCHERICHIA COLI,,,,,
ANTIBACTERIAL CONSTITUENTS FROM THE BERRIES OF PIPER NIGRUM,,,,,
ANTIBACTERIAL POTENTIALITY OF MESUA FERREA LINN. FLOWERS,,,,,
AN ENZYME-LINKED IMMUNOSORBANT ASSAY USING POLYCLONAL ANTIBODIES AGAINST BACOPASIDE I,,,,,
ANTIOXIDANT ACTIVITY OF FRACTIONATED EXTRACTS OF RHIZOMES OF HIGH-ALTITUDE PODOPHYLLUM HEXANDRUM: ROLE IN RADIATION PROTECTION,,,,,
ANTIOXIDANT AND ANTIBACTERIAL ACTIVITIES OF POLYPHENOLIC COMPOUNDS FROM BITTER CUMIN ( CUMINUM NIGRUM L.),"V. Ani, M. C. Varadaraj, K. Akhilender Naidu.",European Food Research and Technology,2006,224,1
AN HPTLC METHOD FOR THE EVALUATION OF TWO MEDICINAL PLANTS COMMERCIALLY AVAILABLE IN THE INDIAN MARKET UNDER THE COMMON TRADE NAME BRAHMADANDI,,,,,
ANTIOXIDANT AND FREE RADICAL SCAVENGING ACTIVITY OF SPONDIAS PINNATA,,,,,
AN IMPROVED PROTOCOL FOR IN VITRO MULTIPLICATION OF BACOPA MONNIERI (L.),,,,,
ANALGESIC ACTIVITY OF SILVER PREPARATIONS USED IN INDIAN SYSTEMS OF MEDICINE,,,,,
ANALGESIC STUDIES ON TOTAL ALKALOIDS AND ALCOHOL EXTRACTS OF ECLIPTA ALBA (LINN.) HASSK.,,,,,
ANTIOXIDANT PROPERTIES OF DIFFERENT FRACTIONS OF TUBERS FROM PUERARIA TUBEROSA LINN,,,,,
ANTIOXIDANT PROPERTIES OF DIFFERENT FRACTIONS OF VITEX NEGUNDO LINN.,,,,,
ANALYSIS OF ESSENTIAL ELEMENTS IN PRAGYA PEYA A HERBAL DRINK AND ITS CONSTITUENTS BY NEUTRON ACTIVATION,,,,,
ANALYSIS OF SOME INDIAN MEDICINAL HERBS BY INAA,,,,,
"ANGIOGENIC AND CELL PROLIFERATING ACTION OF THE NATURAL DIARYLNONANOIDS, MALABARICONE B AND MALABARICONE C DURING HEALING OF INDOMETHACIN-INDUCED GASTRIC ULCERATION","Debashish Banerjee,1 Biswanath Maity,1 Atmaram H. Bandivdeker,2 Sandip K. Bandyopadhyay,1 and Subrata Chattopadhyay3",Pharmaceutical Research,2008,25,7
ANTI CANCER EFFECTS OF CURCUMIN: CYCLE OF LIFE AND DEATH,,,,,
"ANTIANGIOGENIC AND GROWTH INHIBITORY EFFECTS OF SYNTHETIC NOVEL 1, 5-DIPHENYL-1,4 PENTADIENE-3-ONE-3-YL-ETHANONE PYRIDINE CURCUMIN ANALOGUES ON EHRLICH ASCITES TUMOR IN VIVO",,,,,
ANTIBACTERIAL ACTIVITY OF LUTEOFOROL FROM BRIDELIA CRENULATA.,,,,,
ANTIBACTERIAL ACTIVITY OF PTEROCARPUS SANTALINUS,,,,,
"ANTARTH, A POLYHERBAL PREPARATION PROTECTS AGAINST THE DOXORUBICIN-INDUCED TOXICITY WITHOUT COMPROMISING ITS ANTINEOPLASTIC ACTIVITY.",,,,,
"ANTIPYRETIC, ANTINOCICEPTIVE AND ANTI-INFLAMMATORY ACTIVITY OF PREMNA HERBACEA ROOTS.",,,,,
APHIDICIDAL ACTIVITY OF SOME INDIGENOUS PLANT EXTRACTS AGAINST BEAN APHID APHIS CRACCIVORA KOCH (HOMOPTERA: APHIDIDAE),,,,,
"APOMIXIS AND POLYEMBRYONY IN THE GUGGUL PLANT, COMMIPHORA WIGHTII",,,,,
APOPTOTIC EFFECT OF BIOPHYTUM SENSITIVUM ON B16F-10 CELLS AND ITS REGULATORY EFFECTS ON NITRIC OXIDE AND CYTOKINE PRODUCTION ON TUMOR-ASSOCIATED MACROPHAGES,,,,,
ANTIRADICAL AND ANTILIPOPEROXIDATIVE EFFECTS OF SOME PLANT EXTRACTS USED BY SRI LANKAN TRADITIONAL MEDICAL PRACTITIONERS FOR CARDIOPROTECTION.,"1. T. Chaminda J. Munasinghe, 1. Charita K. Seneviratne, 2. M. Ira Thabrew, 3. Ajith M. Abeysekera.",Phytotherapy Research,2001,15,6
ANTI-STRESS AND ADAPTOGENIC ACTIVITY OF L-ARGININE SUPPLEMENTATION,,,,,
"ANTITUMOUR ACTIVITY OF CROCETIN IN ACCORDANCE TO TUMOR INCIDENCE, ANTIOXIDANT STATUS, DRUG METABOLIZING ENZYMES AND HISTOPATHOLOGICAL STUDIES",,,,,
ANTITUMOR EFFECT OF STILBENOIDS FROM VATERIA INDICA AGAINST ALLOGRAFTED SARCOMA S-180 IN ANIMAL MODEL,,,,,
"ANTISTRESS EFFECTS OF BACOSIDES OF BACOPA MONNIERI: MODULATION OF HSP70 EXPRESSION, SUPEROXIDE DISMUTASE AND CYTOCHROME P450 ACTIVITY IN RAT BRAIN",,,,,
ANTI-INFLAMMATORY ACTIVITY OF (PLUS) MINUS USNIC ACID,,,,,
INHIBITION OF RADIATION-INDUCED CLASTOGENICITY BY AEGLE MARMELOS (L.) CORREA IN MICE BONE MARROW EXPOSED TO DIFFERENT DOSES OF GAMMA-RADIATION.,,,,,
INHIBITORY ACTIVITY OF GINGER RHIZOME ON AIRWAY AND UTERINE SMOOTH MUSCLE PREPARATION,,,,,
INHIBITORY EFFECT OF EMBLICA OFFICINALS ON THE IN VIVO CLASTOGENICITY OF BENZO ALPYRENE AND ACYCLOPHOSPHAMIDE IN MICE,,,,,
INTEGRATED APPROACHES TOWARDS DRUG DEVELOPMENT FROM AYURVEDA AND OTHER INDIAN SYSTEM OF MEDICINES.,,,,,
PHARMACOGNOSTIC STUDY ON AMRAGANDHI,"R.Mitra, L.D. Kapoor.",The Journal of Research in Indian Medicine,1973,8,1
STUDIES ON THE ANALEPTIC ACTIVITY OF SOME PIPER LONGUM ALKALOIDS,,,,,
ANALGESIC ACTIVITY OF VARIOUS EXTRACTS OF PUNICA GRANATUM (LINN) FLOWERS,,,,,
PHARMACOLOGICAL STUDIES WITH THE ALKALOIDS OF COSTUS SPECIOSUS (KEMUKHA),,,,,
"PONGAMIA PINNATA: PHYTOCHEMICAL CONSTITUENTS, TRADITIONAL USES AND PHARMACOLOGICAL PROPERTIES: A REVIEW",,,,,
IDENTIFICATION OF AN IMPORTANT COMMERCIAL SAMPLE OF PUNARNAVA AS ZALEYA PENTANDRA (L.) JEFFREY (TRIANTHEMA PENTANDRA L.),,,,,
ON THE OCCURRENCE OF GUGGULU-YIELDING COMMIPHORA WITH REFERENCE TO COMMIPHORA BERRYI ENGLE IN MADHYA PRADESH,,,,,
PSIDIUM GUAJAVA L: A REVIEW,,,,,
INVESTIGATIONS ON THE NEW BOTANICAL SOURCE OF BHARANGI IN MADHYA PRADESH - I,,,,,
CRITICAL REVIEW OF SCIENTIFIC VALIDITY OF INDIGENOUS FEMALE CONTRACEPTIVE DRUGS DESCRIBED IN AYURVEDIC LITERATURE,,,,,
STUDY ON THE ANTIBACTERIAL POTENTIAL OF PHYSALIS MINIMA LINN.,"1. T Patel, 2. K Shah, 2. K Jiwan, 1. Neeta Shrivastava.",Indian Journal of Pharmaceutical Sciences,2011,73,1
PHARMACOGNOSTICAL STUDIES OF STEM BARK OF CAREYA ARBOREA ROXB,,,,,
PHARMACOGNOSTIC SCREENING AND PHYTOCHEMICAL EVALUATION OF ACACIA LEUCOPHLOEA ROOT,,,,,
"BALIOSPERMUM MONTANUM (DANTI): ETHNOBOTANY, PHYTOCHEMISTRY AND PHARMACOLOGY- A REVIEW",,,,,
IMMUNOMODULATORY PROPERTIES OF ALOE VERA GEL IN MICE,,,,,
ASSESSMENT OF INDIGENOUS KNOWLEDGE OF MEDICINAL PLANTS FROM VIDARBHA REGION OF MAHARASHTRA,,,,,
ANTIMICROBIAL ACTIVITY OF CAPPARIS ZEYLANICA LINN . ROOTS,,,,,
PRELIMINARY PHARMACOGNOSTIC AND PHYTOCHEMICAL ANALYSIS OF GRANTHIKA (LEONOTIS NEPETAEFOLIA): AN AYURVEDIC HERB,,,,,
EVALUATION OF ANTIINFLAMMATORY ACTIVITY OF CENTRATHERUM ANTHELMINTICUM (L) KUNTZE SEED,,,,,
EFFECT OF TIME ON EXTRACTION OF ASHWAGANDHA IN VARIOUS HYDROALCOHOLIC COMPOSITIONS AND THEIR ANTI-INFLAMMATORY ACTIVITY,,,,,
TYROSINASE KINETIC IN THE PRESENCE OF THREE INHIBITORY MEDICINAL PLANTS,"1. Mehdi Ansari, 2. Farzaneh Etelaei, 3. Fariba Sharififar.",International Journal of Green Pharmacy,2011,5,2
"PRESENCE OF ANTI-INFLAMMATORY, ANTIPYRETIC AND ANALGESIC ACTIVITIES IN THE CHROMATOGRAPHIC FRACTIONS OF DIOSPYROS CARDIFOLIA",,,,,
CHEMICAL EXAMINATION OF PLUMERIA RUBRA LINN.,,,,,
CHEMICAL EXAMINATION OF KIRATATIKTA (SWERTIA CHIRATA),,,,,
PHARMACOGNOSTIC STUDY ON 'SIRISH' - II ALBIZZIA LEBBEK BENTH - STEM BARK,,,,,
A PRELIMINARY STUDY ON CAULOPHYLLUM AS AN IMPLANTATION INTERRUPTER,,,,,
SHAH-ZERAH OF INDIAN MARKETS,,,,,
ANTI-INFLAMMATORY AND ANALGESIC ACTIVITY OF BALANITES AEGYPTIACA IN EXPERIMENTAL ANIMAL MODELS,,,,,
ISOLATION OF KAEMPFEROL FROM ACALYPHA INDICA LINN.,,,,,
DIFFERENT CHEMO TYPES OF GOKHRU ( TRIBULUS TERRESTRIS ): A HERB USED FOR IMPROVING PHYSIQUE AND PHYSICAL PERFORMANCE,,,,,
AN INTERPRETATION OF AYURVEDIC FINDINGS ON SILAJATU,"V.P.Tiwari, K.C. Tiwari, P. Joshi.",The Journal of Research in Indian Medicine,1973,8,3
SOME RARE PLANTS OF ETHNOMEDICINAL PROPERTIES FROM JALGAON DISTRICT OF MAHARASHTRA,,,,,
RAPID SCREENING OF THE BEHAVIOURAL EFFECTS OF CELASTRUS PANICULATUS AND SODIUM PENTOBARBITAL WITH FIXED INTERVAL SCHEDULES OF REINFORCEMENT,,,,,
FREE RADICAL SCAVENGING ACTIVITY OF AQUEOUS EXTRACT OF ROOTS OF BALIOSPERMUM MONTANUM MUELL-ARG,,,,,
SOME MEDICINAL FERNS OF SIKKIM HIMALAYAS,,,,,
DEVELOPMENT AND VALIDATION OF A SIMPLE ISOCRATIC HPLC METHOD FOR SIMULTANEOUS ESTIMATION OF PHYTOSTEROLS IN CISSUS QUADRANGULARIS,,,,,
SUSTAINABLE BARK HARVESTING AND PHYTOCHEMICAL EVALUATION OF ALTERNATIVE PLANT PARTS IN HOLARRHENA ANTIDYSENTERICA R. BR. SANS (KUTAJ),,,,,
A COMPARATIVE EVALUATION OF PIPERINE AND NALORPHINE AGAINST MORPHINE INDUCED RESPIRATORY DEPRESSION AND ANALGESIA,,,,,
DIURETIC ACTIVITY OF LEAVES OF ERYTHRINA INDICA LAM,,,,,
EXTRACTIVE OF MAMSA ROHINI (SOYMIDA FEBRIFUGA A.JUSS),,,,,
CHEMICAL EXAMINATION OF BLEPHARIS EDULIS PERS (ACANTHACEAE),"K.K.Purushothaman, S.Chandrasekharan.",The Journal of Research in Indian Medicine,1973,8,4
FLAVONOIDS OF DIKAMALI GUM,,,,,
DIURETIC ACTIVITY OF EXTRACTS OF CENTRATHERUM ANTHELMINTICUM,,,,,
PHARMACOGNOSTICAL STUDIES ON THE LEAVES OF BOERHAAVIA PUNARNAVA SPEC. NOV (SWETA PUNARNAVA),,,,,
ESTIMATION OF SUGAR IN ASAVAS & ARISTAS,,,,,
PHARMACOGNOSTIC STUDY OF DAEMIA EXTENSA R.BR.,,,,,
DRUGS AS LANDMARKS OF THE HISTORY OF INDIAN MEDICINE,,,,,
CHEMICAL STUDY OF THE LEAF OF HIBISCUS ROSA-SINENSIS LINN.,,,,,
EVALUATION OF ANTINOCICEPTIVE AND ANTI-INFLAMMATORY ACTIVITY OF STEMS OF GYNANDROPSIS PENTAPHYLLA LINN,,,,,
ANTIMICROBIAL AND ANTITUMOR ACTIVITY OF THE FRACTIONATED EXTRACTS OF KALIMUSLI (CURCULIGO ORCHIOIDES),,,,,
BENEFICIAL EFFECTS OF CARROT PECTIN AGAINST LEAD INTOXICATION IN WISTAR RATS,"1. Ouardia Ouldali, 2. A Aoues, 1. B Meddah, 2. M Slimani, 3. A Nicolas, 2. O Kharoubi.",International Journal of Green Pharmacy,2011,5,2
HERBAL INDICATORS AS A SUBSTITUENT TO SYNTHETIC INDICATORS,,,,,
ESTROGENIC ACTIVITY OF PETROLEUM ETHER EXTRACT OF SEEDS OF CITRUS MEDICA ON IMMATURE ALBINO RATS,,,,,
ANTI-OXIDANT ACTIVITY OF ETHYL ACETATE EXTRACT OF AQUILARIA AGALLOCHA ON NITRITE-INDUCED METHEMOGLOBIN FORMATION,,,,,
ISOLATION AND PHYSICOCHEMICAL CHARACTERIZATION OF FICUS RETICULATA FRUIT MUCILAGE,,,,,
IN VITRO EVALUATION OF CRUDE EXTRACTS OF CATHARANTHUS ROSEUS FOR POTENTIAL ANTIBACTERIAL ACTIVITY,,,,,
EFFECTS OF ETHANOL EXTRACT OF PISONIA ACULEATA LINN. ON EHRLICH ASCITES CARCINOMA TUMOR BEARING MICE.,,,,,
MACROPROLIFERATION OF GENTIANA KURROO ROYLE,,,,,
PHARMACOGNOSTICAL STUDIES ON THE LEAVES OF PLECTRANTHUS AMBOINICUS (LOUR) SPRENG,,,,,
ANALGESIC ACTIVITY OF SEEDS OF MORINGA OLEIFERA LAM.,,,,,
CULTIVATION OF CROCUS SATIVUS LINN. (KESAR) IN JAMMU,"T.N.Srivastava, S.C.Sankhyadhar.",Journal of Research Indian Medicine Yoga&Homoeopathy,1974,9,1
ON THE STUDY OF THE GROUP 'MANSI-TRAYA' IN AYURVEDA,,,,,
"ANTIOXIDANT, ANTIMICROBIAL AND CYTOTOXIC BIOASSAY OF MOLLUGO OPPOSITIFOLIUS L",,,,,
CHEMICAL COMPOSITION AND ANTIMICROBIAL ACTIVITY OF PIMPINELLA AFFINIS LEDEB. ESSENTIAL OIL GROWING IN IRAN,,,,,
EVALUATION OF ANTI-INFLAMMATORY ACTIVITY OF GYMNEMA SYLVESTRE LEAVES EXTRACT IN RATS,,,,,
EVALUATION OF ANTI-NOCICEPTIVE ACTIVITY OF CISSUS QUADRANGULARIS ON ALBINO MICE,,,,,
CHEMISTRY OF PUTRANJIVA ROXBURGHII,,,,,
EFFECT OF SHANKHAPUSPI ON EXPERIMENTAL STRESS,,,,,
PHARMACOGNOSTICAL STUDIES ON 'VIDHARA' PART 1 - IPOMOEA PETALOIDEA CHOIS,,,,,
AN EXPERIMENTAL STUDY OF DRUG INTERACTION BETWEEN PIPERINE AND PHENOBARBITONE BY ISOBOLS,,,,,
DISTRIBUTION OF ACONITES IN INDIA,H.S.Puri.,Journal of Research Indian Medicine Yoga&Homoeopathy,1974,9,4
A COMPARATIVE SEED MORPHOLOGY OF SOME OCIMUM SPECIES RAISED IN NAINITAL TARAI OF UTTAR PRADESH,,,,,
DETERMINATION OF BACOSIDE A BY HPTLC IN BACOPA MONNIERI EXTRACT,,,,,
FERNS- A MUCH NEGLECTED GROUP OF MEDICINAL PLANTS - III,,,,,
VALERIANA IN INDIAN MEDICINE VIS-A-VIS MODERN MEDICINE,,,,,
SIMULTANEOUS ESTIMATION OF GUGGULSTERONE E & Z AND TINOSPORASIDE IN JIVITPRADA VATI BY HPTLC METHOD,,,,,
CULTIVATION TRIALS OF BARLERIA PRIONITIS LINN. (KURANTAKA) USED IN INDIAN SYSTEM OF MEDICINE,,,,,
CULTIVATION TRIALS OF SOLANUM NIGRUM LINN. (KAKAMACHI),,,,,
PHARMACOGNOSTICAL STUDY OF PALANKYA II. SPINACIA OLERACEA LINN. LEAF.,,,,,
PHARMACOGNOSTICAL STUDY OF PLAKSHA II. LEAF OF FICUS TSIELA ROXB.,,,,,
PHARMACOGNOSTICAL STUDY OF BAUHINIA VARIEGATA LINN.,"Anand Prakash, S.Prasad, S.P.Wahi, A.K.Wahi.",Journal of Research Indian Medicine Yoga&Homoeopathy,1978,13,1
SPECTROGRAPHIC AND X-RAY FLUORESCENCE ANALYSIS OF A CLASS OF AYURVEDIC MEDICINES I CALCIUM BHASMAS,,,,,
FORMULATION AND EVALUATION OF ANTIHELMINTHIC POLYHERBAL TABLETS,,,,,
STANDARDIZATION OF SULAHARAN YOGA: AN AYURVEDIC TABLET FORMULATION,,,,,
STUDIES ON THE PHARMACOLOGICAL EFFECTS OF TINOSPORA CORDIFOLIA,,,,,
ANTIFUNGAL EFFICACY OF THE ESSENTIAL OILS DERIVED FROM THE VARIOUS SPECIES OF THE GENUS-CURCUMA LINN.,,,,,
CHEMICAL EXAMINATION OF ESSENTIAL OIL OF ASTER THOMSONI,,,,,
CHEMICAL EXAMINATION OF OCIMUM AMERICANUM (LABIATAE) - (KANJAMKORAI),,,,,
PHARMACOGNOSTICAL AND CHEMICAL STANDARDIZATION OF CONVOLVULUS ARVENSIS LINN (HIRANKHURI),,,,,
NOVELTIES OF RAJANARAHARI 2. SHREEVALLI-A NEW AND THE CORRECT AYURVEDIC NAME FOR ACACIA SINUATA (LOUR.) MERR.,,,,,
CHEMICAL EXAMINATION OF THE FRUITS OF SALACIA FRUTICOSA HEYNE,"N.Ramaiah, G.Arvindakshan Nair.",Journal of Research Indian Medicine Yoga&Homoeopathy,1978,13,2
PRELIMINARY STUDIES ON THE DIURETIC ACTIVITY OF MIMOSA PUDICA LINN IN EXPERIMENTAL ANIMALS,,,,,
ANTIFUNGAL ACTIVITY OF MEDICINAL PLANTS ON STORED SEEDS OF BARLEY,,,,,
"CYTOMORPHOLOGICAL STUDIES AND HPTLC FINGERPRINTING IN DIFFERENT PLANT PARTS OF THREE WILD MORPHOTYPES OF DATURA METEL L. ""THORN APPLE"" FROM NORTH INDIA",,,,,
"ISOLATION, IDENTIFICATION AND PURIFICATION OF CAFFEINE FROM COFFEA ARABICA L. AND CAMELLIA SINENSIS L.: A COMBINATION ANTIBACTERIAL STUDY",,,,,
EVALUATION OF ANTIMICROBIAL AND ANTIPLATELET AGGREGATION EFFECTS OF SOLIDAGO CHILENSIS MEYEN,,,,,
STUDY OF EXTRACTION AND HPTLC - UV METHOD FOR ESTIMATION OF CAFFEINE IN MARKETED TEA ( CAMELLIA SINENSIS ) GRANULES,,,,,
IN VITRO ANTIFUNGAL POTENCY OF SOME PLANT EXTRACTS AGAINST FUSARIUM OXYSPORUM,,,,,
ETHNOMEDICINAL PLANTS FOR PREVENTION AND TREATMENT OF TUMOURS,,,,,
"GALACTAGOGUE ACTION OF ROOTS OF VIRAN, SHALI, KUSH, KANS AND KATRIN",,,,,
GAUTHERIA FRAGRANTISSIMA WALL-A NEW RECORD FOR KARNATAKA STATE,"S.N.Yoganarasimhan, R.C.Nayar.",Journal of Research Indian Medicine Yoga&Homoeopathy,1978,13,3
OLDENLANDIA NUDICAULIS (WT. & ARN.) ROTH. (RUBIACEAE)- A NEW RECORD FOR KANATAKA STATE,,,,,
ANTIBACTERIAL AND ANTIFUNGAL STUDY OF SOME INDIGENOUS ESSENTIAL OILS,,,,,
ANTIBACTERIAL EVALUATION OF SAPINDUS EMARGINATUS VAHL LEAF IN IN-VITRO CONDITIONS,,,,,
EVALUATION OF TOXICITY AND THERAPEUTIC POTENTIALITIES OF NERIUM INDICUM,,,,,
PHYTOCHEMICAL ANALYSIS AND ANTIBACTERIAL ACTIVITY OF VITEX AGNUS-CASTUS,,,,,
"PHARMACOGNOSTIC STUDIES OF THE UNANI DRUG ""GHONGCHISAFAID"" (ABRUS PRECATORIUS L. SEEDS.)",,,,,
PHARMACOGNOSTICAL STUDIES ON THE ROOTS OF SALVIA LANATA ROXB.,,,,,
EVALUATION OF ANTINOCICEPTIVE EFFECT OF XANTHIUM STRUMARIUM LINN. LEAVES EXTRACT IN SWISS ALBINO MICE,,,,,
PHARMACOGNOSTICAL STUDY OF THE RHIZOME AND ROOT OF SACCHARUM MUNJA ROXB.,,,,,
EVALUATION OF ANTI-PYRETIC POTENTIAL OF SEEDS OF MORINGA OLEIFERA LAM,"1. NG Sutar, 2. VV Patil, 1. TA Deshmukh, 3. NM Jawle, 1. VR Patil, 2. SC Bhangale.",International Journal of Green Pharmacy,2009,3,2
PHARMACOGNOSTICAL STUDY OF THE RHIZOME AND ROOT OF THE SACCHARUM SPONTANEUM LINN.,,,,,
ISOLATION OF GALANGOGALLOSIDE FROM RHIZOMES OF ALPINIA GALANGA,,,,,
"CONTRIBUTION TO THE BOTANICAL INDENTITY OF ""KOKILAKSHA BEEJA"" OBTAINED IN MADRAS RAW DRUG TRADE",,,,,
A NEW SOURCE FOR SARIVA AND IDENTIFICATION OF SHWETA SARIVA,,,,,
THE COMBINATION EFFECT OF CURCUMIN WITH DIFFERENT ANTIBIOTICS AGAINST STAPHYLOCOCCUS AUREUS,,,,,
A RAPID AND SIMPLE SCHEME FOR THE STANDARDIZATION OF POLYHERBAL DRUGS,,,,,
ANTI-INFLAMMATORY AND ANALGESIC ACTIVITIES OF LEAF EXTRACT OF WATTAKAKA VOLUBILIS (DREAGEA VOLUBILIS),,,,,
PHARMACOLOGICAL EFFECTS OF METHANOLIC EXTRACT OF SWIETENIA MAHAGONI JACQ (MELIACEAE) SEEDS,,,,,
ANALGESIC AND ANTI-INFLAMMATORY ACTIVITIES OF THE HYDROALCOHOLIC EXTRACT FROM GLORIOSA SUPERBA LINN,,,,,
EFFECT OF TRIGONELLINE ON FERTILITY IN FEMALE RATS,"1. Urmila Aswar, 2. V Mohan, 1. SL Bodhankar.",International Journal of Green Pharmacy,2009,3,3
DIURETIC ACTIVITY OF A HERBAL PRODUCT UNEX,,,,,
ANTICANCER-CYTOTOXIC ACTIVITY OF SAPONINS ISOLATED FROM THE LEAVES OF GYMNEMA SYLVESTRE AND ECLIPTA PROSTRATA ON HELA CELLS,,,,,
STUDY OF METHANOLIC EXTRACT OF FLOWER OF SPATHODEA CAMPANULATA L. AS AN ANTI-SOLAR,,,,,
IN VITRO ANTIBACTERIAL ACTIVITY OF ARTEMISIA ANNUA LINN. GROWING IN INDIA,,,,,
ANTIBACTERIAL ACTIVITY OF PLANTS USED IN INDIAN HERBAL MEDICINE,,,,,
IN VITRO CYTOTOXICITY OF EXTRACTS AND FRACTIONS OF CALOTROPIS PROCERA (AIT.) ROOTS AGAINST HUMAN CANCER CELL LINES,,,,,
ANTITUMOUR ACTIVITY OF ETHANOLIC EXTRACT OF LEAVES OF HOLOPTELEA INTEGRIFOLIA ON DALTON'S ASCITIC LYMPHOMA IN SWISS ALBINO MICE,,,,,
ANTI-INFLAMMATORY ACTIVITY OF METHANOLIC EXTRACT OF BAMBUSA VULGARIS LEAVES,,,,,
EVALUATION OF ANTIBACTERIAL ACTIVITY OF BOERHAAVIA DIFFUSA L. LEAVES,,,,,
ANTIAMNESIC POTENTIALITY OF ARGYREIA SPECIOSA (BURM.F) BOJ. IN MICE,"1. PV Habbu, 2. KM Mahadevan, 1. RA Shastry, 1. SR Chilakwad.",International Journal of Green Pharmacy,2010,4,2
DIURETIC ACTIVITY OF EXTRACTS OF MIMUSOPS ELENGI LINN. BARK,,,,,
ANTIOXIDANT AND ANTIMICROBIAL ACTIVITIES OF ISOLATED CONSTITUENTS FROM THE BARK OF POLYALTHIA LONGIFOLIA,,,,,
GAS CHROMATOGRAPHY-MASS SPECTROMETRY ANALYSIS AND ANTIBACTERIAL ACTIVITY OF ESSENTIAL OIL FROM AERIAL PARTS AND ROOTS OF ANISOMELES INDICA LINN,,,,,
"BALANITES AEGYPTIACA (L.) DEL. (HINGOT): A REVIEW OF ITS TRADITIONAL USES, PHYTOCHEMISTRY AND PHARMACOLOGICAL PROPERTIES",,,,,
PHYTOPHARMACOLOGICAL REVIEW OF XANTHIUM STRUMARIUM L. (COCKLEBUR),,,,,
VARIATION OF CAPSAICINOIDS IN CHILLI (CAPSICUM FRUTESCENS L.) CULTIVARS WITH THE MATURITY OF FRUITS IN MIDDLE HILL CONDITIONS OF WESTERN HIMALAYAS,,,,,
"STANDARDISATION OF AN AYURVEDIC FORMULATION ""SANJIVANI VATI""",,,,,
APPLICATION OF HIGH PERFORMANCE LIQUID CHROMATOGRAPHY TO THE DETERMINATION AND VALIDATION OF LEVODOPA IN METHANOLIC EXTRACT OF MUCUNA UTILIS,,,,,
ACONITUM: NEED FOR SUSTAINABLE EXPLOITATION (WITH SPECIAL REFERENCE TO UTTARAKHAND),,,,,
WITHANOLIDES: PHYTOCONSTITUENTS WITH SIGNIFICANT PHARMACOLOGICAL ACTIVITIES,"1. Amritpal Singh, 2. Sanjeev Duggal, 2. Harmanpreet Singh, 3. Jaswinder Singh, 4. Shankar Katekhaye.",International Journal of Green Pharmacy,2010,4,4
A REPORT ON THE ANTIOXIDANT ACTIVITY OF THE POWDER OF THE ENTIRE PLANT OF PHYLLANTHUS RETICULATUS POIR,,,,,
"STUDY OF SUNSCREEN ACTIVITY OF AQUEOUS, METHANOL AND ACETONE EXTRACTS OF LEAVES OF PONGAMIA PINNATA (L.) PIERRE, FABACEAE",,,,,
COMPARATIVE ANATOMICAL FEATURES OF PROSOPIS CINERARIA (L.) DRUCE AND PROSOPIS JULIFLORA (SW.) DC (MIMOSACEAE),,,,,
"COMPARATIVE ESSENTIAL OIL COMPOSITION OF DIFFERENT VEGETATIVE PARTS OF HEDYCHIUM SPICATUM SMITH. FROM UTTARAKHAND, INDIA",,,,,
ESTIMATION OF BIOMARKERS BERBERINE AND GALLIC ACID IN POLYHERBAL FORMULATION PUNARNAVASHTAK KWATH AND ITS CLINICAL STUDY FOR HEPATOPROTECTIVE POTENTIAL,,,,,
FATE OF BIOMOLECULES DURING CARBON TETRACHLORIDE INDUCED OXIDATIVE STRESS AND PROTECTIVE NATURE OF AMMONIAC BACCIFERA LINN.: A NATURAL ANTIOXIDANT,,,,,
LIPID PEROXIDATION AND RENAL INJURY IN RENAL ISCHEMIA/REPERFUSION: EFFECT OF BENINCASA CERIFERA,,,,,
PASSIFLORA INCARNATA LINN: A PHYTOPHARMACOLOGICAL REVIEW,,,,,
ANTITUMOUR ACTIVITY OF ROOT EXTRACT OF LUDWIGIA PROSTRATA ROXB. AGAINST DALTONS ASCITIC LYMPHOMA,,,,,
ANTI - INFLAMMATORY AND ANALGESIC ACTIVITY OF ANACARDIUM OCCIDENTALE LEAF EXTRACTS,"S.P. Pawar, P.N.Sathwane, B.R. Metkar, S.C.Pal V.S. Kasture, S.B. Kasture.",Ancient Science of Life,2000,29,3&4
STUDIES ON SOME PHARMACOGNOSTICAL PROFILES OF LEUCAS LAVANDULAEFOLIA REES. (FAMILY LABIATAE),,,,,
ANDROGRAPHIS SPP.: A SOURCE OF BITTER COMPOUNDS FOR MEDICINAL USE,,,,,
SOME MORE WILD EDIBLE PLANTS OF NASIK DISTRICT (MAHARASHTRA),,,,,
COMPARATIVE STUDIES OF BOERHAAVIA DIFFUSA L. AND BOERHAAVIA VERTICILLATA POIR. (NYCTAGINACEAE),,,,,
PHARMACOGNOSY OF AERIAL PARTS OF CYNODON DACTYLON PERS. (GRAMINAE),,,,,
PHARMACOGNOSTIC PROFILES OF AZADIRACHTA INDICA A.JUSS.LEAVES,,,,,
STUDIES ON SOME PHARMACOGNOSTIC PROFILES OF CASSIA TORA LINN. LEAVES,,,,,
ANTIMICROBIAL POTENCY OF THE LEAF - STALK EXTRACT OF CURCUMA LONGA (LINN),,,,,
ANTI-TUMOR ACTIVITY OF TYLOPHORA ASTHMATICA,,,,,
SPERMICIDAL ACTIVITY IN VITRO OF BARK EXTRACT OF AZADIRACHTA INDICA IN RATS,"VINITA BHARGAVA, A.O. PRAKASH.",Ancient Science of Life,2000,20,1&2
A REVIEW ON THE AYURVEDIC HERB PROSOPIS CINERARIA (L) DRUCE.,,,,,
COMPARATIVE PHARMACOGONOSTIC STUDIES OF GENUINE AND COMMERCIAL SAMPLES OF TRIANTHEMA DECANDRA LINN.,,,,,
"LESS - KNOWN MEDICINAL USES OF PLANTS AMONG THE RURAL WOMEN OF SHAHJAHANPUR DISTRICT, U.P.",,,,,
PHARMACOGENOSTICAL STUDIES ON AERIAL PARTS OF TSODDALIA ASIATICA VAR. GRACILIS (L.) LAM.,,,,,
PLANT GENETIC RESOURCES AND KNOWLEDGE OF TRADITIONAL MEDICINE IN TAMIL NADU,,,,,
PHYTOCHEMICAL AND PHARMACOLOGICAL EVALUATION OF AMPELOCISSUS LATIFOLIA,,,,,
SOME PHARMACOGNOSTICAL CHARACTERISTICS OF TRAGIA INVOLUCRATA LINN. ROOTS.,,,,,
PREVENTION OF TOXIC EFFECTS OF MERCURIC CHLORIDE ON SOME MALE ACCESSORY ORGANS IN MICE WITH A MULTIHERBAL DRUG SPEMAN,,,,,
ANTIMICROBIAL ACTIVITY OF MOLLUGO CERVIANA SER. (MOLLUGINACEAE),,,,,
"SOME LESS KNOWN ETHNOMEDICINAL USES FROM MYSORE AND COORG DISTRICTS, KARNATAKA, SOUTHERN INDIA","R.D. KSHIRSAGAR, N.P. SINGH.",Ancient Science of Life,2001,20,3
"FOLK MEDICINE OF NASIK DISTRICT (MAHARASHTRA), INDIA",,,,,
PHYTOCHEMICAL OBSERVATION ON LEAF OF JUSTICIA TRANQUEBARIESIS. L.F.,,,,,
CONSERVATION AND MULTIPLICATION OF ENDANGERED PLANTS :1. LEPTOPHONIA RETICULATA (RETZ.) WIGHT. & ARN.,,,,,
ANTIBACTERIAL STUDIES ON THE LEAF EXTRACT OF STROBILANTHUS KUNTIANA,,,,,
INDIGENOUS PLANTS REPORTED FOR HYPOGLYCEMIC ACTIVITY,,,,,
STANDARDISATION AND QUALITY EVALUATION OF CENTELLA ASIATICA LINN.,,,,,
ANTIMICROBIAL ACTIVITY OF AQUEOUS EXTRACT OF LEAF AND STEM EXTRACT OF SANTALUM ALBUM.,,,,,
PHARMACOGNOSTICAL PROFILE OF ROOTS OF RUMEX NEPALENSIS SPRENG.,,,,,
VALIDATION OF ASHWAGANDHA CHURNAM,,,,,
ETHNOGRAPHY OF THE DRUG SAFED - MUSALI IN INDIA : A REVIEW,D.A. PATIL.,Ancient Science of Life,2001,21,1
PHARMACOGNOSTICAL STUDIES ON ORILAITAMARAI -HYBANTHUS ENNEASPERMUS (L) f. MUELL- (VIOLACEAE),,,,,
INVESTIGATIONS OF ANTI-VIRAL PROPERTIES ON EXTRACT OF PLEUROTUS SAJOR CAJU,,,,,
"VARIEGATED WILD MEDICINAL PLANT OF ANDROGRAPHIS PANICULATA NESS (ACANTHACEAE) RECORDED IN KONDAPALLI, KRISHNA DISTRICT OF ANDHRA PRADESH.",,,,,
"ANTIOXIDANT POTENTIAL OF SIDA RETUSA, URENA LOBATA AND TRIUMFETTA RHOMBOIDEA",,,,,
HERBAL FOLK MEDICINES OF JALGAON DISTRICT (MAHARASHTRA),,,,,
PHARMACOGNOSTICAL STUDIES OF ON CNICUS WALLICHI DC LEAF,,,,,
EVALUATION OF ANTI-INFLAMMATORY ACTIVITY AND TOXICITY STUDIES OF CHLOROXYLON SWEITENIA IN RATS,,,,,
FREE RADICAL SCAVENGING ACTIVITY OF FLAVONOID CONTAINING LEAF EXTRACTS OF STEVIA REBAUDIANA BERT,,,,,
VARIABILITY AND CHARACTER ASSOCIATION IN ROSE COLOURED LEADWORT (PLUMBAGO ROSEA Linn.),,,,,
PHYTOCHEMICAL CHARACTERISATION AND ANTI-MICROBIAL ACTIVITY OF VITEX NEGUNDU LEAVES,"S.M. VERMA, P.RAMCHANDRAN, R.K. VERMA.",Ancient Science of Life,2001,21,2
PHARMACOLOGICAL PROPERTIES OF A PROTEASE FROM FICUS HISPIAD LINN,,,,,
PHARMACOGNOSTICAL STUDIES ON CHANGERI OXALIS CORNICULATA LINN. (OXALIDACEAE):,,,,,
SAFETY AND TOXICITY PROFILE OF SOME METALLIC PREPARATIONS OF AYURVEDA,,,,,
PHARMACOGNOSTIC STUDIES ON THE FRUITS OF JATROPHA CURCAS LINN,,,,,
EFFECT OF POMEGRANATE (PUNICA GRANATUM L) JUICE ON CHANGES IN TISSUE GLUTATHIONE LEVELS OF RATS EXPOSED TOHIGH ALTITUDE HYPOXIA,,,,,
REVIEW ON PHYTOCHEMICAL AND MEDICINAL ASPECTS OF JUSSIAEA SUFFRUTICOSA LINN.,,,,,
ANTIMICROBIAL ACTIVITY OF SELECTED HERBAL EXTRACTS,,,,,
ANTIBACTERIAL ACTIVITY OF ROOT EXTRACT OF TRIANTHEMA DECANDRA,,,,,
STANDARDISATION AND QUALITY EVALUATION OF EUPHORBIN NIVULIA BUCH.HAM.,,,,,
MODERN PROPAGATION TECHNIQUESA CONSERVATION TOOL FOR CERTAIN ENDEMIC MEDICINAL PLANTS IN NILGIRI BIOSPHERE RESERVE,"S. PAULSAMY, K. ARUMUGASAMY.",Ancient Science of Life,2002,21,3
"TRADITIONAL USE OF FAMILY LORANTHACEAE FORM WESTERN MAHARASHTRA, INDIA",,,,,
ANTIMICROBIAL ACTION OF THE LEAF EXTRACT OF LAGERSTROEMIA PARVIFLORA ROXB,,,,,
TLC PROFILE AND PHYSICOCHEMICAL PARAMETERS OF HARIDRA KHANDA - AN AYURVREDIC FORMULATION,,,,,
ANTI-OXIDANT ACTIVITY OF MORINDA CITRIFOLIA ON LYMPHOMA-BEARING MICE,,,,,
STANSARDISATION OF SRINGA BHASMA,,,,,
ANTIMICROBIAL STUDIES OF SOME SELECTED MEDICINAL PLANTS,,,,,
PHYTOCHEMICAL INVESTIGATIONS OF INDIGOFERA TINCTORIA LINN LEAVES,,,,,
ANTIMICROBIAL ACTIVITY OF AYURVEDIC TABLET HADRABI,,,,,
ANTIBACTERIAL PROPERTIES OF LEUCAS CEPHALOTES (ROTH) SPRENG. LEAF,,,,,
PHARMACOGNOSTICAL AND PHYTOCHEMICAL INVESTIGATIONS ON THE TUBEROUS ROOTS OF HEMIDESMUS INDICUS (LINN.) R.BR. (ASCLEPIADACEAE),"M.CHITRA, J.E. THOPPIL.",Ancient Science of Life,2002,21,4
AGROTECHNIQUES FOR THE CULTIVATION OF CURCUMA ZEDOARIA (BERG.) ROSC.,,,,,
ETHNOBOTANICAL ASPECTS OF SOME PLANTS OF ARAVALLI HILLS IN NORTH GUJARAT,,,,,
PHARMACOGNOSTICAL AND PRELIMINARY PHYTOCHEMICAL STUDIES OF ACHYRANTHES ASPERA LINN,,,,,
"EVALUATION OF ANALGESIC, ANTICONVULSANT AND LOCOMOTOR ACTIVITIES OF ALCOHOLIC EXTRACT OF ACHYRANTHES BIDENTATA BLUME IN MICE",,,,,
ENZYMATIC ACTIVITY OF MOMORDICA CHARANTIA FRUITS,,,,,
COMPARATIVE ANTI - MICROBIAL EVALUATION STUDIES OF THE EXTRACTS AND ISOLATES OF LEAVES & BARK OF WRIGHTIA TOMENTOSA,,,,,
PHARMACOGNOSTIC STUDIES ON SIDA ACUTA BURM.F.,,,,,
PHARMACOGNOSTICAL STUDIES ON LEAF OF COLDENIA PROCUMBENS LINN,,,,,
PHARMACOGNOSTICAL STUDIES ON LEAVES OF COMMIPHORA CAUDATA (WIGHT & ARN) ENGL,,,,,
ANTIBACTERIAL ACTIVITY OF LEAF EXTRACT OF ABUTILON INDICUM,M. POONKOTHAI.,Ancient Science of Life,2006,26,1&2
PHYSICO-CHEMICAL PROFILE OF CISSUS QUADRANGULARIS L. VAR-I IN DIFFERENT SOILS,,,,,
PHARMACOGNOSTIC STUDIES ON THE ROOTS OF BALIOSPERMUM RAZIANA KESHAV ET YOG.,,,,,
PHYTOCHEMICAL OBSERVATION ON LEAF OF LAGERSTROMIA PARVIFLORA (ROXB),,,,,
PRELIMINARY PHYTOCHEMICAL STUDIES ON SOLANUM SURATTENSE BURM.F. SEEDS,,,,,
PHARMACOGNOSTICAL AND PHYTOCHEMICAL STUDIES ON CURCUMA AMADA (LINN.) RHIZOME (ZINGIBERACEAE),,,,,
ACUTE AND SUB - ACUTE TOXICITY STUDIES OF HEMIDESMUS INDICUS VAR. PUBESCENS R.BR.,,,,,
A COMPARATIVE STUDY ON THE EFFECT OF PLANT EXTRACTS WITH THE ANTIBIOTICS ON ORGANISMS OF HOSPITAL ORIGIN,,,,,
PHYTOCHEMICAL AND ANTIMICROBIAL STUDIES OF EXTRACTS OF SOLANUM XANTHOCARPUM,,,,,
AMELIORATION OF MERCURIC CHLORIDE INDUCED NEPHROTOXICITY AND OXIDATIVE STRESS BY GARLIC EXTRACT,,,,,
ANTIFUNGAL ACTIVITY OF SOME COLEUS SPECIES GROWING IN NILGIRIS.,"Nilani . P, Duraisamy.B., Dhanabal.P.S , Saleemullah khan, Suresh.",Ancient Science of Life,2006,26,1&2
ANALGESIC ACTIVITY OF THE ROOTS OF BALIOSPORMUM MONTANUM LINN,,,,,
MICROBIAL GROWTH INHIBITION BY APARAJITHA DHOOMA CHOORNAM,,,,,
ANTIMICROBIAL SCREENING OF LEAVES OF MEMECYLON UMBELLATUM,,,,,
ANTIBACTERIAL EFFICACY AND PHYTOCHEMICAL OBSERVATION OF SOME INDIAN MEDICINAL PLANTS,,,,,
INFLUENCE OF SPIRULINA ON THE PHENYTOIN INDUCED HAEMATOLOGICAL CHANGES,,,,,
FREE RADICAL SCAVENGING ACTIVITY OF DIFFERENT PARTS OF WITHANIA SOMNIFERA,,,,,
PHARMACOGNOSTICAL AND PHYSICOCHEMICAL CHARACTERISTICS OF ROOTS OF LESSER KNOWN MEDICINAL PLANT CAESALPINIA DIGYNA ROTTL,,,,,
PHYSICOCHEMICAL CHARACTERISTICS OF CLODENIA PROCUMBENS LINN,,,,,
PHARMACOGNOSTICAL INVESTIGATIONS ON TRIPHALA CHURNAM,,,,,
IN-VITRO MICROPROPAGATION OF RAUWOLFIA SERPENTINA THROUGH MULTIPLE SHOOT GENERATION,"1. Vandana Jain, 2. D. Singh, Swarnalata Saraf, 2. S. Saraf.",Ancient Science of Life,2003,23,1
ANTIBACTERIAL ACTIVITY OF STEM EXTRACTS OF TINOSPORA CORDIFOLIA (WILLD) HOOK. F & THOMSON,,,,,
PRELIMINARY PHYTOCHEMICAL STUDIES ON LEAVES OF DRYMARIA CORDATA WILLD,,,,,
STUDIES OF PHARMACOGNOSTICAL PROFILES OF CLEOME VISCOSA L (FAMILY:CAPPARIDACEAE),,,,,
PHARMACOGNOSTICAL STUDIES ON LEAVES OF ATAIANTIA MONOPHYIA CORREA,,,,,
"TRADITIONAL MEDICINAL KNOWLEDGE ON MORINGA CONCANENSIS NIMMO OF PERAMBALUR DISTRICT, TAMILNADU",,,,,
IN-VITRO CULTURE STUDIES FOR CALLUS AND ROOT GENERATION OF BOERHAAVIA DIFFUSA LINN,,,,,
COMPARATIVE MICROBIOLOGICAL ACTIVITIES OF ETHANOLIC EXTRACTS OF ROOTS AND AERIAL PARTS OF ACHYRANTHES ASPERA LINN,,,,,
ANTIBIOGRAM AND GC ANALYSIS OF EUPHORBIA HIRTA LEAF EXTRACT,,,,,
DIURETIC ACTIVITY OF COLEUS AROMATICUS BENTH ON RATS,,,,,
EMERGENCE OF MESUA FERREA LINN. LEAF EXTRACT AS A POTENT BACTERICIDE,"1. Rupa Mazumder, 2. Sujata G. Dastidar, 3. S.P. Basu, 1. Avijit Mazumder, 1. Sanjay Kumar.",Ancient Science of Life,2003,22,4
"ETHNOBOTANICAL MEDICINES OF ANAIMALAI UNION POLLACHI TALUK, COIMBATORE DISTRICT, TAMILNADU",,,,,
STUDIES ON PHARMACOGNOSTICAL FEATURES OF CURCUMA DOMESTICA VAL.,,,,,
PHYTOCHEMICAL ANALYSIS & ANTIBACTERIAL ACTIVITY OF NERIUM OLEANDER,,,,,
PHARMACOGNOSTICAL AND PHYTOCHEMICAL STUDIES ON LEAVES OF ANTISOMELES MALABARICA R.BR.,,,,,
ANTIMICROBIAL ACTIVITY OF THE ROOTS OF COCCULUS HIRSUTUS,,,,,
IN VITRO ANTIOXIDANT AND ANTILIPIDPEROXIDATIVE POTENTIAL OF PLEUROTUS FLORIDA,,,,,
"ANTIMICROBIAL STUDIES ON METHANOL EXTRACT OF BENINCASA HISPIDA COGN., FRUIT.",,,,,
ANTIMICROBIAL ACTIVITY OF ROOT EXTRACTS OF DALBERGIA SPINOSA ROXB.,,,,,
IN VITRO ORGANOGENESIS OF LYCIANTHES BIGEMINATA BITTER,,,,,
PHARMACOGNOSTICAL EVALUATION OF CAESALPINIA SAPPAN HEARTWOOD,"1. Shrishailappa Badami, 1. Sujay R. Rai, 1. Sudheer Moorkoth, 2. Rajan S, 1. Suresh B.",Ancient Science of Life,2003,23,2
PHARMACOGNOSTICAL AND PHYTOCHEMICAL STUDIES ON LEAVES OF DODONAEA VISCOSA LINN.,,,,,
"PRELIMINARY PHYTOCHEMICAL STUDIES ON THE ROOTS OF COCCULUS HIRSUTUS, LINN.",,,,,
ANTIBACTERIAL STUDIES ON LEAF EXTRACT OF ELEPHANTOPUS SCABER LINN,,,,,
"A NOTE ON THE COMMERCIALLY EXPLOITED MEDICINAL PLANTS OF THE VELLIANGIRI HILLS, COIMBATORE DISTRICT, TAMILNADU",,,,,
PHARMACOGNOSTIC STUDIES ON GISEKIA PHARNACEOIDES LINN,,,,,
DETERMINATION OF PUERARIN FROM PUERARIA TUBEROSA DC BY HPLC,,,,,
MACROPROPAGATION OF THE INDIAN MEDICINAL PLANT PREMNA TOMENTOSA WILLD.,,,,,
ANTIPYRETIC ACTIVITY OF RADIX PAEONIAE,,,,,
DIURETIC ACTIVITY OF THE EXTRACT OF VITIS INDICA,,,,,
MODULATORY EFFECTS OF LXORA COCCINEA FLOWER ON CYCLOPHOSPHAMIDE TOXICITY IN TUMOUR BEARING MICE.,"P G Latha, S.R.Suja, K R Panikkar, S Rajasekharan.",Ancient Science of Life,2004,23,4
ANTIMICROBIAL POTENTIAL OF VITEX TRIFOLIA LINN,,,,,
PHARMACOGNOSTICAL STUDIES ON CISSUS QUADRANGULARIS L. VARIANT I & II,,,,,
ANATOMICAL FEATURES AND HISTOLOGICAL STUDIES ON CRESSA CRETICA LINN.,,,,,
COMPARATIVE STUDY OF SOME COMMERCIAL SAMPLES OF NAGA BHASMA.,,,,,
STUDIES OF PHARMACOGNOSTICAL PROFILES OF ADANSONIA DIGITATA LINN,,,,,
ANTI-INFLAMMATORY ACTIVITY OF CASSIA AURICULATA,,,,,
EXOTIC FLORA OF SOME GRASSLANDS OF NILGIRIS WITH THEIR MEDICINAL USES,,,,,
STUDIES ON SOME PHARMACOGNOSTIC PROFILES OF SWIETENIA MACROPHYLLA. KING,,,,,
OBSERVATIONS ON PLANTLORE IN BULDHANA DISTRICT OF MAHARASHTRA,,,,,
MINERAL AND BIOCHEMICAL ANALYSIS OF VARIOUS PARTS OF CISSUS QUADRANGULARIS LINN.,"R. Udayakumar, M.Sundaran, Raghuram Krishna.",Ancient Science of Life,2004,26,2
PRELIMINARY PHYTOCHEMICAL STUDIES ON BARK OF COMMIPHORA BERRYI (ARN) ENGLLOR,,,,,
HERBS CONTAINING L- DOPA: AN UPDATE,,,,,
STUDIES ON PHARMCOGNOSTICAL FEATURES OF ZIZYPHUS MAURITIANA LINN. ROOT (FAMILY: RHAMNACEAE),,,,,
PRELIMINARY PHYTOCHEMICAL INVESTIGATION AND ANTIBACTERIAL ACTIVITY OF PHYLLANTHUS AMARUS SCHUM & THORN,,,,,
FORMULATION AND EVALUATION OF RICE BRAN WAX AS OINTMENT BASE,,,,,
PHYTOCHEMICAL ANALYSIS OF ACHYRANTHES ASPERA AND ITS ACTIVITY ON SESAME OIL INDUCED LIPID PEROXIDATION,,,,,
QUALITY VARIATIONS IN BLACK MUSLI (CURCULIGO ORCHIOIDES GAERTN.),,,,,
IN VITRO ANTIOXIDANT STUDIES OF THE ETHANOLIC EXTRACT OF TEPHROSIA PURPUREA L.,,,,,
PREPARATION AND EVALUATION OF HERBAL SHAMPOO POWDER,"1. Sachin Dubey, 1. Neelesh Nema, 2. S. Nayak.",Ancient Science of Life,2004,26,1
ANTIOXIDANT POTENTIAL OF LACTUCA SATIVA.,,,,,
COMPARATIVE ANTIMICROBIAL ACTIVITIES OF EMBLICA OFFICINALIS AND OCIMUM SANCTUM,,,,,
"CONSERVATION OF AN ENDEMIC MEDICINAL PLANT, BERBERIS TINCTORIA LESCH. IN NILGIRIS THROUGH MICRO PROPAGATION",,,,,
PHARMACOGNOSTICAL EVALUATION OF CHLOROPHYTUM BORIVILIANUM ROOT,,,,,
PRELIMINARY PHYTOCHEMICAL AND ANTI-INFLAMMATORY ACTIVITY OF BARK OF COMMIPHORA BERRYI (ARN) ENGLOR.,,,,,
EFFECT OF CONTAINER ON AYURVEDIC DRUGS - A SELECT STUDY.,,,,,
A COMPARATIVE PHARMACOGNOSTICAL EVALUATION OF TWO ARTEMISIA SPECIES FOUND IN NILGIRIS BIOSPHERE,,,,,
EVALUATION OF ANTI - INFLAMMATORY ACTIVITY OF ECLIPTA ALBA IN RATS.,,,,,
ANALGESIC ACTIVITY OF JUSTICIA BEDDOMEI LEAF EXTRACT,,,,,
"ETHNO - VETERINARY PLANTS OF NADURBAR DISTRICT OF MAHARASHTRA, INDIA","P.V. RAMALAH, M.B. PATIL.",Ancient Science of Life,2005,24,3
EVALUATION OF HERBAL TOOTHPOWDER FOR ITS PIPERINE CONTENT,,,,,
A COMPARATIVE ANTIMICROBIAL STUDY ON THE ESSENTIAL OIL OF THE LEAVES OF VARIOUS SPECIES OF CUPRESSUS,,,,,
TAXUS - THE PANACEA FOR CANCER TREATMENT,,,,,
DIURETIC ACTIVITY OF NYCTANTHES ARBORTRISTIS LINN,,,,,
ANTIBACTERIAL ACTIVITY OF COLDENIA PROCUMBENS LINN,,,,,
EFFECT OF SEMECARPUS ANACARDIUM AGAINST LEAD INDUCED TOXICITY IN RATS,,,,,
ETHNOMEDICINAL INVESTIGATION IN NANDURBAR DISTRICT OF MAHARASTHTRA,,,,,
FLUORESCENCE ANALYSIS ON THE ROOTS OF RAUVOLFIA SERPENTINA (L.) BENTH. EX KURZ UNDER UV RADIATION.,,,,,
ANTIMICROBIAL PROPERTIES OF ACHYRANTHES ASPERA,,,,,
DIFFERENTIATION OF SARACA ASOCA CRUDE DRUG FROM ITS ADULTERANT,"SAMUEL MATHEW, GRACY MATHEW, JOY, P.P, BABY P.SKARIA, JOSEPH,T.S.",Ancient Science of Life,2005,24,4
"ETHNO MEDICAL KNOWLEDGE OF PLANTS USED BY IRULA TRIBES, CHENGAL COMBAI, THE NILGIRIS, TAMILNADU",,,,,
PHARMACOGNOSY OF CASSIA ALATA LINN - LEAVES,,,,,
"ETHNO- MEDICO - BOTANICAL STUDIES OF BADAGA POPULATION IN THE NILGIRI DISTRICT OF TAMILNADU, SOUTH INDIA",,,,,
PHYSICO-CHEMICAL AND PHARMACOGNOSTIC INVESTIGATION OF FRUIT PULP OF MANGIFERA INDICA LINN.,,,,,
SOME LESS KNOWN MEDICINAL PLANTS TRADITIONALLY USED IN DHARMAPURI DISTRICT - TAMILNADU,,,,,
HPTLC AND ANTIBACTERIAL ANALYSIS OF EXTRACTS OF CRESSA CRETICA LINN.,,,,,
PREPARATION AND ESTIMATION OF METAL COMPLEXES OF GLABRIN FROM PONGAMIA GLABRA LINN. SEEDS,,,,,
"ANTIBACTERIAL ACTIVITY OF AEGLE MARMELOS AGAINST LEAF, BARK AND FRUIT EXTRACTS",,,,,
PHYTOCHEMICAL OBSERVATION OF WHOLE PLANT OF PHYLLANTHUS DEBILIS KLEIN .EX.WILLD,,,,,
PHARMACOGNOSTICAL AND PRELIMINARY PHYTOCHEMICAL STUDIES OF PASSIFLORA FOETIDA,"1. Krishnaveni. A, 2. Santh Rani Thaakur.",Ancient Science of Life,2008,17,3
PHARMAMACGNOSTICAL EVALUATION OF IONlDIUM SUFFRlITlCOSAM GING (FAMILY: VIOLACEAE),,,,,
CONTRACEPTIVE EFFICACY OF PLUMBAGO ZEYLANICA ROOT EXTRACT (50% ETOH) IN MALE ALBINO RATS WITH SPECIAL EMPHASIS ON TESTICULAR CELL POPULATION DYNAMICS,,,,,
"FOLK HERBAL MEDICINE : A SURVEY ON THE PANIYA TRIBES OF MUNDAKUNNU VILLAGE OF THE NILGIRI HILLS, SOUTH INDIA.",,,,,
EVALUATION OF EXTRACTS OF THE ROOT OF SEIDENFIA RHEEDII (SW.) SZLACH. FOR ANTIBACTERIAL ACTIVITY,,,,,
ANTIMICROBIAL ACTIVITY OF ROOT BARK OF SALACIA RETICULATA,,,,,
EVALUATION OF LAUHA BHASMA ON CLASSICAL ANALYTICAL PARAMETERS - A PILOT STUDY.,,,,,
ANTIINFLAMMATORY ACTIVITY OF CONE VOLA TILE OIL OF CUPRESSUS FUNEBRIS ENDL.,,,,,
ANTIBACTERIAL EFFECT OF BULBOPHYLLUM NEILGHERRENSE WT. (ORCHIDACEAE). AN INVITRO STUDY,,,,,
PRELIMINARY PHYTOCHEMICAL AND ANTIMICROBIAL ACTIVITES ON THE LEAVES OF NARINGI CRENULATA ROXB,,,,,
PRELIMINARY STUDIES ON PHYTOCHEMICAL AND ANTIBACTERIAL ACTIVITY OF LIMONIA ACIDISSIMA L. PLANT PARTS,"Asha Thomas, N. R. Ponnammal.",Ancient Science of Life,2005,25,2
ANTIMICROBIAL PROPERTIES OF ROOTS OF MEDICINAL PLANTS,,,,,
COMPARISION OF DIURETIC ACTIVITY OF ETHANOLIC EXTRACT OF AERVA LANATA (LINN.) JUSS. EX. SCHULT & AERVA TOMENTOSA FORSK. FAMILY: AMARANTHACEAE.,,,,,
"ETHNOBOTANICAL STUDIES ON THE WILD EDIBLE PLANTS USED BY THE TRIBALS OF ANAIMALAI HILLS, THE WESTERN GHATS",,,,,
CHEMISTRY OF KUPIPAKWA RASAYANAS - A REVIEW,,,,,
PHARMACOGNOSTICAL STUDIES ON THE LEAVES OF CASSIA TORA LINN. (FAM. CAESALPINIACEAE),,,,,
PHYTO-PHARMACOGNOSTICAL INVESTIGATION AND EVALUATION OF ANTI-INFLAMMATORY AND SEDATIVE HYPNOTIC ACTIVITY OF THE LEAVES OF ERYTHRINA INDICA Lam,,,,,
PHYTOCHEMICAL CONSTITUENTS OF SOME INDIAN MEDICINAL PLANTS,,,,,
A PHARMACOGNOSTICAL REPORT ON THE RHIZOME OF ALPINIA GALANGA LINN. (WILLD).,,,,,
A STUDY ON THE LEVELS OF NONENZYMIC ANTIOXIDANTS IN THE LEAVES AND FLOWERS OF CLITORIA TERNATEA,,,,,
INHIBITION OF IN VITRO CYTOTOXIC EFFECT EVOKED BY ALPINIA GALANGA AND ALPINIA OFFICINARUM ON PC - 3 CELL LINE,"S.Suja, P.Chinnaswamy.",Ancient Science of Life,2008,27,4
EVALUATION OF ANTI-INFLAMMATORY AND ANTI OXIDANT ACTIVITY OF A POLY HERBAL FORMULATION - CHYAVANA DRINK,,,,,
PHARMACOGNOSTIC AND PHYTOCHEMICAL INVESTIGATION OF LEAVES OF PANDANUS ODORATISSIMUS LINN.F,,,,,
PHARMACOGNOSTICAL INVESTIGATION ROOTS OF MONOCHORIA VAGINALIS PRESL,,,,,
ANTIBACTERIAL ACTIVITY OF STEM AND LEAF EXTRACT OF KEDROSTIS FOETIDISSIMA (JACQ.) COGN.,,,,,
NEUTRACEUTICALS IN AYURVEDA WITH SPECIAL REFERENCE TO AVALEHA KALPANA,,,,,
"COMPARATIVE STUDY ON EFFICACY OF ANTIMICROBIAL ACTIVITY OF THREE AYURVEDIC DRUGS BALAGUDUCHI, DHANADANAYANADI AND DASAMOOLABALA ON ISOLATED NOSOCOMIAL PATHOGENS",,,,,
PHYTOCHEMICAL CHARACTERISTICS OF ICHNOCARPUS FRUTESCENS (L) R.BR,,,,,
ASSESSMENT OF ANTI-INFLAMMATORY ACTIVITY OF TAXUS BACCATA LINN. BARK EXTRACK,,,,,
SCREENING OF SELECTED SINGLE AND POLYHERBAL AYURVEDIC MEDICINES FOR ANTIBACTERIAL AND ANTIFUNGAL ACTIVITY,,,,,
INFLUENCE OF ARBUSCULAR MYCORRHIZAL FUNGI ON BIOCHEMICAL CHANGES IN WEDILLA CHINENSIS (OSBECK) MERRIL.,"1. Mathan C. Nisha, 2. Sevananrajeshkumar.",Ancient Science of Life,2010,29,3
ANCIENT CONCEPT OF METAL PHARMACOLOGY BASED ON AYURVEDIC LITERATURE,,,,,
PHYSICO-PHYTOCHEMICAL INVESTIGATION AND ANTI-INFLAMMATORY SCREENING OF CAPSICUM ANNUM L. AND HEMIDESMUS INDICUS (LINN.) R.BR.,,,,,
NOMENCLATURE OF ANUKTA DRAVYA,,,,,
VANGA BHASMA AND ITS XRD ANALYSIS,,,,,
PREPARATION AND PHYSICO-CHEMICAL EVALUATION OF KSHIRAMANDURA,,,,,
COMPARATIVE ANTIMICROBIAL ACTIVITY OF CALLUS AND NATURAL PLANT EXTRACTS OF SOLANUM TRILOBATUM L.,,,,,
DIURETIC ACTIVITY OF ROOT EXTRACTS OF DALBERGIA SPINOSA ROXB.,,,,,
"ETHNO MEDICAL STUDIES IN TALAKONA FOREST RANGE OF CHITTOR DISTRICT, ANDHRAPRADESH.",,,,,
PHARMACOLOGICAL ATTRIBUTES OF INDIAN MEDICINAL PLANTS WITH SPECIAL REFERENCE TO THEIR ANTI-INFLAMMATORY ACTIVITY,,,,,
IN - VITRO ANTI - INFLAMMATORY ACTIVITY OF AQUEOUS EXTRACT OF LEAVES OF PLECTRANTHUS AMBOINICUS (LOUR.) SPRENG,"1. V.R. Ravikumar, 1. M. Dhanamani, 2. T. Sudhamani.",Ancient Science of Life,2009,28,4
ANTIBACTERIAL ACTIVITY OF LEPTADENIA RETICULATA (RETZ.) WIGHT. & ARN. (ASCLEPIDACEAE),,,,,
ANTIMICROBIAL ACTIVITIES OF ICHNOCARPUS FRUTESCENS (L.) R.BR. AND HEMIDESMUS INDICUS R.BR. ROOTS.,,,,,
PHYTOCHEMICAL OBSERVATION AND ANTIBACTERIAL ACTIVITY OF CYPERUS ESCULENTUS L.,,,,,
PRELIMINARY PHYTOCHEMICAL SCREENING AND ANTIMICROBIAL STUDIES ON ARTOCARPUS LAKOOCHA ROXB.,,,,,
FORMULATION DEVELOPMENT AND IN VITRO ANTIOXIDANT STUDIES OF CHURNAS CONTAINING NATURAL SWEETENER AND NUTRACEUTICAL,,,,,
"TRADITIONAL HERBAL REMEDIES IN BULDHANA DISTRICT (MAHARASHTRA, INDIA)",,,,,
STUDIES ON SOME PHARMACOGNOSTIC PROFILES OF PITHECEILOBIUM DULCE BENTH. LEAVES (LEGUMINOSAE),,,,,
COMPARATIVE PHYTOCHEMICAL ANALYSIS OF SHOREA ROBUSTA GAERTN (OLEORESIN) WSR TO ITS SEASONAL COLLECTION,,,,,
"PHARMACOGNOSTIC, PHYTOCHEMICAL AND ANTI-MICROBIAL STUDIES OF SOLANUM INDICUM LEAVES",,,,,
ANTIBACTERIAL ACTIVITY ON CITRULLUS COLOCYNTHIS LEAF EXTRACT,"1. S. Shyamala gowri, 2. S. Priyavardhini, 3. Dr. K. Vasantha, 4. M. Umadevi.",Ancient Science of Life,2009,29,1
IN VITRO ANTI-TUMOUR STUDIES ON CNICUS WALLICHI DC,,,,,
DIURETIC ACTIVITY OF THE LEAVES OF COLEUS AROMATICUS BENTH.,,,,,
CULTIVATION AND CONSERVATION OF GUGGULU (COMMIPHORA MUKUL),,,,,
BIOCHEMICAL AND PHYTOCHEMICAL CHARACTERIZATION OF HYPERICUM MYSORENSE AN ANTIDEPRESSANT UNEXPLOITED MEDICINAL PLANT OF NILGIRIS BIOSPHERE,,,,,
IDENTIFICATION OF CHRYSOPLENETIN FROM VITEX NEGUNDO AS A POTENTIAL CYTOTOXIC AGENT AGAINST PANC-1 AND A PANEL OF 39 HUMAN CANCER CELL LINES (JFCR-39),,,,,
HERBO MINERAL FORMULATIONS (RASAOUSHADHIES) OF AYURVEDA AN AMAZING INHERITANCE OF AYURVEDIC PHARMACEUTICS,,,,,
PHARMACOGNOSTICAL STANDARDIZATION OF TEPHROSIA PURPUREA PERS ROOT,,,,,
PHARMACOGNOSTIC AND PHYTOCHEMICAL ANALYSIS OF DIFFERENT MARKET SAMPLES OF ASHOKA (SARACA INDICA LINN),,,,,
IN VITRO ANTIOXIDANT ACTIVITIES OF ASTERACEAE PLANTS,,,,,
PRELIMINARY PHYTOCHEMICAL SCREENING OF SOME INDIAN MEDICINAL PLANTS,"A.Doss, M.Sc, M.Phil.",Ancient Science of Life,2009,29,2
PHARMACOGNOSTICAL AND PHYTOCHEMICAL STUDIES ON ORIGANUM VULGARE L.(LAMINACEAE).,,,,,
"ANTIBACTERIAL ACTIVITY OF METHANOL EXTRACT OF RUTA CHALAPENSIS (L), QUERCUS INFECTORIA (OLIVER) AND CANTHIUM PARVIFLORUM (LAM)",,,,,
"ETHNO MEDICAL STUDIES IN KAILASAGIRIKONA FOREST RANGE OF CHITTOR DISTRICT, ANDHRA PRADESH",,,,,
PHARMACOGNOSTICAL AND PHYTOCHEMICAL EVALUATION OF THE LEAVES OF BAUHINIA PURPUREA LINN.,,,,,
PHARMACOGNOSTIC AND PRELIMINARY PHYTOCHEMICAL STUDIES ON WRIGHTIA TINCTORIA (ROXB.) R. BR. FLOWERS,,,,,
PHYTOCHEMICAL AND PHARMACOGNOSTIC INVESTIGATION OF MICHELIA CHAMPACA LINN. - STEM BARK,,,,,
EVALUATION OF SEED OIL OF MORINGA CONCANENSIS NIMMO. (MORINGACEAE),,,,,
PHARMACOGNOSTIC STUDY OF CHLOROPHYTUM BORIVILIANUM SAN. & FERN. TUBEROUS ROOT,,,,,
PHARMACOGNOSTICAL STUDIES ON STEM BARK OF OROXYLUM INDICUMVENT,,,,,
"EFFECT OF COWDUNG MANURE, GIBBERELIC ACID, UREA AND DIFFERENT SOIL SAMPLES ON GROWTH AND TOTAL ALKALOID CONTENT IN ROOTS OF DESMODIUM GANGETICUM (L) DC.","U.R. Viswakarma, A.M. Gurav, P.C Sharma.",Journal of Drug Research in Ayurveda and Siddha,2010,31,3-4
STANDARDIZATION OF SAPTASARA KVATHA CHURNA BY CHEMICAL METHODS,,,,,
ANALYSIS OF SUDARSHANA CHURNA,,,,,
ETHNOMEDICINAL PLANTS USED BY THE PAROJA TRIBE OF KORAPUT,,,,,
IMPORTANCE OF MEDIA IN SHODHANA (PURIFICATION/PROCESSING) OF POISONOUS HERBAL DRUGS,,,,,
DEVELOPMENT OF COW DUNG BASED HERBAL MOSQUITO REPELLENT,,,,,
STERCULIA GUTTATA SEEDS EXTRACTIVES - AN EFFECTIVE MOSQUITO LARVICIDE,,,,,
"IDENTIFICATION OF THE INGREDIENTS IN CURNA, KVATHA CURNA LEHYA AND RASAYANA - A SIMPLE MICROSCOPIC METHOD",,,,,
STUDIES ON IDENTIFICATION OF VAIKRANTA USED IN AYURVEDA,,,,,
CONCEPT OF AYURVEDIC SODHANA METHOD AND ITS EFFECTS WITH REFERENCE TO SULPHUR,,,,,
THE PHARMACOGNOSY OF NATTU ATIVIDAYAM - THE CORMS OF CRYPTOCORYNE SPIRALIS FISCH,"1. ANANDAKUMAR. A, 2. RAJENDRAN. V, 2. THIRUGNANASAMBANTHAM.P, 3. BALASUBRAMANIAN. M, 3. MURALIDHARAN. R.",Ancient Science of Life,1982,1,4
OBSERVATIONS ON TEPHROSIA PURPUREA (L.) PERS. GROWING IN AND AROUND GAUHAT (ASSAM),,,,,
TULSI - THE MOTHER MEDICINE OF NATURE FOR EXCELLENT HEALTH AND MEDICINAL REMEDY.,,,,,
ANALYTICAL STUDY OF TOXIC PRINCIPLES IN SELF PREPARED AND MARKET SAMPLES OF SANJEEVANI VATI,,,,,
KATTU SIRAKAM - ITS PHARMACOGNOSY.,,,,,
PRESERVATION OF MEDICINAL PREPARATION IN INDIAN SYSTEM OF MEDICINE 1. EVALUATION OF CINNOMON AND CLOVE AS PRESERVATIVES FOR KWATHAS,,,,,
NOTES ON THREE NEW IMMIGRANT SPECIES OF SPILANTHES JACQ. (ASTERACEAE) IN INDIA AND THE IDENTITY OF THE COMMON TOOTH - ACHE PLANT.,,,,,
KUTAJA BIJA - ITS PHARMACOGNOSY.,,,,,
MALAXIS ACUMINATA: A REVIEW,,,,,
STUDIES ON SOME SOUTH INDIAN MARKET SAMPLES OF AYURVEDIC DRUGS - III,,,,,
REVIEW ON CASSIA FISTULA,"1. Chauhan Neelam, 1. Bairwa Ranjan, 1. Sharma Komal, 2.Chauhan Nootan.",International Journal of Research in Ayurveda and Pharmacy,2011,2,2
CENTELLA ASIATICA: THE ELIXIR OF LIFE,,,,,
CISSAMPELOS PAREIRA: A PROMISING ANTIFERTILITY AGENT,,,,,
BITTER MELON: A BITTER BODY WITH A SWEET SOUL,,,,,
PHARMACOGNOSTICAL AND PHYTOCHEMICAL INVESTIGATION ON LEAVES OF CASSIA OBTUSIFOLIA LINN.,,,,,
SEASONAL ALTERATIONS IN THE CARBOHYDRATE STATUS AND SECONDARY METABOLITE CONTENT OF STEM BARK OF CRATAEVA RELIGIOSA,,,,,
PHARMACOGNOSTICAL AND PRELIMINARY PHYTOCHEMICAL STUDIES OF CASSIA SOPHERA LINN.,,,,,
PRELIMINARY PHARMACOGNOSTICAL AND PHYTOCHEMICAL EVALUATIONOF ARGYREIA NERVOSA LEAF,,,,,
CHEMICAL STANDARDIZATION OF KUNDUR (OLEO-GUM-RESIN OF BOSWELLIA SERRATA ROXB),,,,,
PHYTOCHEMICAL STUDIES OF THE GENUS ZINGIBER FROM FAMILY ZINGIBERACEAE,,,,,
EFFECT OF TIME ON THE FERMENTATION AND STORAGE OF CANDANASAVA,"MUZAFFER ALAM, B. RUKMANI, K.K. SHANMUGHADASAN, K.K PURUSHOTHAMAN.",Ancient Science of Life,1984,4,1
AN UPDATED OVERVIEW ON SOLANUM XANTHOCARPUM SCHRAD AND WENDAL,,,,,
ANTI-CARIOGENIC EFFECTS OF POLYPHENOL PLANT PRODUCTS-A REVIEW,,,,,
SOME PHARMACOLOGICAL ACTIONS OF NIMBIDIN- A BITTER PRINCIPLE OF AZADIRACHTA INDICA- A JUSS (NEEM),,,,,
FORMULATION AND EVALUATION OF TASTE MASKED CHEWABLE HERBAL TABLET FOR COUGH REMEDY,,,,,
BOTANICAL NOTES ON THE IDENTITY OF CERTAIN HERBS USED IN AYURVEDIC MEDICINES IN KERALA -1-THAMALAKI,,,,,
"CHEMICAL, MICROBIOLOGICAL AND COMPARATIVE FERMENTATION STUDIES ON DASAMULARISHTA",,,,,
IINHIBITION OF TYPE I 5 - REDUCTASE BY MEDICINAL PLANT EXTRACTS.,,,,,
A PERLIMINARY PHYTOCHEMICAL INVESTIGATION ON THE LEAVES OF SOLANUM XANTHOCARPUM,,,,,
EVALUATION OF PHYSICOCHEMICAL AND PRELIMINARY PHYTOCHEMICAL STUDIES ON THE ROOT OF BOMBAX CEIBA LINN.,"1. Garg Nitika, 2. Meena Ajay, 1. Nain jaspreet.",International Journal of Research in Ayurveda and Pharmacy,2011,2,3
STANDARDISATION OF DIKAMALI,,,,,
ELA AS DEPICTED IN BRHATRAYI,,,,,
PHARMACOGNOSTICAL STUDIES ON MELILOTUS INDICA ALL LEAF,,,,,
CYCLEA BARBATA MIERS (MENISPERMACEAE): A NEW RECORD OF A MEDICINAL PLANT FROM SOUTH INDIA,,,,,
ROLE OF MERCURY IN SVARNA VANGA PREPARATION,,,,,
STUDIES ON SOME SOUTH INDIAN MARKET SAMPLES OF AYURVEDIC DRUGS-IV,,,,,
MEDICINAL OLEOGUM RESIN - GUGGULU A REVIEW.,,,,,
ESTIMATION OF EMBELIN IN EMBELIA TSJERIAM-COTTAM FRUITS BY HPLC TO STANDARDIZE HARVESTING TIME,,,,,
TRITERPENOIDS FROM SCHLEICHERA OLEOSA OF DARJEELING FOOTHILLS AND THEIR ANTIMICROBIAL ACTIVITY,,,,,
"SEASONAL VARIATION IN ESSENTIAL OIL CONTENT AND COMPOSITION OF THYME, THYMUS SERPYLLUM L. CULTIVATED IN UTTARAKHAND HILLS","1. RS Verma, 2. RK Verma, 1. A Chauhan, 1. AK Yadav.",Indian Journal of Pharmaceutical Sciences,2011,73,2
SIMULTANEOUS DETERMINATION OF WITHANOLIDE A AND BACOSIDE A IN SPANSULES BY HIGH-PERFORMANCE THIN-LAYER CHROMATOGRAPHY,,,,,
ESTIMATION OF PHYTOCHEMICAL CONTENT AND ANTIOXIDANT ACTIVITY OF SOME SELECTED TRADITIONAL INDIAN MEDICINAL PLANTS,,,,,
PHARMACOGNOSY OF SWIETENIA MAHAGONI BARK DRUG.,,,,,
ANTINOCICEPTIVE ACTIVITY OF ACUTE AND CHRONIC ADMINISTRATION OF MURRAYA KOENIGII L. LEAVES IN EXPERIMENTAL ANIMAL MODELS,,,,,
ANALGESIC ACTIVITY AND SAFETY OF ASH OF SILVER USED IN INDIAN SYSTEM OF MEDICINE IN MICE: A REVERSE PHARMACOLOGICAL STUDY,,,,,
EVALUATION OF ANTIOXIDANT ACTIVITY OF TWO IMPORTANT MEMORY ENHANCING MEDICINAL PLANTS BACCOPA MONNIERI AND CENTELLA ASIATICA,,,,,
NAGAKESARA - A COMPARATIVE PHARMACOGNOSY,,,,,
BOTANICAL NOTES ON THE IDENTITY OF CERTAIN HERBS USED IN AYURVEDIC MEDICINES IN KERALA. III. HRIBERA AND AMRAGANDHA,,,,,
EXPERIMENTAL STUDIES ON THE FERMENTATION OF ARAVINDASAVA,,,,,
MICROWAVE-ASSISTED EXTRACTION OF LUPEOL FROM CUSCUTA REFLEXA ROXB. GROWING ON DIFFERENT HOSTS AND ITS QUANTITATION BY HIGH-PERFORMANCE THIN LAYER CHROMATOGRAPHY,"1. Sunita Shailajan, 2. Sasikumar Menon, 1. Harshvardhan Joshi.",International Journal of Green Pharmacy,2011,5,3
COMPARISON OF ANTIMICROBIAL ACTIVITY OF HERBS & SPICES AND THEIR PHYTOCHEMICAL DETERMINATION,,,,,
STUDIES ON DEVELOPMENT OF ORAL COLON TARGETED DRUG DELIVERY SYSTEM OF LOCUST BEAN AND XANTHAN GUMS,,,,,
SAFETY EVALUATION OF GYMNEMA SYLVESTRE AND TERMINALIA BELERICA,,,,,
SPECTROSCOPIC ANALYSIS OF YASADA BHASMA (ZINC SALT),,,,,
"ANTIMICROBIAL, ANTIOXIDANT AND CYTOTOXIC EFFECTS OF THE BARK OF TERMINALIA ARJUNA",,,,,
STANDARDIZATION OF YAKRIT PLIHANTAK CHURNA: AN AYURVEDIC POLYHERBAL FORMULATION,,,,,
PHARMACOLOGICAL EFFECTS OF CAROTENOIDS: A REVIEW,,,,,
COMPARATIVE STUDY OF PHENOLICS AND ANTIOXIDANT ACTIVITY OF PHYTOCHEMICALS OF T.CHEBULA EXTRACTED USING MICROWAVE AND ULTRASONICATION,,,,,
PHYSICOCHEMICALS AND PHYTOCHEMICALS EVALUATION OF CAPPARIS ZEYLANICA LINN.,,,,,
COMPARATIVE PHARMACOGNOSTIC AND PHYTOCHEMICAL STUDIES OF THE RAW DRUG SOURCES OF PRASARINI USED IN AYURVEDA,"K. Sereena, T. P. Girija, Sreekanth Sreedhar, A. B. Rema Shree.",International Journal of Pharmaceutical Sciences and Research,2012,3,1
PHARMACOGNOSTICAL STUDIES ON LEAF OF POLYGONUM GLABRUM WILLD.,,,,,
STUDIES ON SOME SOUTH INDIAN MARKET SAMPLES OF AYURVEDIC DRUGS - V,,,,,
IDENTIFICATION OF KARANJADVAYA,,,,,
SHORT RESEARCH COMMUNICATION TLC - SPECTROPHOTOMETRIC ANALYSIS OF STRYCHNINE AND BRUCINE FROM THE AYURVEDIC PILLS OF NUX VOMICA.,,,,,
PHARMACOGNOSTIC EVALUATION OF KATPHALA (THE BARK OF MYRICA ESCULENTA BUCH - HAM).,,,,,
"STUDIES ON DASAMULA - ITS CHEMISTRY, BOTANY & BIOLOGY PART - I PRISNIPARNI",,,,,
STANDARDIZATION OF AN AYURVEDIC DRUG : TRIVANGA BHASMA,,,,,
PHARMACOGNOSTIC STUDIES ON WAGATEA SPICATA DALZELL,,,,,
PRESENT STATUS OF RESEARCH ON GENUS : MIMOSA,,,,,
"EPHEDRA, THE OLDEST MEDICINAL PLANT WITH THE HISTORY OF AN UNINTERRUPTED USE",S. MAHDIHASSAN.,Ancient Science of Life,1987,7,2
PHARMACOGNOSTICAL STUDIES ON THE ROOT OF SAHACHARA NILGIRIANTHUS HEYNEANUS (Nees) Bremek - (ACANTHACEAE),,,,,
LITERARY SUPPORT TO THE VEGETABL ORIGIN OF SHILAJIT,,,,,
PHARMACOBOTANICAL STUDIES ON SHVET SHARPUNKHA - A COMPARATIVE DIAGNOSTIC ACCOUNT OF TEPHROSIA VILLOSA PERS. AND T. PURPUREA (LINN.) PERS. FORM ALBIFLORA S. R. PAUL et. R. C. GUPTA,,,,,
VESSELS IN SOME APOCYNACEAE,,,,,
PHYTO - CHEMISTRY AND PHARMACOLOGY OF SHANKAPUSHPI - FOUR VARIETIES.,,,,,
COMPARATIVE AND FERMENTATION STANARDISATION STUDIES ON DASAMULARISHTA,,,,,
"AROGYAPPACHA (TRICHOPUS ZEYLANICUS Gaerin), THE GINSENG OF KANI TRIBES OF AGASHYAR HILLS (KERALA) FOR EVER GREEN HEALH AND VITALITY",,,,,
SOME PHARMACOLOGICAL ACTIONS OF PONGAMIA PINNATA LINN (KARANJA),,,,,
COMPARATIVE STUDY OF HERBAL AGENTS USED FOR FUMIGTATION IN RELATIONS TO FORMULATION,,,,,
A PRELIMINARY STANDARD FOR SURADARULEPA CHURNA- AN AYURVEDIC PREPARATION,"ANANDAKUMAR. A, MURALISHARAN. R, BALASUBRAMANIAN.M.",Ancient Science of Life,1989,8,3&4
STUDIES ON MRTASANJIVANI SURA,,,,,
STUDIES ON THE STANDARDISATION OF MAHALAKSADI TAILA,,,,,
STANDARDISATION OF AYURVEDIC MEDICINES - DASAMULAM KASAYAM,,,,,
CONTRIBUTION TO THE WOOD ANATOMY OF TINOSPORA SINENSIS (LOUR) MERRILL IN RELATION WITH T.CORDIFOLIA MIERS,,,,,
VESSELS IN SOME ASLEPIADCEAE,,,,,
PHARMACEUTICAL INVESTIGATIONS ON SALACIA MACROSPERMA-1,,,,,
A COMPARATIVE STUDY ON THE IMMUNOLOGICAL PROPERTIES OF BREAST MILK AND COWS MILK - II,,,,,
STUDIES ON AYURVEDIC TABLETS - PART I DISINTEGRATION TIME AS A PRELIMINARY TOOL FOR STANDARDISATION.,,,,,
STUDIES ON COMMERCIAL SAFFRON,,,,,
MACRO AND MICROSCOPICAL STUDIES ON VANAHARIDRA CURCUMA AROMATICA SALISB,"T. R. SHANTHA, K. GOPAKUAMR, B.VIJAYALAKSHMI.",Ancient Science of Life,1991,10,3
PHARMACOGNOSTICAL STUDIES ON THE LEAVES OF COMMIPHORA MUKUL HOOK EX STOCKS,,,,,
"PHARMACOGNOSTICAL STUDIES ON THE ROOT TUBERS OF MINNIKIZHANGU, DOLICHOS TRILOBUS L. (D.FALCATUS KLEIN) - (FABACEAE)",,,,,
ROLE OF DIFFERENT CONTAINERS AND METHODS ON ALCOHOLIC PREPARATIONS WITH REFERENCE TO KUTAJARISTA,,,,,
TAXONOMIC STUDY OF AN AYURVEDIC HERB KADE-CHIRAYET FROM PUNE AND NEIGHBOURING DISTRICTS,,,,,
PHARMACOGNOSTIC STUDY OF LEAF OF HYPTIS SUAVEOLENS L.,,,,,
PHARMACOGNOSTICAL STUDIES ON THE SOUTH INDIAN MARKET SAMPLE OF KARKATASRINGI (KADUKKAIPOO) - TERMINALIA CHEBUL (GAERTN. LEAF GALL),,,,,
STUDIES ON THE STANDARDISATION OF CURNAS PART - II TALISADYA CURNA,,,,,
STANDARDISATION OF SOMARAJEE TAILA,,,,,
STUDIES ON MELOTHRIA MADERASAPATANA (LINN). COGN,,,,,
STANDARDISATION OF THE AYURVEDIC MEDICINE PINDATAILA,"P.T.A HEPSIBAH, M.P ROSAMMA, N.B.R. PRASAD, P. SANJEEV KUMAR.",Ancient Science of Life,1996,15,3
STUDIES ON STANDARDISATION OF TRIBHUVANAKIRTI RASA,,,,,
A NEW METHOD FOR PREPARATION OF KAJJALI,,,,,
A REVIEW ON NELUMBO NUCIFERA GAERTN.,,,,,
PHARMACOGNOSTICAL AND CLINICAL STUDIES ON WATTAKAKA VOLUBILIS (LINN.F.),,,,,
"SOME PHARMACOGNOSTICAL CHARACTERISTICS OF ASPARAGUS RACEMOSUS WILLD, ROOTS",,,,,
SOME PHARMACOGNOSTICAL CHARACTERISTICS OF MORINGA OLEIFERA LAM. LEAVES,,,,,
PHYTOCHEMICAL OBSERVATIONS ON SOME SPECIES OF ANDROGRAPHIS WALL.,,,,,
PHARMACEUTICAL PROCESSING IN PANCHAKARMA VIS-A-VIS POLIO MYELITIS,,,,,
COMPARATIVE PHARMACOGNOSY OF MEDICINALLY IMPORTANT INDIAN VITEX SPECIES,,,,,
FURTHER STUDIES ON CHEMICAL EVALUATION OF LAUHA BHASMA III,"A. KESHRI, P.R.P VERMA, 1. C.M PRASAD.",Ancient Science of Life,1996,16,1
STANDARDISATION OF KSHEERABALA TAILA,,,,,
FORMULATION AND EVALUATION OF POLYHERBAL HAIR CARE POWDERS,,,,,
THE GENUS TRIGONELLA - PHYTOCHEMISTRY AND BIOLOGY.,,,,,
ETHNOMEDICAL AND PHARMACOGNOSTIC INVESTIGATIONS ON RHAPHIDOPHORA PERTUSA SCHOTT,,,,,
STANDARDISATION OF PRAVALA BHASMA,,,,,
CHROMATOGRAPHIC STUDIES ON A HERB DECOCTION,,,,,
PHARMACOGNOSTICAL PROFILE OF RHIZOME OF NELUMBO NUCIFERA GAERTN.,,,,,
STANDARDISATION OF AYURVEDIC OILS,,,,,
EXTRACTION AND PHYSICO-CHEMICAL STUDIES OF DIASTASE-LIKE ENZYME FROM PIPER BETEL PETIOLES: PART II,,,,,
STANDARDISATION OF KUTAJADIVISHESH YOGA,"Anand Kumar choudhary, S.K. Dixit.",Ancient Science of Life,1998,17,4
CHEMISTRY AND ANTIMICROBIAL ACTIVITY OF THE ESSENTIAL OIL FROM ANISOMELES INDICA (L).,,,,,
PHARMACOGNOSY OF LEAVES OF WRIGHTIA TINCTORIA R. BR.,,,,,
A SPECTROPHOTOMETRIC METHOD TO ESTIMATE PIPERINE IN PIPER SPECIES,,,,,
STANDARDISATION OF ELADICHOORNAM,,,,,
EFFECT OF SHODHANA ON THE TOXICITY OF ABRUS PRECATORIUS,,,,,
A PHARMACOGNOSTIC REPORT ON THE LEAF AND ROOT OF POLYSCIAS FRUTICOSA (L.) HARMS,,,,,
STUDIES ON SOME PHAMACOGNOSTICAL PROFILE OF FICUS RACEMOSA LINN (FAM. MORACEAE) LEAVES,,,,,
"EFFECT OF GAMMA RADIATION AND DIFFERENT PACKINGS USED FOR STORAGE OF THE DRUG BAHERA FRUIT (TERMINALIA BELERICA ROXB) ON MICROFLORA POPULATION (FUNGI, PATHOGENIC BACTERIAL SP. & SPC) AND ON THE PHYTOCONSTITUENTS (PROTEIN AND TANNIN)",,,,,
CHEMICAL SCREENING OF CHIRATA (SWERTIA CHIRAYITA Karst COLLECTIONS FROM HIMACHAL PRADESH FOR BITTER CONTENT VARIABILITY,,,,,
STANDARDISATION OF AYURVEDIC TAILAS,"HEPSIBAH P.T.A, ROSAMMA M.P.",Ancient Science of Life,1999,18,3&4
CYTOTXIC FATTY ACID GLYCERIDES FROM THE SEEDS OF PSORALEA CORYLIFOLIA,,,,,
A TLC IDENTIFICATION AND SPECTROPHOTOMETRIC ESTIMATION OF EMBELIN IN EMBELIA RIBES,,,,,
PHARMACOGNOSTICAL STUDIES ON AGLAIA ROXBURGHIANA MIQ. VAR. BEDDOMEI,,,,,
PREPARATION AND EVALUATION OF TINCTURE OF AZADIRACHTA INDICA A. JUSS. LEAVES,,,,,
PHARMACOGNOSTIC STUDIES ON CENTELLA ASIATICA (L) URBAN,,,,,
EFFECT OF AZADIRACHTA INDICA LEAF EXTRACT ON OESTROUS CYCLE OF RATS,,,,,
PHARMACOGNOSTICAL AND PHYTOCHEMICAL INVESTIGATION OF PERISTROPHE BICALYCULATA,,,,,
"PHARMACOGNOSTICAL, PHYTOCHEMICAL AND ANTIMICROBIAL STUDIES ON STEM BARK OF TECOMELLA UNDULATA SEEM",,,,,
TLC AS A TOOL FOR STANDARDISATION OF AYURVEDIC FORMULATIONS WITH SPECIAL REFERENCE TO KUTAJARISHTA,,,,,
STANDARDISATION OF MURIVENNA AND HEMAJEEVANTI TAILA,"P.T.A. HEPSIBAH, M.P. ROSAMMA, N.BABU RAJENDRA PRASAD, P.SANJEEV KUMAR.",Ancient Science of Life,1993,14,3&4
A REVIEW ON LICORICE,,,,,
PHARMACOLOGICAL STUDIES OF ARAUCARIA BIDWILLI HOOK,,,,,
COMPARATIVE STUDIES OF RUBIA CORDIFOLIA LINN. AND RUBIA TINCTORUM LINN (RUBIACEAE),,,,,
ESTIMATION OF STEROLS FROM DASHMULA,,,,,
ON THE VARIATION OF ALKALOIDAL CONTENTS OF FUMARIA INDICA AT DIFFERENT STAGES OF LIFE SPAN,,,,,
STUDY OF GROWTH CYCLE OF BHUIAVLI (PHYLLANTHUS NIRUR) AND ITS PHYTOCHEMISTRY DURING GROWTH,,,,,
A SIMPLE METHOD FOR DETERMINATION OF CAFFEINE CONTENT IN TEA SAMPLES,,,,,
SAPONIFICATION EQUIVALENT OF DASAMULA TAILA,,,,,
STANDARDISATION OF KARPURASAVA,,,,,
THE ROLE OF GANDHKA JARANA IN THE PREPARATION OF SAMGUNA AND SADAGUNA RASA SINDURA,"PRADEEP KUMAR PRAJAPATI, A.K. SINGH, DAMODAR JOSHI, N.C. ARYYA.",Ancient Science of Life,1994,14,1&2
NOMENCLATURAL CONFUSION OF SOME SPECIES OF ANDROGRAPHIS WALL,,,,,
ON IMPROVING THE DISINTEGRATION OF AYURVEDIC PILLS CONTAINING GUGGULU,,,,,
STANDARDISATION OF THALEESAPATRADI CHURNAM,,,,,
DETECTION OF ACORUS CALAMUS IN AYURVEDIC PREPARATIONS,,,,,
"CULTIVATION OF SILYBUM MARIANUM GAERTN., A PROMISING MEDICINAL PLANT",,,,,
PHYTOCHEMICAL STUDY ON THE LEAVES OFALSTONIA SCHOLARIS AND THEIR EFFECTS ON PATHOGENIC ORGANISMS,,,,,
DETECTION AND ESTIMATION OF CURCUMBA LONGA IN AYURVEDIC PREPARATIONS,,,,,
SACRED TULSI (OCIMUM SANCTUM L.) IN TRADITIONAL MEDICINE AND PHARMACOLOGY,,,,,
RAPID MULTIPLICATION OF WEDELIA CHINENSIS (OSBECK) MERR - A VALUABLE MEDICINAL HERB.,,,,,
IDENTITY OF MOLLUGO STRICTA ROOTS: A POSTENTIAL ANTIFERTILITY DRUG FOR FUTURE,"P.PADMA, R.L. KHOSA.",Ancient Science of Life,1995,15,2
STANDARDIZATION AND BIOAVAILABILITY OF AYURVEDIC DRUG LAUHA BHASMA-PART - II COMPARATIVE BIOAVAILABILITY STUDIES.,,,,,
CYCLEA PELTATA DIELS - A POSSIBLE SUBSTITUTE FOR CISSAMPELOS PAREIRA LINN.,,,,,
CHEMICAL CHARACTERISATION OF BHUIAVALI (PHYLLANTHUS NIRURI).,,,,,
PHYSICAL CHARACTERIZATION OF THE TINCTURES OF FICUS RACEMOSA L.,,,,,
ANTIMICROBIAL ACTIVITY OF THE ESSENTIAL OIL OF THUJA ORIENTALIS L,,,,,
COLORIMETRIC DETERMINATION OF RESERPINE IN POLYHERBAL FORMULATIONS,,,,,
URGINEA NAGARJUNAE HEMADRI ET SWAHARI A NEW SPECIES OF LILIACEAE FROM INDIA (A NEW PLANT DISCOVERY),,,,,
EXPERIMENTAL STUDIES ON THE FERMENTATION IN ASAVAS AND ARISTAS PART -1 DRAKSARISTA,,,,,
A POLLEN ANALYTICAL STUDY OF SOME HONEYS FROM KARWAR KARNATAKA,,,,,
IDENTIFICATION OF DARU-HARIDRA (COSCINIUM FENESTRATUM),N. S. Mooss.,Ancient Science of Life,1983,2,3
COMPARATIVE FLUORESCENCE AND CHROMATOGRAPHIC STUDIES OF THE PLANTS USED AS VIDARI,,,,,
EXPERIMENTAL STUDIES ON EUPHORBIA W. AIT,,,,,
EXPERIMENTAL STUDIES ON THE FERMENTATION IN ASAVAS AND ARISTAS PART -II DRAKSARISTA,,,,,
NOVELTIES OF RAJANARAHARI-4: IDENTIFICATION OF A NEW AYURVEDIC DRUG-KARI,,,,,
STUDIES ON SOME SOUTH INDIAN MARKET SAMPLES OF AYURVEDIC DRUGS-II,,,,,
STUDIES ON SOME SOUTH INDIAN MARKET SAMPLES OF AYURVEDIC DRUGS-I,,,,,
HPTLC ANALYSIS OF HEPATOPROTECTIVE DITERPENOID ANDROGRAPHOLIDE FROM ANDROGRAPHIS PANICULATA NEES (KALMEGH),,,,,
PARTICLE SIZE ESTIMATION AND ELEMENTAL ANALYSIS OF LAUHA BHASMA,,,,,
PHYTO-PHARMCEUTICAL ASSAY OF DASHAMOOLADI RASAYANA COMPOUND: A NOVEL COMPOUND FOR DIABETIC POLYNEUROPATHY,,,,,
REVIEW ON SOME CARDIOPROTECTIVE PLANTS FROM AYURVEDA,"Arya Vikrant, Gupta Vivek Kumar.",International Journal of Research in Ayurveda and Pharmacy,2011,2,1
ANTIMICROBIAL POTENTIAL OF POLYHERBO-MINERAL FORMULATION JATYADI TAILA - A REVIEW,,,,,
PHYTOCHEMICAL AND PHARMACOLOGICAL STATUS OF DATURA FASTUOSA LINN,,,,,
ANTI CANCER PROPERTY OF PALNT PRODUCTS,,,,,
PHARMACOGNOSTICAL AND PHYTOCHEMICAL EVALUATION OF LEAF OF JATROPHA GOSSYPIFOLIA L,,,,,
PHYTOCHEMICAL AND THERAPEUTIC POTENTIAL OF PIPER LONGUM LINN A REVIEW,,,,,
PHYTOCHEMICAL SCREENING OF PLANT OF ENICOSTEMMA AXILLARE,,,,,
ANTHELMINTIC AND ANTIOXIDANT ACTIVITY OF ALCOHOLIC EXTRACTS OF DIFFERENT PARTS OF COLEUS AMBOINICUS LOUR,,,,,
PHARMACOGNOSTIC EVALUATION OF LEAVES OF ALANGIUM SALVIIFOLIUM LINN,,,,,
PHYTOCHEMICAL AND PHARMACOGNOSTICAL STUDIES ON PEDALLIUM MUREX LINN,,,,,
EVALUATION OF PHYTOCHEMICAL AND ANTIBACTERIAL ACTIVITY OF PLECTRANTHUS AMBOINICUS,"1. Arunkumar Sathasivam, 2. Karthikeyan Elangovan.",International Journal of Research in Ayurveda and Pharmacy,2011,2,1
PHYSICO-CHEMICAL STANDARDISATION AND DEVELOPMENT OF HPTLC METHOD FOR THE DETERMINATION OF ANDROGRAPHONIN IN KALMEGH NAVAYAS LOHA - AN AYURVEDIC FORMULATION,,,,,
IN VITRO ANTHELMINTIC ACTIVITY OF ACALYPHA INDICA LEAVES EXTRACTS,,,,,
SWARNA BHASMA AND GOLD COMPOUNDS: AN INNOVATION OF PHARMACEUTICS FOR ILLUMINATION OF THERAPEUTICS,,,,,
CONCEPT OF SHODHANA AND ITS EFFECTS WITH SPECIAL REFERENCE TO TAMRA (COPPER),,,,,
A COMPARATIVE PHYTOCHEMICAL SCREENING OF ROOT AND STEM OF PIPER LONGUM LINN.,,,,,
A PRELIMINARY PHARMACOGNOSTICAL AND PHYSICOCHEMICAL ASSAY OF VASAKHANDA KUSHMANDAKA GRANULES,,,,,
SYNTHESIS OF GLABRIN A AND ITS N-METHYLATED ANALOG AS POTENT INSECTICIDAL AGENTS,,,,,
THE USE OF SIDA PLANT IN THE PREPARATION OF NAYAPAYAM KASHAYAM,,,,,
ANTAGONISTIC MICROBIAL SCREENING OF SHOOT EXTRACTS OF ZEHNERIA SCABRA (L.F.) SONDER,,,,,
USE OF THIN LAYER CHROMATOGRAPHY IN THE QUALITY ASSESSMENT OF ABHAYARISTAM,"1. G Jayakumar, 1. M D Ajitha bai, 1. S P Sunitha Rani, 1. R Asha, 2. Harsha Mahadevan.",International Journal of Research in Ayurveda and Pharmacy,2012,3,1
A PHARMACEUTICAL COMPARISON OF GUDUCHI GHRITA PREPARED FROM MALE AND FEMALE PLANTS OF TINOSPORA CORDIFOLIA (WILLD.) MIERS.,,,,,
A STUDY ON PHYSICO-CHEMICAL STANDARDIZATION OF A FORMULATED TRIPLE VIBURNUM STEM ASAVA POSSESSING ANTI-HELMINTIC ACTIVITY,,,,,
ANTIMICROBIAL ACTIVITIES OF PEDALIUM MUREX LINN ON MICROBIAL PATHOGENS,,,,,
ANTI-MICROBIAL SCREENING OF SOME MEDICINAL PLANT EXTRACTS,,,,,
PHARMACOGNOSTIC STUDIES TRACHYSPERMUM AMMI LINN. A POWDER ANALYSIS,,,,,
PHARMACOGNOSTICAL AND PHYTOCHEMICAL INVESTIGATION OF AERIAL PARTS OF ARISTOLOCHIA INDICA L.,,,,,
STUDIES OF THE EFFICACY OF ALOE VERA ON ANTIMICROBIAL ACTIVITY,,,,,
PHARMACOGNOSTIC AND PHYTOCHEMICAL EVALUATION OF CHLOROPHYTUM GLAUCUM DALZ A MEDICINALLY IMPORTANT PLANT,,,,,
ROLE OF MICRONUTRIENTS FOR IMPROVING YIELD AND SENNOSIDE CONTENTS IN TRADITIONAL MEDICINAL PLANT CASSIA ANGUSTIFOLIA VAHL.,,,,,
SCREENING OF ANTIOXIDANT ACTIVIITY AND PHENOLIC CONTENT OF WHOLE PLANT OF BARLERIA PRIONITIS LINN.,"Chavan Chetan, Mulik Suraj, Chavan Maheshwari, Adnaik Rahul, Patil Priyanka.",International Journal of Research in Ayurveda and Pharmacy,2011,2,4
PHYTOCHEMICAL ESTIMATION OF ANTHRAQUINONES FROM CASSIA SPECIES,,,,,
PHYTOCHEMICAL SCREENING OF LEAVES OF JATROPHA CURCAS PLANT,,,,,
"SYNTHESIS, CHARACTERIZATION AND EVALUATION OF PHYSICAL PROPERTIES OF BIODEGRADABLE COMPOSITES FROM LENS CULINARIS",,,,,
CORRELATION BETWEEN PHYTOCHEMICAL SCREEING AND SOME BIOLOGICAL ACTIVITIES USING PLANT EXTRACTS,,,,,
EVALUATIONOF ANTIBACTERIAL ACTIVITY OF CAFFEINE,,,,,
PAPITA FRUIT: A DELICIOUS REMEDY FOR DEPRESSION,,,,,
ANTIOXIDANT EFFECT OF MAJORANA HORTENSIS LEAVES,,,,,
"MORPHOLOGICAL, ANATOMICAL, CYTOLOGICAL AND PALYNOLOICAL CHARACTERIZATION OF TWO CULTIVARS OF ABELMOSCHUS MOSCHATUS (L.) MEDIK (MALVACEAE)",,,,,
A PRELIMINARY PHYSICO-CHEMICAL ASSAY OF ASHWAGANDHA GRANULES A PILOT STUDY,,,,,
HEPATOTOXICITY AND HEPATOPROTECTISM HERBS: HERBAL REMIDIES,"Das Arpita, Biswas Pritam, Chakrabarty Panjal.",International Journal of Research in Ayurveda and Pharmacy,2011,2,4
PHYLLANTHUS AMARUS: AN AMPLE THERAPEUTIC POTENTIAL HERB,,,,,
CASSIA TORA: A PHYTO-PHARMACOLOGICAL OVERVIEW,,,,,
PREPARATION AND PHYSICO-CHEMICAL STANDARDIZATON OF VIBURNUM PUNCTATUM ARISTA,,,,,
INVESTIGATION TO THE ANTIMICROBIAL PROPERTIES OF EUPHORBIA HETEROPHYLLA ON TYPHOID DISEASE CAUSATIVE AGENTS,,,,,
PHYTOCHEMISTRY AND PHARMACOLOGICAL POTENTIAL OF ACHYRANTHES ASPERA-A REVIEW,,,,,
EVALUATION OF PHAMACOGNOSTIC AND PHYSICOCHEMICAL PARAMETERS OF PICRORRHIZA KURROA ROYLE EX BENTH,,,,,
PHARMACEUTICAL AND ANALYTICAL STUDY ON LOHA BHASMA,,,,,
ROLE OF CASTOR OIL IN PROCESSING (SHODHANA) OF KUPEELU (STRYCHNOS NUXVOMICA LINN.) SEEDS: AN APPROACH OF TRADITIONAL AYURVEDA,,,,,
STANDARD MANUFACTURING PROCEDURE AND CHARACTERISATION OF RASASINDOORA,,,,,
PHYSICOCHEMICAL AND PRELIMINARY PHYTOCHEMICAL STUDIES ON THE FRUITS OF SHIVALINGI DIPLOCYCLOS PALMATUS LINN JEFFREY,"Venkateshwarlu G, 1. Shantha T R, 1. Shiddamallayya N, 1. Ramarao.V, 1. Kishore K R, 1. S K Giri 1. Sridhar B.N, 2. Pavankumar Sangu.",International Journal of Ayurvedic Medicine,2011,2,1
STANDARD OPERATING PROCEDURE OF HINGULOTTHA PARADA,,,,,
ANTI-MICROBIAL ACTIVITY OF TALAKESHWARA RAS,,,,,
A PRELIMINARY PHYSICO CHEMICAL ASSAY OF GOKSURA GRANULES - A PILOT STUDY.,,,,,
AN ENLIGHTENMENT ON RASAKRIYA KALPANA,,,,,
IN-VITRO ANTIFUNGAL ACTIVITY OF GANDHAKA RASAYANA,,,,,
A CONCEPT OF SODHANA (PURIFICATION) W.S.R. TO PARADA (MERCURY),,,,,
PHARMACOGNOSTIC STUDIES OF THE LEAF AND STOLON OF PISTIA STRATIOTES LINN.,,,,,
CHEMICAL CHARACTERIZATION OF LAUHA BHASMA BY X-RAY DIFFRACTION AND VIBRATING SAMPLE MAGNETOMETRY,,,,,
"PHYSICOCHEMICAL, PRELIMINARY PHYTOCHEMICAL AND POWDER MICROSCOPICAL STUDIES OF M-SWADISHTA VIRECHANA CHURNA - AN AYURVEDIC POLYHERBAL FORMULATION",,,,,
STUDY OF DASMULA TAILA BY INDEX OF REFRACTION METHOD,R.B.SAXENA.,Aryavaidyan,1994,7,3
CHROMATOGRAPHIC METHOD FOR THE DETECTION OF PEPPER (PIPER NIGRUM) IN AYURVEDIC PREPARATIONS,,,,,
STANDARDISATION OF GANDHARVAHASTA TAILA,,,,,
GOROCHANAM - A CHEMISTS OBSERVATIONS.,,,,,
STANDARDISATION OF YOGARAJA GUGGULU,,,,,
MACRO AND MICROSCOPICAL STUDIES ON THE ROOT AND LEAF OF GLYCOSMIS ARBOREA (ROXB) DC.,,,,,
MEDICINALLY ACTIVE RESINS AND THEIR COMBINATIONS OCCURING IN INDIAN MEDICINAL PLANTS,,,,,
FLUORESCENCE STUDIES ON CERTAIN SPECIES OF THE FAMILIES APOCYNACEAE AND ASCLEPIADACEAE,,,,,
PHARMACOGNOSTICAL STUDIES OF MURVA CHOENMORPHA JRAGRANS (MOON) ALSTON (APOCYNACEAE) - PART I,,,,,
A STUDY OF THE METHOD OF PREPARATION OF ASAVAS AND ARISHTAS,,,,,
TILA TAILA- A REVIEW,"1. R.B.SAXENA, 2. G.K.JAIN.",Aryavaidyan,1991,5,1
CONTRIBUTION TO THE BOTANICAL IDENTITY OF KADAMABA SPECIFYING VARIETAL CONCEPT IN AYURVEDA,,,,,
SYNTHETIC AND ANALYTICAL STUDIES OF MAHAJWARANKUSA RASA,,,,,
PHARMACO BOTANICAL STUDIES ON THE ROOT AND RHIZOME OF PELIOSANTHES COURTALLENSIS WIGHT (HAEMODORACEAE),,,,,
PERIODICAL ANALYSIS OF TRIBHUWAN KIRTI RASA,,,,,
JACK FRUIT LECTIN-PROPERTIES AND BIOLOGICAL APPLICATIONS,,,,,
PHARMACOGNOSTICAL STUDIES OF KHADIRASARA,,,,,
STANDARDISATION OF SOME AYURVEDIC CONTRACEPTIVES,,,,,
STANDARDISATION OF SANKHA BHASMA,,,,,
STANDARDISATION OF LOHA BHASMA - A PRELIMINARY STUDY,,,,,
MAKARADWAJA-A BOOSTER FOR DRUG ACTION,M.N.PAL.,Aryavaidyan,1990,3,3
DETERMINATION OF PHYSICAL CONSTANT VALUES OF TAILAS,,,,,
PHRAMACOGNOSTICAL STUDIES OF DARBHA; IMPERATA CYLINDRICA (L) PAL.-BEAUV; (POACEAE),,,,,
STUDY OF MURCHHITA KATU TAILA: DETERMINATION OF PHYSICAL CONSTANT VALUES,,,,,
AGRO TECHNICAL AND PHYTO CHEMICAL STUDIES ON NEELI (INDIGOFERA TINCTORIA. LINN.),,,,,
NOTION OF BHASMIKARANA IN AYURVEDA - A STUDY ON SVARNAMAKSIKA.,,,,,
CHEMICAL INVESTIGATION OF SOME COMMONLY USED SPICES,,,,,
STANDARDISATION OF RASAYOGAS - PART I,,,,,
A SPECTROSCOPIC APPROACH TO THE PHARMACOGNOSY OF WEDELIA CALENDULACEA LESS AND ECLIPTA ALBA (L.) HASSK.,,,,,
STUDY OF KUBJA PRASARINI TAILA,,,,,
ETHNO MEDICAL AND PHARMACOGNOSTICAL INVESTIGATION OF DRYNARIA QUERCIFOLIA (L) J SMITH (POLYPODIACEAE),"1. V.V.ASHA, 1. S.RAJASEKHARAN, 1. C.R.JAWAHAR, 1. K.RADHAKRISHNAN, 1. C.P.R.NAIR, 1. N.LEKSHMI, 1. L.SARADA AMMA, 2. P.PUSHPANGADAN.",Aryavaidyan,1992,6,1
A PRELIMINARY STUDY ON GURUTA AND LAGHUTA OF AYURVEDIC DRUGS PANCHA KASHAYA KALPANA,,,,,
PHARMACOGNOSTICAL STUDIES ON COMMIPHORA BERRYI (AYN.) ENGL.; BARK,,,,,
COMPARATIVE ANATOMICAL AND PHYTOCHEMICAL MARKERS TO IDENTIFY ASOKA FROM ITS COMMON ADULTERANT,,,,,
PHARMACOGNOSTICAL STUDIES ON KUTAKAPPALA (HOLARRHENA PUBESCENS (BUCH.-HAM.) WALL. EX DON),,,,,
PHARMACOGNOSTICAL STUDIES ON VILVA-AEGLE MARMELOS (LINN.) CORR.,,,,,
PHARMACOGNOSTICAL STUDIES ON SARACA ASOCA (ROXB.) DE WILDE.,,,,,
PHARMACOGNOSTICAL STUDIES ON PATOLA (TRICHOSANTHES LOBATA ROXB.),,,,,
PHARMACOGNOSTICAL STUDIES ON JIVANTI (HOLOSTEMMA ADA-KODIEN SCHULT.),,,,,
PHARMACOGNOSTICAL STUDIES ON CRATEVA MAGNA (LOUR.) DC.,,,,,
PHARMAOGNOSTICAL STUDIES ON VILAVU (LIMONIA ACDISSIMA LINN.),"V.P.KRISHNAN NAMBIAR, A.JAYANTHI, T.K.SABU.",Aryavaidyan,2002,15,3&4
PHARMACOGNOSTICAL STUDIES ON BALIOSPERMUM MONTANUM (WILLD.) MUELL - ARG.,,,,,
PHARMACOGNOSTICAL STUDIES ON OROXYLUM INDICUM (L.) VENT.,,,,,
PHARMACOGNOSTIC STUDIES ON CURCUMA ANGUSTIFOLIA ROXB.,,,,,
PHARMACOGNOSTICAL STUDIES ON BRAHMI (BACOPA MONNIERI (LINN.) PENNELL),,,,,
STUDIES ON ASPARAGUS RACEMOSUS WILLD.,,,,,
PHARMACOGNOSTICAL STUDIES ON INDIAN SARASARARILLA-HEMIDESMUS INDICUS (LINN.) R. Br.,,,,,
PHARMACOGNOSTICAL STUDIES ON INDIAN MADDER - RUBIA CORDIFOLIA LINN.,,,,,
PHARMACOGNOSTICAL STUDIES ON BHOOMICHAMPAKA (KAEMPFERIA ROTUNDA LINN.),,,,,
FORMULATION AND HPTLC FINGERPRINT TECHNIQUE FOR AN AYURVEDIC FORMULATION CONTAINING CENTELLA ASIATICA,,,,,
PHARMACOGNOSTICAL STUDIES ON CELASTRUS PANICULATUS WILLD. (JYOTHISHMATI),"Krisnnan Nambiar V.P, Jayanthi A, Harinarayanan M.K, Reetha A, Sabu T.K.",Aryavaidyan,1995,8,3
PHARMACOGNOSTICAL STUDIES ON EMBELIA RIBES BURM.F.,,,,,
STANDARDISATION OF BRAHMIGHRITHAM,,,,,
METALLOGRAPHIC STUDY OF BHASMA OF MAKSHIKA AND MAKSHIKASATVA DURING ITS PHARMACEUTICAL PROCESSINGS,,,,,
DETECTION OF GINGER IN AYRUVEDIC PREPARATIONS,,,,,
STANDARDISATION OF BHASMA OF MAKSIKA AND MAKSIKASATVA - A CHEMICAL EVALUATION,,,,,
STANDARDISATION STUDIES ON KSIRABALATAILAM,,,,,
STANDARDISTION OF NISAKATAKADI KASAYA,,,,,
PHYTOCHEMICAL STUDIES ON LAWSONIA INERMIS LINN.,,,,,
DETECTION OF PHYTOCONSTITUENT RESPONSIBLE FOR ANTIMICROBIAL ACTIVITY OF PANCAVALKAL,,,,,
PHARMACOGNOSTICAL STUDIES ON SOLANUM TRILOBATUM LINN.,"K.Venkata Ramana, P.Steve Thomas, S.Ganapathy.",Aryavaidyan,2003,16,2
CHEMISTRY OF RASAMANIKYA - A PRELIMINARY STUDY,,,,,
TLC AS A TOOL FOR STANDARDISATION OF AYURVEDICS SODHANA WITH SPECIAL REFERENCE TO GUNJA SODHANA,,,,,
PHARMACOGNOSTIC STUDIES ON ECLIPTA ALBA HASSK.,,,,,
THE POTENT ANTIGLAUCOMA DRUG : MAHATRIPHALAGHRITA : A PHARMACOLOGICAL PROFILE,,,,,
A HPLC STUDY FOR ASSESSMENT OF SODHANA EFFECT ON ALKALOIDS OF GUNJA (ABRUS PRECATORIUS),,,,,
MICROSCOPICAL EVALUATION OF NAVAYASACHURANA,,,,,
PRELIMINARY INVESTIGATIONS ON MORPHOLOGICAL VARIATIONS IN NJAVARA (ORYZA SATIVA) ECOTYPES,,,,,
PRELIMINARY STUDIES ON THE LEAVES AND SEEDS OF THREE CASSIA SPECIES,,,,,
IN-VITRO ANTIBACTERIAL EVALUATION OF TINOSPORA CORDIFOLIA STEM EXTRACTS,,,,,
PHARMACOGNOSTIC STUDIES ON ZINGIBER ZERUMBET (L.) SM.,A.K.Srivastava.,Aryavaidyan,2003,16,4
STUDIES ON TRAGIA INVOLUCRATA LINN.,,,,,
INVESTIGATIONS ON BIOACTIVIE COMPOUNDS OF PREMNA INTEGRIFOLIA LINN.,,,,,
PHARMACOGNOSTICAL STUDIES ON PLUMBAGO INDICA LINN.,,,,,
PHARMACOGNOSTICAL STUDIES ON THE MEDICINAL FERN PARAHEMIONITIS CORDATA,,,,,
MACRO AND MICROSCOPICAL STUDIES ON THE LEAVES OF SALVADORA PERSICA L.,,,,,
STRYCHNOX NUX-VOMICA (KUCALA) - PHARMACODYNAMIC ACTION AND INDICATIONS - AN OVERVIEW,,,,,
PHARMACOGNOSTICAL STUDIES ON JATROPHA GLANDULIFERA ROXB.,,,,,
STANDARDISATION OF VAISVANARACURNAM,,,,,
MACRO AND MICROSCOPICAL STUDIES ON CONES OF CUPRESSUS MACROCARPA HARTWIG.,,,,,
PHARMACOLOGY OF MAKSIKA WITH SPECIAL REFERENCE TO ITS ACTION ON SVITRA,P.H.C. Murthy.,Aryavaidyan,2005,18,4
PHARMACOGNOSTICAL STUDIES ON CURCUMA LONGA LINN. AND EMBLICA OFFICINALIS GAERTN.,,,,,
ESTIMATION OF RUBIA CORDIFOLIA AND ITS ADULTERANT IN THE RAW DRUG MIXTURES,,,,,
"PHARMACOGNOSTICAL STUDIES OF BIDENS PILOSA AUCT., NON LINN.",,,,,
STANDARDIZATION OF ANUPANA,,,,,
PHARMACOGNOSTICAL STUDIES ON ROTULA AQUATICA LOUR.,,,,,
ROLE OF GANDHAKA (SULPHUR) IN SKIN DISEASES A PHARMACO-CLINICAL EXPLANATION,,,,,
PHARMACOGNOSTICAL EVALUATION OF NYMPHAEA STELLATA WILLD,,,,,
PHAROMACOGNOSTIC STUDIES ON PADMACARINI,,,,,
PHARMACOGNOSTICAL STUDIES ON LEAVES OF COMMIPHORA CAUDATA (WIGHT & ARN.) ENGLOR,,,,,
ANALYTICAL STYDY OF A HERBAL COMPOUND - SUNTHYADI YOGA.,"1. T.Maheswar, 1. S.N.Murthy, 2. M.M.Jumle.",Aryavaidyan,2006,20,2
ROLE OF MILK IN SODHANA (DETOXIFICATION) WITH SPECIAL REFERENCE TO NUX-VOMICA,,,,,
PHARMACOGNOSTIC STUDIES ON AKARAKARABHA - A VAJIKARNAN DRUG.,,,,,
SNEHAKALPANA - A PROBABLE PHARMACEUTICAL EXPLANATION,,,,,
PHARMACOGNOSY OF TALA FRUITS (BORASSUS FLABELLIER L.),,,,,
PHYTOCHEMICAL STUDIES OF FRUIT EXTRACT OF PIPER NIGRUM,,,,,
PHARMACOGNOSTICAL EVALUATION OF ARTEMISIA PALLENS WALL ex DC.,,,,,
OCCURRENCE OF GMELINOL IN THE STEM BARK OF GMELINA ARBOREA ROXB.,,,,,
STANDARDIZATION OF SVARNAMAKSIKA BHASMA- A PHRMACEUTICAL STUDY,,,,,
REMOVAL OF HEAVY METAL IONS FROM AQUEOUS SOLUTIONS USING MORINGA OLEIFERA FRUITS,,,,,
PHARMACOGNOSTICAL STUDIES OF ANAPHALIS NEELGERRIANA DC.,"S.Vijayalakshmi, M.J.Nanjan, B.Suresh.",Aryavaidyan,2007,21,2
PHARMACOGNOSTICAL EVALUATION OF WEDELIA BIFLORA DC,,,,,
EVALUATION OF SELF-PREPARED HINGUTAILA,,,,,
STANDARDISATION OF PANCAGAVYAM,,,,,
COMPARISON OF LUPEOL CONTENT IN AERVA LANATA AND ROTULA AQUATICA BY HPLC METHOD,,,,,
PHYSICOCHEMICAL AND PHYTOCHEMICAL STUDIES ON DETOXIFICATION EFFECT OF BHALLATAKA SEEDS,,,,,
SUSTANABLE FARMING PRACTICES OF KACCOLAM (KAEMPFERIA GALANGA) UNDER PARTIAL SHADE,,,,,
RASAPANCAKA OF VANATAMBAKU (SOLANUM ERIANTHUM D. DON.),,,,,
PHARMACOGNOSTICAL EVALUATION OF CARISSA CARANDAS LINN. ROOT,,,,,
PHARMACOGNOSTICAL AND PRELIMINARY PHYTOCHEMICAL STUDIES ON THE THORNA OF BOMBAX CEIBA L.,,,,,
PREPARATION OF LAUHABHASMA STANDARD OPERATING PROCEDURES,"P.K.Sarkar, P.K.Prajapati, A.K.Choudhary.",Aryavaidyan,2008,22,2
STANDARDISATION OF TRAYODASANGA GUGGULU,,,,,
PHARMACOGNOSTIC STUDIES ON AERIAL PARTS OF PLUMBAGO ZEYLANICA LINN.,,,,,
ANTIBACTERIAL ACTIVITY OF A FERN ON TIRUMALA HILLS OF TIRUPATI,,,,,
ARJUNA (TERMINALIA CUNEATA ROTH) AND ITS ADULTERANT LAGERSTROEMIA SPECIOSA (L.) PERS. - A COMPARATIVE PHARMACOGNOSTIC STUDY.,,,,,
PLUMBAGO ZEYLANICA L. AND PLUMBAGO ROSEA L. - A BRIEF REVIEW,,,,,
PHYTOCHEMICAL VARIATIONS IN FRESH ROOT-JUICE AND MARKET SAMPLS OF POWDER OF SATAVARI (ASPARAGUS RACEMOSUS WILLD.) - A PILOT STUDY.,,,,,
STANDARDIZATION OF AVALEHA (WITH SPECIAL REFERENCE TO CITRAKAHARITAKI),,,,,
ANTILIPID PEROXIDATION ACTIVITY OF THE STEM OF CISSUS QUADRANGULARIS L.,,,,,
PHARMACOGNOSTICAL EVALUATION OF CALOTROPIS PROCERA ROOT AND THE ANTIFUNGAL ACTIVITES OF LEAVES,,,,,
MICROSCOPIC APPROACH IN STANDARDISATION OF AVIPATTIKARA CURNA,"Ujjwal kaushik, Prachiti lachake, Shreedhara C.S, Aswatha Ram H.N.",Aryavaidyan,2010,23,4
ACCELERATED STABILITY STUDIES OF FLOATING TABLETS OF VASAKA (JUSTICA ADHATODA) EXTRACTS,,,,,
ANALYTICAL STUDY OF VANGABHASMA,,,,,
KASISABHASMA - AN ANALYTICAL STUDY,,,,,
SCIENTIFIC APPROACH OF YAVAGU AS PATHYAKALPANA,,,,,
PHARMACOGNOSTIC STUDIES OF STRYCHNOS POTATORUM,,,,,
ELEMENTAL ANALYSIS OF SOME INDIAN MEDICINAL PLANTS BY PARTICLE INDUCED X-RAY EMISSION (PIXE) TECHNIQUE,,,,,
STANDARDISATION OF KANDUGHNA TAILA (MEDICATED OIL FOR FILARIASIS),,,,,
PREPARATION AND COMPARATIVE PHYSICO - CHEMICAL EVALUATION OF RASAPARPATI (SAMAGANDHI AND VISAMAGANDHI KAJJALI),,,,,
PHARMACOGNOSTICAL AND PHYSICOCHEMICAL ANALYSIS OF TAMARINDUS INDICA LINN. STEM,,,,,
"PHARMACOGNOSTICAL EVALUATION OF STEM OF CISSUS REPANDA VAHL, A FOLK MEDICINE","Harisha C R, Acharya Rabinarayan, Shukla V.J., Chauhan M.G.",International Journal of Research in Ayurveda and Pharmacy,2010,1,1
THERAPEUTIC POTENTIALS OF SHIRISHA (ALBIZIA LEBBECK BENTH) - A REVIEW,,,,,
ASWAGANDHA (WITHANIA SOMNIFERA) - AYURVEDIC BEQUEST FOR THE PATIENTS OF CANCER: AN UPDATE ON CURRENT RESEARCH.,,,,,
PRELIMINARY PHYTOCHEMICAL SCREENING AND ANTIOXIDANT ACTIVITY OF AN AYURVEDIC FORMULATION: BALARISHTAM,,,,,
PHARMACOGNOSTIC AND PRELIMINARY PHYTOCHEMICAL INVESTIGATIONS ON HOLOPTELEA INTEGRIFOLIA,,,,,
PHARMACOGNOSTICAL & PHYTOCHEMICAL EVALUATION OF STEM OF CAPPARIS DECIDUA (FORSK) EDGEW,,,,,
PHARMACOGNOSTICAL STANDARDIZATION OF LEAVES OF HYGROPHILA SPINOSA T. ANDERS,,,,,
PHARMACOGNOSTICAL AND PHYTOCHEMICAL EVALUATION OF RARE AND ENDANGERED HABENARIA SPP. (RIDDHI AND VRIDDHI),,,,,
PHARMACOGNOSTICAL INVESTIGATION OF HIPTAGE BENGHALENSIS (L.) KURZ. (MALPIGHIACEAE),,,,,
PHARMACOGNOSTICAL STUDIES OF ANTI-LEPROSY PLANT ARISTOLOCHIA BRACTEOLATE RETZ (ARISTOLOCHIACEAE),,,,,
PHARMACOGNOSTICAL AND PHYTOCHEMICAL STUDIES OF MIRABILIS JALAPA LINN. LEAVES,"Nath Lekshmi R, Manjunath KP, Savadi RV, Akki KS.",Pharmacognosy Journal,2009,1,2
PHARMACOGNOSTIC STUDIES ON CAPPARIS SEPIARIA (L.) R.BR.,,,,,
DETERMINATION OF RUTIN CONTENT AND ANTIOXIDANT ACTIVITY OF EXTRACTS OF BUTEA MONOSPERMA FLOWERS EXTRACTED USING VARIOUS EXTRACTION METHODS,,,,,
DETERMINATION OF PROTOCATECHUIC ACID BY HPTLC METHOD IN AMOMUM SUBULATUM ROXB. FRUIT EXTRACTS,,,,,
A RAPID HIGH-PERFORMANCE LIQUID CHROMATOGRAPHIC METHOD FOR QUANTITATIVE ANALYSIS OF ANTI-CANCEROUS ACTIVE COMPONENTS IN GLORIOSA SUPERBA TUBERS,,,,,
PREPARATION AND EVALUATION OF CORDIA FRUIT GUM AS TABLET BINDER,,,,,
CHANGES IN ANTIOXIDANT STATUS OF CHLOROPHYTUM BORIVILIANUM UNDER STRESS CONDITIONS,,,,,
ANTIOXIDANT POTENTIAL OF TRICHOSANTHES DIOICA ROXB (FRUITS),,,,,
COMPARATIVE PHYTOCHEMICAL AND ANTIBACTERIAL STUDIES ON THE BARK OF ALSTONIA SCHOLARIS R.BR. AND ALSTONIA MACROPHYLLA WALL. EX G.DON,,,,,
PHARMACOGNOSTIC AND PHYSICO-CHEMICAL STUDIES ON THE LEAVES OF CARDIOSPERMUM HALICACABUM L.,,,,,
ANTIOXIDANT ACTIVITIES OF METHANOLIC AND AQUEOUS EXTRACTS FROM LEAVES OF MARTYNIA ANNUA LINN.,"1.Nagda Dhruti, 1. Saluja Ajay, 2. Nagda Chirag.",Pharmacognosy Journal,2009,1,4
"PHARMACOGNOSTICAL, PHYSICOCHEMICAL AND HISTOCHEMICAL EVALUATION OF BRIHAT PANCHAMOOLA CHURNA",,,,,
ANALYICAL STUDY OF AYURVEDIC YOGA - KSHIRAMANDURA,,,,,
ROLE OF SHODHANA ON ANALYTICAL PARAMETERS OF DATURA INNOXIA MILL AND DATURA METEL LINN SEEDS,,,,,
PRELIMINARY PHYSICOCHEMICAL EVALUATION OF SARJA RASA (RESIN OF VATERIA INDICA LINN.) AND ITS TRADITIONAL MEDICINAL FORMULATION,,,,,
CHARACTERIZATION OF DIFFERENT SAMPLES OF SWARNA MAKSHIKA,,,,,
PHARMACOGNOSTICAL STANDARDISATION OF AERIAL PARTS OF SALVADORA PERSICA,,,,,
PHARMACOGNOSTICAL STUDIES ON MOMORDICA TUBEROSA COGN.,,,,,
PHYTOCHEMICAL INVESTIGATION AND ANTIMICROBIAL STUDIES ON THE LEAF EXTRACTS OF PSORALEA CORYLIFOLIA LINN,,,,,
STANDARDIZATION OF VAISVANARA CHURNA: A POLY-HERBAL FORMULATION,,,,,
STANDARDIZATION OF CHOPCHINIYADI CHURNA: AN AYURVEDIC POLYHERBAL FORMULATION,"Sanjay Jain, Sweta Koka, Asim Gupta, Rakesh Barik, Neelesh Malviya.",Pharmacognosy Journal,2010,2,5
PHARMACOGNOSTICAL EVALUATION OF CUSCUTA REFLEXA ROXB,,,,,
PHARMACOGNOSTIC AND PHYSICOCHEMICAL INVESTIGATION OF PTEROSPERMUM ACERIFOLIUM WILLD LEAVES (STERCULIACEAE),,,,,
QUALITY CONTROL STUDIES OF OCHROCARPUS LONGIFOLIUS FLOWER BUDS,,,,,
PHARMACOGNOSTIC SCREENING OF DENDROPHTHOE FALCATA,,,,,
PHARMACOGNOSTIC STUDIES ON ALANGIUM SALVIFOLIUM (LINN.F.) WANG. ROOT BARK,,,,,
HPTLC FINGERPRINTING OF DIFFERENT LEAF EXTRACTS OF TYLOPHORA INDICA (BURM F.) MERILL.,,,,,
PHARMACOGNOSTICAL STANDARDIZATIONOF WITHANIA COAGULANS DUNAL.,,,,,
PHARMACOGNOSTICAL SCREENING OF SEEDS OF CASSIA ABSUS,,,,,
EVALUATION OF ANTI-OXIDANT ACTIVITIES AND TOTAL PHENOL AND FLAVONOID CONTENT OF THE HYDRO- ALCOHOLIC EXTRACTS OF RHODIOLA SP.,,,,,
PHARMACOLOGICAL POTENTIAL OF ATIBALA OF AYURVEDA : A REVIEW,"1.Dhiman Anil Kumar, 2. Kumar Amit.",Pharmacognosy Journal,2010,2,11
COMPARATIVE PHYTOCHEMICAL AND BIOLOGICAL EVALUATION OF DIFFERENT EXTRACTS OBTAINED FROM THE LEAVES OF SARACA ASOKA,,,,,
PHARMACOGNOSTICAL STANDARDIZATION OF LEAVES OF XANTHIUM STRUMARIUM LINN.,,,,,
PHARMACOGNOSTIC EVALUATION OF ROOTS OF COCOS NUCIFERA LINN.,,,,,
PHYTOCHEMICAL AND PHARMACOLOGICAL INVESTIGATIONS ON ADHATODA ZEYLANICA (MEDIC.): A REVIEW,,,,,
ASSESSMENT OF QUALITY OF MANILKARA HEXANDRA (ROXB.) DUBARD LEAF (SAPOTACEAE): PHARMACOGNOSTICAL AND PHYSICOCHEMICAL PROFILE,,,,,
EVALUATION OF VARIOUS NATURAL GUMS AS RELEASE MODIFIERS IN TABLET FORMULATIONS,,,,,
PHARMACOGNOSTIC STUDIES ON LEAVES OF FLACOURTIA RAMONTCHI L.HERIT,,,,,
PHYTO-PHYSICOCHEMICAL INVESTIGATION OF LEAVES OF PLECTRANTHUS AMBOINICUS (LOUR) SPRENG,,,,,
"HPTLC FINGERPRINT PROFILE OF EXTRACTS FROM GUM, BARK AND LEAF OF BOSWELLIA SERRATA LINN. IN DIFFERENT SOLVENTS",,,,,
CHEMICAL STANDARDIZATION OF CASSIA ANGUSTIFOLIA VAHL SEED,"Manjoosha Srivastava, Sharad Srivastava, AKS Rawat.",Pharmacognosy Journal,2010,2,13
PHARMACOGNOSTIC EVALUATION OF STEM OF BERBERIS ARISTATA DC.,,,,,
PHARMACOGNOSTICAL EVALUATION ON ROOTS OF CISSUS REPANDA VAHL. A FOLK MEDICINE,,,,,
HIGH PERFORMANCE THIN LAYER CHROMATOGRAPHIC METHOD FOR QUANTITATIVE DETERMINATION OF QUERCETIN IN TENDER LEAVES OF PSIDIUM GUAJAVA,,,,,
HPTLC FINGER PRINT PROFILE OF EXTRACTS FROM DRIED AERIAL PARTS OF BRYOPHYLLUM PINNATUM IN DIFFERENT SOLVENTS,,,,,
PHARMACOGNOSTIC AND PHYTOCHEMICAL STUDIES ON LEPTADENIA RETICULATA (RETZ.) WIGHT & ARN. AND ICHNOCARPUS FRUTESCENS R. BR. FOR IDENTIFICATION OF DISTINGUISHING BIOMARKERS,,,,,
PHARMACOGNOSTICAL STANDARDIZATION OF LEAVES OF ALANGIUM LAMARCKII THWAITES,,,,,
ESTABLISHMENT OF QUALITY PARAMETERS OF ROOTS AND RHIZOMES OF OXYSTELMA ESCULENTUM,,,,,
HERB - DRUG INTERACTION OF NONI JUICE AND GINKGO BILOBA WITH PHENYTOIN,,,,,
PHARMACOGNOSTICAL EVALUTATION OF PAJANELIA LONGFOLIA (WILLD) K. SCHUM BARK,,,,,
A COMPARATIVE PHARMACEUTICO-ANALYTICAL EVALUATION OF RASAMANIKYA PREPARED WITH THREE DIFFENENT METHODS,"1. Sushanth Sud, 2. Sudheendra.H, 2. Sujatha.K, 2. P.Sekhar Reddy.",International Journal of Research in Ayurveda and Pharmacy,2011,2,6
CHEMISTRY AND BIOLOGICAL ACTIVITIES OF THE GENUS DALBERGIA - A REVIEW,,,,,
PHYTO-PHARMACOLOGY OF ZIZIPHUS JUJUBA MILL- A PLANT REVIEW,,,,,
PHYTOCHEMICAL AND PHARMACOLOGICAL POTENTIAL OF HYGROPHILA SPINOSA T. ANDERS,,,,,
"CHEMICAL COMPOSITION, THERAPEUTIC POTENTIAL AND PERSPECTIVES OF FOENICULUM VULGARE",,,,,
ARTOCARPUS HETEROPHYLLUS (JACKFRUIT): AN OVERVIEW,,,,,
PTEROCARPUS MARSUPIUM ROXB. - A COMPREHENSIVE REVIEW,,,,,
BRYOPHYLLUM PINNATUM (LAM.) KURZ.: PHYTOCHEMICAL AND PHARMACOLOGICAL PROFILE : A REVIEW,,,,,
"A REVIEW: CARISSA CONGESTA: PHYTOCHEMICAL CONSTITUENTS, TRADITIONAL USE AND PHARMACOLOGICAL PROPERTIES",,,,,
A REVIEW ON CHEMICAL AND MEDICOBIOLOGICAL APPLICATIONS OF CAPPARIDACEAE FAMILY,,,,,
EXOMORPHIC AND ENDOMORPHIC FEATURES OF SWERTIA CHIRAYITA,A.B.D. Selvam.,Pharmacognosy Journal,2011,3,19
COMPARATIVE PHARMACOGNOSTIC EVALUATION OF THREE SPECIES OF SWERTIA L. (GENTIANACEAE),,,,,
PHARMACOGNOSTICAL EVALUATION OF AMARANTHUS SPINOSUS L,,,,,
PHARMACOGNOSTICAL STUDIES ON FICUS RACEMOSA STEM BARK,,,,,
"PHARMACOGNOSTICAL AND PRELIMINARY PHYTOCHEMICAL INVESTIGATION OF BLEPHARIS MOLLUGINIFOLIA, PERS. - A THREATENED MEDICINAL HERB.",,,,,
HPTLC FINGERPRINTING PROFILE OF MARKER COMPOUND (BERBERINE) IN ROOTS OF BERBERIS ARISTATA DC,,,,,
"PHARMACOGNOSTIC, PHYSICOCHEMICAL AND PHYTOCHEMICAL STUDIES ON CARICA PAPAYA LINN. LEAVES",,,,,
PHARMACOGNOSTICAL AND PHYSICOCHEMICAL ANALYSIS OF BHALLATAKA (SEMECARPUS ANACARDIUM LINN.) - FRUIT,,,,,
EXTRACTION AND CHARACTERIZATION OF TAMARIND SEED POLYSACCHARIDE AS A PHARMACEUTICAL EXCIPIENT,,,,,
PHARMACOGNOSTIC EVALUATION OF THE RHIZOMES OF CURCUMA ZEDOARIA ROSC.,,,,,
PHARMACOGNOSTIC STUDIES ON TERMINALIA CITRINA (GAERTN) ROXB. EX FLEMING.,"Priyanka Ingle, Arvind Dhabe.",Pharmacognosy Journal,2011,3,20
CHROMATOGRAPHIC EVALUATION OF TERPENOIDS OF SOME MEDICINALLY IMPORTANT BARKS,,,,,
PHARMACOGNOSTICAL AND PHYTOCHEMICAL EVALUATION OF LEAVES OF CISSAMPELOS PAREIRA,,,,,
PHARMACOGNOSTIC AND PHYSICOCHEMICAL STUDY OF PUNICA GRANATUM L. LEAF,,,,,
PHARMACOGNOSTIC AND PHYTOCHEMICAL INVESTIGATIONS OF AERIAL PARTS OF ACALYPHA INDICA LINN,,,,,
ANTIMICROBIAL ACTIVITY OF SIX DIFFERENT PARTS OF THE PLANT CITRUS MEDICA LINN,,,,,
CORIANDRUM SATIVUM: A DAILY USE SPICE WITH GREAT MEDICINAL EFFECT,,,,,
MONOGRAPH OF PSIDIUM GUAJAVA L. LEAVES,,,,,
PHARAMCOGNOSTIC EVALUATION OF ACORUS CALAMUS L,,,,,
PRELIMINARY PHYTOCHEMICAL AND PHARMACOGNOSTICAL SCREENING OF THE AYURVEDIC DRUG HYGROPHILA AURICULATA (K. SCHUM) HEINE,"1. Mohammed Sarfaraj Hussain, 1. Sheeba Fareed, 2. Mohammed Ali.",Pharmacognosy Journal,2011,3,23
PHYTOCHEMICAL AND PHARMACOGNOSTIC EVALUATION OF LEAVES OF PSIDIUM GUAJAVA L. (MYRTACEAE),,,,,
PHYSICOCHEMICAL AND PRELIMINARY PHYTOCHEMICAL STUDIES ON PETALS OF CROCUS SATIVUS CASHMERIANUS,,,,,
"ANTIOXIDANT, ANTIMICROBIAL AND CYTOTOXICITY ACTIVITIES OF ACACIA FARNESIANA (L.) WILLD. LEAVES ETHANOLIC EXTRACT",,,,,
"KYLLINGA NEMORALIS (HUTCH & DALZ) (CYPERACEAE): ETHNOBOTANY, PHYTOCHEMISTRY AND PHARMACOLOGY",,,,,
"PHARMACOGNOSTIC, PHYSICO-CHEMICAL AND PHYTOCHEMICAL EVALUATION OF LEAVES OF A SPECIES OF PAARSHVA-PIPLA: FICUS ARNOTTIANA",,,,,
"PHARMACOGNOSTICAL EVALUATION OF DIFFERENT PARTS OF COLEUS AMBOINICUS LOUR., LAMIACEAE",,,,,
PHARMACOGNOSTICAL AND PHYTOCHEMICAL EVALUATION OF LEAVES OF BAUHINIA VARIEGATA LINN.,,,,,
PROFILE OF ELEMENTAL COMPOSITION OF OROXYLUM INDICUM L. (VENT.) COLLECTED FROM DIFFERENT GEOGRAPHICAL REGIONS OF INDIA,,,,,
"PHARMACOGNOSTICAL, PHYSICOCHEMICAL AND PHYTOCHEMICAL STUDIES OF SOME MARKETED SAMPLES OF ROOTS USED IN AYURVEDIC MEDICINES",,,,,
PHARMACOGNOSTIC EVALUATION AND PHYTOCHEMICAL STUDIES ON STEM OF CLITORIA TERNATEA LINN,"1. Jain R.A, 2. Shukla S.H.",Pharmacognosy Journal,2011,3,24
MAST CELL STABILIZATION AND MEMBRANE PROTECTION ACTIVITY OF BARLERIA PRIONITIS L.,,,,,
QUALITY CONTROL PARAMETERS OF BRIHAT DASHAMULA TAILA: A PRELIMINARY STUDY,,,,,
PHARMACOGNOSTIC INVESTIGATIONS OF ACHYRANTHES ASPERA LINN.,,,,,
COMPARITIVE PHARMACOGNOSTIC AND PHYTOCHEMICAL STUDY OF DIFFERENT MARKET SAMPLES OF ASAFOETIDA (FERULA NARTHEX BIOSS),,,,,
A PRELIMINARY PHYSICO-CHEMICAL ASSAY OF GOKSHURA-PUNARNAVA BASTI – A PILOT STUDY,,,,,
MANGIFERA INDICA (MANGO),,,,,
PHYTOPHARMACOLOGIC ASPECTS OF CANSCORA DECUSSATA ROEM AND SCHULT,,,,,
"EUPHORBIA HIRTA: ITS CHEMISTRY, TRADITIONAL AND MEDICINAL USES, AND PHARMACOLOGICAL ACTIVITIES",,,,,
"ERYTHRINA VARIEGATA LINN: A REVIEW ON MORPHOLOGY, PHYTOCHEMISTRY, AND PHARMACOLOGICAL ASPECTS",,,,,
PHYTOPHARMACOLOGY OF FICUS RELIGIOSA,"1. S.B. Chandrasekar, 1. M. Bhanumathy, 2. A.T. Pawar, 1. T.Somasundaram.",Pharmacognosy Reviews,2010,4,8
CROCUS SATIVUS L.: A COMPREHENSIVE REVIEW,,,,,
SALVADORA PERSICA,,,,,
CHEMICAL CONSTITUENTS OF ASPARAGUS,,,,,
IMPACT OF GEOGRAPHICAL LOCATIONS ON MENTHA SPICATA L. ANTIFUNGAL ACTIVITIES,,,,,
ISOLATION OF NOVEL ALKALOID FROM METHANOLIC EXTRACT OF THE AERIAL PARTS OF COCCULUS HIRSUTUS LINN.,,,,,
A STUDY ON EVALUATION AND FORMULATION OF AMALAKYADI TABLET,,,,,
FORMULATION AND EVALUATION OF HERBAL TABLETS CONTAINING ERVATAMIA HEYNEANA EXTRACT FOR ANALGESIC AND ANTI INFLAMMATORY ACTIVITY,,,,,
PRELIMINARY PHYTOCHEMICAL SCREENING AND ANTIMICROBIAL POTENTIAL OF ERIOLAENA HOOKERIANA WT. & ARN. ROOTS,,,,,
ANTHELMINTIC ACTIVITY OF ETHANOLIC EXTRACT OF SEEDS OF CLEOME GYNANDRA LINN.,,,,,
PHYTOCHEMICAL AND ANTIOXIDANT SCREENING OF SYZYGIUM CUMINI SEED EXTRACTS: A COMPARATIVE STUDY,"1. Neha Atale, 2. Astha Jaiswal, 2. Aastha Chhabra, 2. Umang Malhotra, 2. Shrey Kohli, Sujata Mohanty, Vibha Rani.",Journal of Pharmacy Research,2011,4,12
PHARMACOGNOSTIC & PHYTOCHEMICAL EVALUATION OF BRYOPHYLLUM PINNATUM (LAM.) KURZ (CRASSULACEAE) LEAVES,,,,,
EDICINAL POTENTIAL OF ANNONA SQUAMOSA: AT A GLANCE,,,,,
DRUG TARGET IDENTIFICATION AND STRUCTURAL MODELING FOR GORDONIA BRONCHIALIS STRAIN 3410T BY GENE EXPRESSION,,,,,
PHARMACOGNOSTICAL EVALUATION AND ESTABLISHMENT OF QUALITY PARAMETERS OF MEDICINAL PLANTS OF NORTH-EAST INDIA USED BY FOLKLORE HEALERS FOR TREATMENT OF HYPERTENSION,,,,,
PHARMACOGNOSTIC STUDIES ON THE LEAVES OF MANILKARA ZAPOTA L. (SAPOTACEAE),,,,,
TLC DETECTION OF B-SITOSTEROL IN MICHELIA CHAMPACA L. LEAVES AND STEM BARK AND ITS DETERMINATION BY HPTLC,,,,,
PHARMACOGNOSTIC ANALYSIS OF STEM BARK OF COMBRETUM ALBIDUM G. DON; AN UNEXPLORED MEDICINAL PLANT,,,,,
EXTRACTION PROCESS OPTIMIZATION OF TYLOPHORINE FROM TYLOPHORA ASTHMATICA WIGHT & ARN.,,,,,
PHARMACOGNOSTICAL STUDIES OF SEEDS ON SOME PLANTS BELONGING CHHATTISGARH,,,,,
PHARMACOGNOSTIC EVALUATION OF ALTERNANTHERA SESSILIS (L.) R.BR.EX.DC,"Anitha R, Kanimozhi S.",Pharmacognosy Journal,2012,4,28
PHARMACOGNOSTIC STUDIES ON THE FLOWERS OF ACACIA NILOTICA LINN,,,,,
PHARMACOGNOSTIC STANDARDIZATION OF CYMBOPOGON CITRATUS (DC.) STAPF LEAVES,,,,,
HPTLC METHOD DEVELOPMENT & VALIDATION FOR QUANTIFICATION OF MARKERS OF DHATRINISHA CHURNA,,,,,
PHYTOCHEMICAL EVALUATION AND ANTIOXIDANT STUDY OF JATROPHA CURCAS SEEDS,,,,,
SPINACIA OLERACEA LINN: A PHARMACOGNOSTIC AND PHARMACOLOGICAL OVERVIEW,,,,,
HPTLC FINGERPRINTING IN THE STANDARDIZATION OF PANCHAVAKTRA RAS: A HERBO-MINERAL PREPARATION,,,,,
PHARMACOGNOSTICAL STUDY OF NAGAKESHARA (MESUA FERREA LINN) - AN INGREDIENT IN VYAGHRIHAREETAKI AVALEHA.,,,,,
AN APPROACH TOWARDS STANDARDIZATION OF SWARNA MAKSHIK BHASMA (AN AYURVEDIC PREPARATION),,,,,
"A REVIEW ON BALANITES AEGYPTIACA DEL (DESERT DATE): PHYTOCHEMICAL CONSTITUENTS, TRADITIONAL USES, AND PHARMACOLOGICAL ACTIVITY",,,,,
CUMINUM CYMINUM AND CARUM CARVI: AN UPDATE,RK Johri.,Pharmacognosy Reviews,2011,5,9
TAMARINDUS INDICA: EXTENT OF EXPLORED POTENTIAL,,,,,
FICUS HISPIDA LINN.: A REVIEW OF ITS PHARMACOGNOSTIC AND ETHNOMEDICINAL PROPERTIES,,,,,
AERVA LANATA: A REVIEW ON PHYTOCHEMISTRY AND PHARMACOLOGICAL ASPECTS,,,,,
CHEMICAL INVESTIGATION OF HONEY: A MULTIACTIVE COMPONENT OF HERBAL THERAPEUTIC AGENT,,,,,
PRELIMINARY PHYTOCHEMICAL PHARMACOGNOSTIC STUDIES ON THE DIFFERENT SOURCE PLANTS OF KADAMBA,,,,,
PHYTOCHEMICAL INVESTIGATION AND MEDICINAL IMPORTANCE OF CYATHOCLINE LYRATA,,,,,
COMPARATIVE STUDY OF HEPATO-PROTECTIVE ACTIVITY OF LOHA-PARPATI PREPARED BY FOUR DIFFERENT METHODS,,,,,
PHARMACEUTICAL STANDARDIZATION AND CHARACTERIZATION OF AYURVEDIC HERBOMINERAL COMPOUND TRUSHANADI LOHA,,,,,
PHYTOCHEMICAL AND ANTIMICROBIAL STUDIES OF ADHATODA ZEYLANICA,,,,,
PHARMACEUTICAL STUDY OF KANTA LAUHA AND TEEKSHNA LAUHA BHASMA,"1. Subhash Chandra Bhargava, 2. K. R. C. Reddy.",International Journal of Ayurvedic Medicine,2011,2,4
REVIEW ON CAREYA ARBOREA ROXB,,,,,
PLANT PRODUCTS POTENTIAL AS ANTI-ANGIOGENIC AND IN CANCER MANAGEMENT,,,,,
COMPARATIVE STUDY OF RASAMANIKYA (AN AYURVEDIC FOUMULATION) WITH PURIFIED HARTALA (ORPIMENT),,,,,
PHARMACOGNOSTICAL & PHYSIOCHEMICAL STUDY OF BENINCASA HISPIDA WITH AYURVEDIC REVIEW,,,,,
IMPROVISE SHRINGAYANTRA FOR RAKTAMOKSHANA: A NEW TECHNIQUE,,,,,
STANDARDIZATION OF AN AYURVEDIC FORMULATION: TRIKATU CHURAN USING BIOANYTICAL TOOLS,,,,,
PHYTOCHEMISTRY AND EVALUATION OF ANTIOXIDANT ACTIVITY OF WHOLE PLANT OF CALOTROPIS GIGANTEA LINN,,,,,
NEW ALIPHATIC CONSTITUENTS FROM THE RHIZOMES OF CURCUMA OLIGANTHA TRIMEN VAR. OLIGANTHA,,,,,
ANALYTICAL STUDY OF VRANASHODHANA TAILA: A WOUND HEALING MEDICATED OIL,,,,,
PHYTOCHEMISTRY AND PHARMACOLOGICAL ACTIVITIES OF CAPPARIS ZEYLANICA: AN OVERVIEW,"1. Lather Amit, 1. Chaudhary Amrendra Kumar, 2. Gupta Vikas, 3. Bansal Parveen, 4. Bansal Renu.",International Journal of Research in Ayurveda and Pharmacy,2010,1,2
A PRELIMINARY PHARMACOGNOSTICAL AND PHYSICO CHEMICAL ASSAY OF HARIDA KHANDA GRANULES: A PIOT STUDY,,,,,
PHYTOCHEMICAL SCREENING OF CALENDULA OFFICINALIS LINN LEAF EXTRACT BY TLC,,,,,
PHYTOCHEMICAL SCREENING AND ANTIOXIDANT ACTIVITY OF RHIZOME PART OF CURCUMA ZEDOARIA,,,,,
A COMPARATIVE PHARMACOGNOSTICAL AND PHYTOCHMICAL STUDY OF SHANKHPUSHPI (CONVOLVULUS PLURICAULIS LINN) TABLET WITH BHAVANA AND WITHOUT BHAVANA,,,,,
CHEMICAL CONSTITUENTS AND BIO ACTIVITIES OF GENUS SAPINDUS,,,,,
PHARMACOGNOSTICAL AND PHYTOCHEMICAL EVALUATION OF TRIPHALAGUDUCHYADI VATI: AN EFECTIVE FORMULATION FOR OBESITY,,,,,
COMPARATIVE L-DOPA AND ANTI-NUTRITIONAL CONTENTS IN SEED MATERIALS OF MARKET SAMPLES OF MUCUNA PRURIENS (L) DC,,,,,
A REVIEW ON PHYTOCHEMICAL AND PHARMACOLOGICAL ASPECTS OF CAESALPINIA PULCHERRIMA,,,,,
INHIBITIONOF TYPE I 5 - REDUCTASE BY MEDICINAL PLANT EXTRACTS.,,,,,
ROLE OF MERCURY (PARADA) AND OTHER MEDIAS USED IN THE PREPARATION OF BHASMAS OF METALS (DHATUS),Honwad Sudheendra.V.,International Journal of Research in Ayurveda and Pharmacy,2011,2,5
PRELIMINARY PHYTOCHEMICAL SCREENING AND PHYSICO-CHEMICAL PARAMETERS OF AERIAL PARTS OF ARTEMISIA VULGARIS,,,,,
HYPOGLYCAEMIC ACTIVITY OF DIFFERENT EXTRACTS OF VARIOUS HERBAL PLATNS,,,,,
PHYTOCHEMICAL SCREENING AND IN VITRO ANTIHELMENTHIC ACTIVITY OF BUTEA MONOSPERMA (L) BARK ETHANOLIC AND AQUEOUS EXTRACT,,,,,
STANDARDIZATION OF AYURVEDIC POLYHERBAL FOUMULATION: ANTIDIABETIC CHURNA,,,,,
HERBAL LIPSTICK FORMULATION: A NEW APPROACH,,,,,
THREE NEW COMPOUNDS FROM THE ROOTS OF ALTHAE OFFICINALIS L.,,,,,
PHARMACOGNOSTIC EVALUATION AND PHYTOCHEMICAL SCREENING OF ALBIZIA ODORATISSIMA BARK POWDER,,,,,
ANTIBACTERIAL ACTIVITIES OF ETHANOLIC EXTRACTS OF PLANTS USED IN FOLK MEDICINE,,,,,
STANDARDIZATION AND PRELIMINARY PHYTOCHEMICAL INVESTIGATION ON CYPERUS ROTUNDUS LINN RHIZOME,,,,,
ISOLATION AND SPECTRAL IDENTIFICATION OF ARBUTIN FROM THE ROOTS OF VIBURNUM ERUBESCENS WALL. EX DC,"1. K.Prabhu, 2. P.K.Karar, 3. S.hemalatha, 4. K.Ponnudurai.",International Journal of Research in Ayurveda and Pharmacy,2011,2,3
VOLATILE OIL COMPOSITION OF THE LEAVES OF EUCALYPTUS CITRIODORA HOOK.,,,,,
ISOLATION AND ANALYTICAL CHARACTERIZATION OF STEVIOSIDE FROM LEAVES OF STEVIA REBAUDIANA BERT (ASTERACEAE),,,,,
ESTIMATION OF SUGARS AN DMINERALS IN HEALTHY AND INFECTED PARTS OF MEMECYLON UMBELLATUM BURM,,,,,
STANDARDIZATION AND PRELIMINARY PHYTOCHEMICAL SCREENING OF NARDOSTACHYS JATAMANSI DC. RHIZOME,,,,,
FORMULATION AND PHYSICO-CHEMICAL STANDARDIZATION OF VIBURNUM CORIACEUM BARK ARISTA,,,,,
COMPARATIVE EVALUATION OF DIFFERENT SAMPLES OF CINNAMON,,,,,
ISOLATION AND CHARACTERISATION GALLIC ACID FROM TERMINALIA CELLERICA AND ITS EFFECT ON CARBOHYDRATE REGULATORY SYSTEM IN VITRO,,,,,
MARKER BASED STANDARDIZATION OF COMMERCIAL FORMULATIONS AND EXTRACTS CONTAINING BETA-SITOSTEROLD - GLUCOSIDE USING HPTLC.,,,,,
DENSITOMETRIC HPTLC METHOD FOR ANALYSIS OF OLEANOLIC ACID IN MENTHA PIPERITA L,,,,,
EVALUATION OF LAXATIVE ACTIVITY OF OXYSTELMA ESCULENTUM,"1. Pandya DJ, 2. Anand IS.",Pharmacognosy Journal,2011,3,24
EFFECT OF SHILAJIT ON THE HEART OF DAPHNIA: A PRELIMINARY STUDY,,,,,
A PHARMACEUTICAL STANDARDIZATION OF MAKARADHWAJA PREPARED BY ASTASAMSKARITA PARADA,,,,,
PHYTOCHEMICAL INVESTIGATIONS AND BIOACTIVITY STUDIES OF THE STEM BARK OF FICUS RACEMOSA LINN,,,,,
PHARMACEUTICAL AND ANALYTICAL STANDARDIZATION OF LOKNATH RASA,,,,,
PHARMACEUTICAL STANDARDIZATION OF RASAKARPURA,,,,,
THE ROLE OF SUGAR AND JAGGERY IN THE PREPARATION OF KHADIRARISTA,,,,,
"A COMPARATIVE PHARMACEUTICO- CHEMICAL STUDY OF 1, 7 & 50 AVARTITA KSHEERA BALA TAILA",,,,,
IMPORTANCE OF MEDIA IN SHODHANA OF VATSANABHA (ACONITE),,,,,
RANDOM ESTIMATION OF DIFFERENT VALUES IN MUSAKA TAILA FROM IODINE VALUE,,,,,
THE RADIOACTIVITY-MAGNETO RADIO FREQUENCY-ACTIVATED NANO EXCITATIONS IN QUALITY GROWTH MEDICINAL PLANTS,R Swarup.,AYU,2009,30,1
A COMPARATIVE PHARMACEUTICAL STANDARDIZATION OF TAILA AND GHRITA PREPARATIONS OF GUDUCHI (TINOSPORA CORDIFOLIA),,,,,
PHARMACOGNOSTICAL INVESTIGATION OF UNEXPLORED LEAF DRUG DELONIX ELATA (L.) GAMBLE FROM FOLKLORE PRACTICE,,,,,
A COMPARATIVE PHARMACEUTICAL STUDY OF GUDUCHI GHANA PREPARED BY KWATHA AND AQUEOUS EXTRACT,,,,,
THE ROLE OF MEDIA IN THE PREPARATION OF VANGA BHASMA,,,,,
PHARMACEUTICAL STANDARDIZATION OF NAGA BHASMA,,,,,
KSHIRAPAKA KALPA WITH SPECIAL REFERENCE TO ARJUNA KSHIRAPAKA,,,,,
STUDY OF PREPARATION AND STANDARDIZATION OF MAADHUTAILIKA BASTI WITH SPECIAL REFERENCE TO EMULSION STABILITY,,,,,
PROCESS STANDARDIZATION OF RASAMANIKYA,,,,,
RANDOM ESTIMATE THE VALUES OF SEED OIL OF CUCURBITA MAXIMA BY REFRACTIVE INDEX METHOD,,,,,
PHARMACOGNOSTIC AND PHYTOCHEMICAL INVESTIGATION OF NARINGI CRENULATA (ROXB.) NICOLS. STEM,"1. Subramanian Sampathkumar, 2. N Ramakrishnan.",Ancient Science of Life,2011,31,1
PHARMACOGNOSTICAL STUDIES ON BALANOPHORA FUNGOSA - A NEGATIVE LISTED PLANT,,,,,
ANALYTICAL STUDY OF KUBERAKSHA/KANTAKI KARANJA PATRA CHURNA CAESALPINIA BONDUC (L.) ROXB. LEAF POWDER,,,,,
STANDARD MANUFACTURING PROCEDURE FOR SYRUP AND TABLET FORMS OF JWARAHARA DASHEMANI,,,,,
IMPACT OF BHAVANA SAMSKARA ON PHYSICO-CHEMICAL PARAMETERS WITH SPECIAL REFERENCE TO GANDHAKA RASAYANA PREPARED BY DIFFERENT MEDIA AND METHODS,,,,,
PHARMACOGNOSTIC EVALUATION OF LEAVES OF CERTAIN PHYLLANTHUS SPECIES USED AS A BOTANICAL SOURCE OF BHUMYAMALAKI IN AYURVEDA,,,,,
"PHARMACOGNOSTIC EVALUATION OF LEAF OF CORDIA MACLEODII HOOK., AN ETHNOMEDICINALLY IMPORTANT PLANT",,,,,
PREPARATION OF DHATRYARISHTA BY DHATRI SWARASA AND DHATRI KWATHA,,,,,
"PHARMACOGNOSTICAL STUDY OF TAMALAKI (PHYLLANTHUS FRATERNUS WEBSTER), A HERB USED IN TAMAKA-SVASA",,,,,
EFFECT OF SHODHANA (PROCESSING) ON KUPEELU (STRYCHNOS NUX-VOMICA LINN.) WITH SPECIAL REFERENCE TO STRYCHNINE AND BRUCINE CONTENT,,,,,
IDENTIFICATION OF FRUITS OF TRIBULUS TERRESTRIS LINN. AND PEDALIUM MUREX LINN.: A PHARMACOGNOSTICAL APPROACH,"1. Jignesh Kevalia, 2. Bhupesh Patel.",AYU,2011,32,4
STUDY ON BHASMA KALPANA WITH SPECIAL REFERENCE TO THE PREPARATION OF KASISA BHASMA,,,,,
STANDARDIZATION OF SHIRISHAVALEHA WITH REFERENCE TO PHYSICO-CHEMICAL CHARACTERISTICS,,,,,
STANDARD MANUFACTURING PROCEDURE OF RAJATA BHASMA,,,,,
PHYSICO-CHEMICAL ANALYSIS OF A HERBO-MINERAL COMPOUND MEHAMUDGARA VATI - A PILOT STUDY,,,,,
CHROMATOGRAPHIC FINGERPRINT ANALYSIS OF IXORA COCCINEA METHANOLIC FLOWER EXTRACT,,,,,
DETERMINATION OF BIOACTIVE COMPONENTS OF ANNONA SQUAMOSA L LEAF BY GC- MS ANALYSIS,,,,,
DETERMINATION OF BIOACTIVE COMPONENTS OF ETHYL ACETATE FRACTION OF PUNICA GRANATUM RIND EXTRACT,,,,,
DEVELOPMENT OF RP-HPLC METHOD FOR QUALITATIVE ANALYSIS OF ACTIVE INGREDIENT (GALLIC ACID) FROM STEM BARK OF DENDROPHTHOE FALCATE LINN.,,,,,
ISOLATION AND CHARACTERISATION OF CARDIOSPERMUM HALICACABUM MUCILAGE,,,,,
PHARMACOGNOSTIC EVALUATION OF AN AYURVEDIC FORMULATION ELADI GUTIKA,"1. Sunita Shailajan, 2. Sasikumar Menon, 1. Manasi Yeragi, 1. Vishakha Kelkar.",International Journal of Green Pharmacy,2011,5,4
"PHARMACOGNOSTIC STANDARDIZATION, PHYSICO AND PHYTOCHEMICAL EVALUATION OF AERIAL PARTS OF MENTHA ARVENSIS LINN.",,,,,
PHARMACOGNOSTICAL AND PHYTOCHEMICAL EVALUATION OF STEM OF ABUTILON INDICUM (LINN.),,,,,
PHARMACOGNOSTICAL AND PHYTOCHEMICAL INVESTIGATION ON LEAVES OF FICUS MICROCARPA LINN.,,,,,
PHARMACOGNOSTICAL EVALUATION AND QUALITATIVE ANALYSIS OF SACCHARUM SPONTANEUM (L.) ROOT,,,,,
PHARMACOGNOSTICAL EVALUATION OF ACACIA CATECHU WILLD. HEARTWOOD WITH SPECIAL REFERENCE TO TYLOSES,,,,,
PHARMACOGNOSTICAL EVALUATION OF ROOTS OF SIMMONDSIA CHINENSIS SCHNEIDER,,,,,
PHARMACOLOGICAL ACTIVITIES OF CHANDRAKHYA LEAVES,,,,,
"PHYTOCHEMICAL ANALYSIS OF VITEX ALTISSIMA L. USING UV-VIS, FTIR AND GC-MS",,,,,
PHYTOCHEMICAL SCREENING AND APHRODISIAC ACTIVITY OF ASPARAGUS RACEMOSUS,,,,,
"QUALITATIVE ANALYSIS OF PHYTOCHEMICALS, AND COMPARATIVE SUPEROXIDE RADICAL SCAVENGING ALONG WITH REDUCING POTENCY OF SOLANUM NIGRUM USING VARIOUS SOLVENT EXTRACTS","1. A Thenmozhi, 2. K Nagalakshmi, 3. US Mahadeva Rao.",International Journal of Green Pharmacy,2011,5,4
STANDARDIZATION AND ASSESSMENT OF PREFORMULATION PARAMETERS OF RASAYANA TABLET,,,,,
"STANDARDIZATION OF FENNEL (FOENICULUM VULGARE), ITS OLEORESIN AND MARKETED AYURVEDIC DOSAGE FORMS",,,,,
PRELIMINARY OBSERVATIONS ON MEDICINAL PLANTS OF LAHAUL SPITI FOREST DIVISION IN HIMACHAL PRADESH,,,,,
"A STUDY OF MEDICINAL AND ECONOMIC PLANTS OF AMRAVATI DIVISION, AMRAVATI CIRCLE, MAHARASHTRA",,,,,
PHARMACOGNOSTICAL STUDIES ON SHVET SHARPUNKHA TEPHROSIA VILLOSA PERS.,,,,,
ETHNO-MEDICO-BOTANICAL EXPLORATION OF GUREZ VALLEY KASHMIR,,,,,
A BIBLIOGRAPHICAL NOTE ON PATHA (CISSAMPELOS PAREIRA LINN.),,,,,
AN EVALUATION OF SOME COMMON PLANTS OF MEDICINAL IMPORTANCE FROM KERALA,,,,,
"AVAILABILITY OF MEDICINAL PLANTS IN REHEKURRI SANCTUARY (KARJAT TALUKA) OF AHMADNAGAR DISTRICT, MAHARASHTRA",,,,,
PHYTOCHEMICAL SCREENING AND APHRODISIAC PROPERTY OF TINOSPORA CORDIFOLIA,"1. Javeed Ahmed Wani, 1. Rajeshwara N. Achur, 2. R. K. Nema.",International Journal of Pharmaceutical and Clinical Research,2011,3,2
PHARMACOLOGICAL AND PHYTOCHEMICAL EVIDENCES FOR THE EXTRACTS FROM PLANTS OF THE GENUS VITEX - A REVIEW.,,,,,
QUALITY ASSESSMENT OF DIFFERENT VARIANTS OF YOGARAJ GUGGULU,,,,,
PHYSICO-CHEMICAL STANDARDIZATION OF BUTEA MONOSPERMA (LAM.) KUNTZE (PALASHA): AN AYURVEDIC DRUG,,,,,
MICROBIOLOGICAL QUALITY ASSESMENT OF SOME COMMERCIAL HERBAL DRUGS,,,,,
"ANTIBACTERIAL, ANTIFUNGAL AND FREE RADICAL SCAVENGING ACTIVITY OF CROTON GIBSONIANUS NIMM. GRAH. (EUPHORBIACEAE)",,,,,
STANDARDIZATION OF BRAHMI GHRITA WITH SPECIAL REFERENCE TO ITS PHARMACEUTICAL STUDY,,,,,
"ABUTILON INDICUM (ATIBALA): ETHNO-BOTANY, PHYTOCHEMISTRY AND PHARMACOLOGY- A REVIEW",,,,,
PHYTOCHEMICAL SCREENING AND ESTIMATION OF TOTAL PHENOLIC CONTENT IN AEGLE MARMELOS SEEDS,,,,,
PHARMACOGNOSTIC STANDARDIZATION OF LEAVES OF CALOTROPIS PROCERA (AIT.) R. BR. (ASCLEPIADACEAE),,,,,
PHARMACEUTICAL PREPARATION OF SAUBHAGYA SHUNTHI CHURNA: A HERBAL REMEDY FOR PUERPERAL WOMEN,"1. Khushbu Shukla, 2. Manjari Dwivedi, 1. Neeraj Kumar.",International Journal of Ayurveda Research,2010,1,1
PHARMACOGNOSTIC EVALUATION OF THE RIND OF GANESH AND KABUL VARIETY OF PUNICA GRANATUM LINN - A COMPARATIVE STUDY.,,,,,
X RAY DIFFRACTION ANALYSIS OF YASHADA BHASMA: AN AYURVEDIC METALLIC PREPARATION,,,,,
PHYTOCHEMICAL STUDIES OF THE GRAINS OF PASPALUM SCROBICULATUM,,,,,
PHYSICOCHEMICAL CHARACTERIZATION OF AYURVEDIC BHASMA (SWARNA MAKSHIKA BHASMA): AN APPROACH TO STANDARDIZATION,,,,,
PHARMACOLOGICALLY IMPORTANT NATURAL PRODUCTS FROM MARINE SPONGES,,,,,
PHARMACOGNOSTIC INVESTIGATION AND AUTHENTICATION OF POTENTIALLY UTILIZED FRUIT SPONDIAS MANGIFERA (WILLD),,,,,
PHARMACOGNOSTICAL STUDIES ON IPOMEA RENIFORMIS CHOIS.,,,,,
A QUANTITATIVE ESTIMATION OF AERIDIN IN WATTAKAKA VOLUBILIS BY HPTLC,,,,,
FORMULATION AND PHARMACOLOGICAL EVALUATION OF BARK EXTRACT OF ALBIZIA ODORATISSIMA (L.F) BENTH,,,,,
PHARMACOGNOSTICAL STUDIES OF HYMENODICTYON ORIXENCE (ROXB.) MABB. LEAF,"Mallesh Reddy, Alka A Chaturvedi.",International Journal of Ayurveda Research,2010,1,2
STUDY OF CROCUS SATIVUS AS COMPLEXION PROMOTER IN SKIN CARE,,,,,
PHARMACOPOEIAL STANDARDIZATION OF HIBISCUS ROSA SINENSIS LINN.,,,,,
A NEW GLYCOSIDIC FLAVONOID FROM JWARHAR MAHAKASHAY (ANTIPYRETIC) AYURVEDIC PREPARATION,,,,,
PHARMACOGNOSTIC AND PRELIMINARY PHYTOCHEMICAL INVESTIGATION ON BARK OF BRIDELIA RETUSA SPRENG,,,,,
PRELIMINARY PHYTOCHEMICAL AND ANTI-ASTHMATIC STUDIES ON STEM BARK OF BALANITES ROXBURGHII PLANCH.,,,,,
PHARMACOGNOSTIC STUDIES ON THE LEAF OF VENTILAGO MADERASPATANA GRAETN,,,,,
A COMPREHENSIVE REVIEW ON EFFECTS OF SODHAN KARMA (DETOXIFICATION PROCEDURE) AND THERAPEUTIC POTENTIAL OF VISHA-TINDUKA (STRYCHNOS NUX-VOMICA),,,,,
PHARMACOGNOSTICAL AND PHYTO-CHEMICAL EVALUATION OF PUNARNAVADI MANDURA: AN EFFECTIVE FORMULATION FOR IRON DEFICIENCY ANEMIA,,,,,
EMBELIN - AN HPLC METHOD FOR QUANTITATIVE ESTIMATION IN EMBELIA RIBES BURM. F.,,,,,
A PHYTOPHARMACOLOGICAL REVIEW OF ALSTONIA SCHOLARIS: A PANORAMIC HERBAL MEDICINE,"Kalaria Pankti, Gheewala Payal, Chakraborty Manodeep, Kamath Jagadish.",International Journal of Research in Ayurveda and Pharmacy,2012,3,3
BIOCHEMICAL EFFECT OF SOME FOOD PROCESSING METHODS ON THE HEALTH PROMOTING PROPERTIES OF UNDER-UTILIZED CARICA PAPAYA SEED,,,,,
EFFECT OF ORAL IMMUNOSTIMULANT ANDROGRAPHIS PANICULATA AND RESISTANCE TO AEROMONAS HYDROPHILA IN CATLA CATLA,,,,,
PHARMACOGNOSTICAL AND PHYSICOCHEMICAL EVALUATION OF AGASTI LEAF,,,,,
PHARMACOGNOSTIC STUDY OF CHLOROPHYTUM TUBEROSUM BAKER,,,,,
"STUDIES OF THE COMPOSITION AND STANDARDIZATION OF BAKUCHI OIL, AN AYURVEDIC MEDICINAL OIL PREPARED FROM PSORALEA CORYLIFOLIA L. USED IN THE TREATMENT OF VITILIGO",,,,,
"VALIDATED HPLC-UV METHOD FOR THE DETERMINATION OF BERBERINE IN RAW HERB DARUHARIDRA (BERBERIS ARISTATA DC), ITS EXTRACT, AND IN COMMERCIALLY MARKETED AYURVEDIC DOSAGE FORMS",,,,,
SIMULTANEOUS ESTIMATION OF CURCUMIN AND QUERCETIN IN AYURVEDIC PROPRIETARY MEDICINE BY U.V. SPECTROPHOTOMETRY,,,,,
COMPARATIVE ACCOUNT OF TRADITIONALLY FERMENTED BIOMEDICINE FROM AYURVEDA: MUSTAKARISHTA,,,,,
STANDARDIZATION AND QUALITY CONTROL PARAMETERS OF DASHANGA KWATHA GHANA TABLET: AN AYURVEDIC FORMULATION,,,,,
PRELIMINARY PHYTOCHEMISTRY AND PHENOLIC COMPOUNDS OF SOME FOLK MEDICINAL PLANTS,"Koche D. K., Suradkar S. S., Kokate P. S, Bhadange D. G.",International Journal of Research in Ayurveda and Pharmacy,2012,3,2
PARAMETERS STUDIED FOR DEVELOPMENT OF GYMNEMA SYLVESTRE LEAF EXTRACTS: AS INJECTABLE ANTI-DIABETIC,,,,,
ANALYSIS OF THE VARIANTS PRODUCED THROUGH TISSUE CULTURE TECHNIQUES IN WITHANIA SOMNIFERA (L) DUNAL. BY DNA FINGER PRINTING EMPLOYING RAPD METHOD,,,,,
"A COMPARISON STUDY OF MACROSCOPICAL AND MICROSCOPICAL CHARACTERISTICS OF POWDER OF HARITAKI: TERMINALIA CHEBULA (PERICARP), YAVANI: TRACHYSPERMUM AMMI (FRUIT), AJMODA: APIUM LEPTOPHYLLUM (FRUIT) AND SUNTHI: ZINGIBER OFFICINALIE (RHIZOME)",,,,,
SCAVENGER CAPACITY OF MOMORDICA CHARANTIA FOR REACTIVE OXYGEN SPECIES,,,,,
BERBERINE: ALKALOID WITH WIDE SPECTRUM OF PHARMACOLOGICAL ACTIVITIES,,,,,
"CHEMICAL ANALYSIS OF THE ESSENTIAL OILS FROM PUNICA GRANATUM, VITIS VINIFERA AND CUCURBITA MAXIMA SEEDS GROWING IN LEBANON BY GC/ MS",,,,,
EXTRACTION OF AMBRETTE SEED OIL AND ISOLATION OF AMBRETTOLIDE WITH ITS CHARACTERIZATION BY 1H NMR,,,,,
DIPEPTIDYL PEPTIDASE IV INHIBITORY ACTIVITY OF MANGIFERA INDICA,,,,,
ISOLATION OF 3-DEMETHYLCOLCHICINE FROM GLORIOSA SUPERBA SLUDGE AND COUPLING WITH _-ACETOBROMOGLUCOSE TO YIELD COLCHICOSIDE AND THIOCOLCHICOSIDE,,,,,
DETERMINATION OF THE CONCENTRATIONS OF ZINC AND VITAMIN C IN OYSTERS AND SOME MEDICINAL PLANTS USED TO CORRECT MALE FACTOR INFERTILITY,"Modupe Ogunlesi, Wesley Okiei, Edith Ofor, Olugbenga Awonuga.",Journal of Natural Products,2009,2,-
ANTIOXIDANT ACTIVITY AND FLAVONOID DERIVATIVES OF PLUMBAGO ZEYLANICA,,,,,
ANALYTICAL AND FOURIER TRANSFORM INFRA RED SPECTROSCOPY EVALUATION OF SANDALWOOD OIL EXTRACTED WITH VARIOUS PROCESS TECHNIQUES,,,,,
PHYTOCHEMICAL AND PHARMACOLOGICAL STUDIES OF FICUS AURICULATA LOUR.,,,,,
ASSESSMENT OF KNOWLEDGE ABOUT AAHAAR AND VIHAAR AMONG UNIVERSITY STUDENTS,,,,,
"EVALUATION OF PRESCRIPTION PATTERN AND COST-EFFECTIVENESS AMONG PATIENTS ASSOCIATED WITH GYNAECOLOGICAL DISEASES IN GOVERNMENT MATERNITY HOSPITAL, LUCKNOW (U. P.)-INDIA",,,,,
ASSESSMENT OF HEMOGLOBIN PERCENTAGE OF ADOLESCENT FEMALES RESIDING IN RURAL AREAS OF NIGDI VILLAGE W.S.R. TO ETIOPATHOGENESIS OF PANDU VYADHI,,,,,
"PROMINENCE OF CISSUS QUADRANGULARIS L. FOR MEDICINAL, ANTIBACTERIAL USE AND ITS CONSERVATION",,,,,
COMPARATIVE PHYSICO-CHEMICAL EVALUATION OF RASAPARPATI PREPARED BY SAMAGANDHI AND VISHAMAGANDHI KAJJALI,,,,,
"ISOLATION AND IDENTIFICATION OF 5-FORMYL-2,3-DIHYDROISOCOUMARIN FROM THE LEAVES OF FOLK MEDICINAL PLANT ENICOSTEMMA AXILLARE (LAM.) RAYNAL",,,,,
PHARMACEUTICAL STANDARDIZATION OF TRIGUNA RASA SINDHOORA,"1. S N Dhundi, 2. B J Patgiri, 3. P K Prajapati.","4th World Ayurveda Congress and Arogya Expo proceedings Pp. 88, 9-13 December 2010, Bengaluru, Karnataka, India.
     2192 Article Title: IDENTIFICATION OF THE MORPHOLOGICALLY SIMILAR MEDICINAL PLANT GENUS TRIBULUS DNA BARCODES
     Article ID: 13878
     Authors: 1. D Selvaraj, 1. K Murugesan, 1. R K Sarma, 1. D Shanmughanandhan, 2. R Srinivasan, 1. S Ramalingam.
     Research Status: Published work
     Medical System: Ayurveda",,,
IDENTIFICATION OF THE MORPHOLOGICALLY SIMILAR MEDICINAL PLANT GENUS TRIBULUS DNA BARCODES,,,,,
PHYSIOLOGICAL AND BIOCHEMICAL CHANGES IN ASHWAGANDHA (WITHANIA SOMNIFERA L. DUNAL) AS INFLUENCED BY ORGANIC CHEMICAL AND INTEGRATED NUTRIENT,,,,,
COMPARATIVE PHYSICOCHEMICAL STUDY OF KAJJALI PREPARED USING DIFFERENT SAMPLES OF PARADA,,,,,
ANTIOXIDANT AND ANTIDIABETIC ACTIVITY OF CURCUMA AROMATICA,,,,,
FREE RADICAL SCAVENGING ACTIVITY OF MULTIVITAMIN PLANT (SAUROPUS ANDROGYNUS L. MERR),,,,,
STANDARDIZATION OF BHASMA WITH SPECIAL REFERENCE TO TAMRA BHASMA,,,,,
SPECIFICATIONS FOR AYURVEDIC FORMULATION TRIPHALA CHURNA,,,,,
EFFECT OF PUTA IN THE PREPARATION OF VANGA BHASMA,,,,,
PHYTOCHEMICAL STUDIES OF NISAKATHAKADI KASHAYAM,,,,,
PREPARATION AND PHYSICOCHEMICAL ANALYSIS OF AJASTHI BHASMA,"1.K A Mithya, 2.R S Hiremath.","Presented at 4th World Ayurveda Congress and Arogya, held on 9-13 December 2010, Bengaluru, Karnataka, India.
     2202 Article Title: PHARMACEUTICAL STANDARDIZATION AND STABILITY STUDY OF AN AYURVEDIC ARISHTA KALPANA SHIRISHARISHTA
     Article ID: 13888
     Authors: 1. M Jaiswal, 2. B Ravishankar, 3. P K Prajapati.
     Research Status: Published work
     Medical System: Ayurveda",,,
PHARMACEUTICAL STANDARDIZATION AND STABILITY STUDY OF AN AYURVEDIC ARISHTA KALPANA SHIRISHARISHTA,,,,,
QUANTITATION OF B SITOSTEROL FROM CELASTRUS PANICULATUS WILLD. BY A VALIDATED HPTLC METHOD,,,,,
PHYTO-PHARMACEUTICAL ASSAY OF DASHAMOOLADI RASAYANA COMPOUND: A NOVEL COMPOUND FOR DIABETIC POLYNEUROPATHY,,,,,
PLANT ESSENTIAL OILS AS POTENTIAL ANTIFUNGALS TO CONTROL THE INDOOR FUNGI,,,,,
COMPARATIVE NPST STUDY OF YASHADA BHASMA WITH DIFFERENT MARKET SAMPLES,,,,,
COMPARATIVE ANTIOXIDANT ACTIVITY OF CURCUMA LONGA AND CURCUMA AROMATICA BY DPPH SCAVENGING ASSAY,,,,,
MACRO AND MICRO NUTRIENTS OF ACHYRANTHES ASPERA (SANS. APAMARGA) SEEDS FROM SRI LANKA,,,,,
PHYTOCHEMICAL INVESTIGATION AND STANDARDIZATION OF KSHEERABALA AVARTHY-101,,,,,
IMPLEMENTATION OF HPTLC METHODS IN EVALUATING PACHAN SANSKAR OF RASAUSHADHIS (HERBOMINERAL PREPARATIONS) WITH REFERENCE TO PSORALEN IN THE PREPARATION OF TABLET TALESHWAR RAS,,,,,
URGINEA INDICA KUNTH. LILIACEAE AND ITS BIOACTIVE COMPOUNDS,M N S Kameshwari.,"Presented at 4th World Ayurveda Congress and Arogya, held on 9-13 December 2010, Bengaluru, Karnataka, India.
     2212 Article Title: DEVELOPMENT AND STANDARDIZATION OF COWDUNG-BASED POLYHERBAL FACE PACK AND EVALUATION OF ITS ANTIMICROBIAL PROPERTIES
     Article ID: 13975
     Authors: 1. J. Chhangani, 1. S Tiwari, 1. A Agnihotri, 1. N Katekar, 2. A Farsole.
     Research Status: Published work
     Medical System: Ayurveda",,,
DEVELOPMENT AND STANDARDIZATION OF COWDUNG-BASED POLYHERBAL FACE PACK AND EVALUATION OF ITS ANTIMICROBIAL PROPERTIES,,,,,
HPTLC FINGERPRINTING AND ANTIMICROBIAL STUDY OF VAISWANARA CHOORNAM: AN AYURVEDIC FORMULATION,,,,,
"PHYTOCHEMICAL SCREENING, ANTIMICROBIAL STUDIES, AND MASS MULTIPLICATION OF TODDOLIA ACULEATA FROM KOLLI HILLS",,,,,
PHYTOCHEMICAL ANALYSIS AND ANTIMICROBIAL STUDIES OF PHYLLANTHUS MADERASPATENSIS AND CELOSIA ARGENTEA,,,,,
METHOD OF PREPARATION OF AYURVEDIC FORMULATION ESPECIALLY NAGA BHASMA USING AYURVEDIC AND MODERN TECHNOLOGIES,,,,,
"EFFECT OF GRADED LEVELS OF NPK ON HERB, OIL YIELD AND OIL COMPOSITION OF BASIL (OCIMUM BASILICUM L.)",,,,,
PHYTOCHEMICAL AND MICROSCOPICAL INVESTIGATIONS ON EMBLICA OFFICINALIS GAERTN.,,,,,
ANTIBACTERIAL EVALUATION OF ETHANOLIC EXTRACT OF CYNODON DACTYLON (L.) PERS,,,,,
PHARMACOGNOSTIC STUDY AND ESTABLISHMENT OF QUALITY PARAMETERS OF LEAVES OF BOMBAX INSIGNE LINN.,,,,,
"PUTRANJIVA ROXBURGHII SEEDS, EUPHORBIACEAE, OIL CONTENT, FATTY ACID COMPOSITION","1. Dnyaneshwar J. Taur, 2. Ravindra Y. Patil.",Journal of Pharmacy Research,2009,2,12
QUALITY STANDARDS OF RINGWORM CASSIA,,,,,
PHYTOCHEMICAL AND PHARMACOLOGICAL ASPECTS OF CAESALPINIA SAPPAN,,,,,
CHEMICAL CONSTITUENTS OF EMBELIA BASAAL (ROEM. & SCHULT.) DC.,,,,,
PHARMACOGNOSTICAL EVALUATION OF ZANTHOXYLUM NITIDUM ROOT.,,,,,
"EVALUATION OF PHARMACOGNOSTIC, PHYTOCHEMICAL AND ANTIMICROBIAL ACTIVITY OF EUPHORBIA ROTHIANA",,,,,
PHARMACOGNOSTIC EVALUATION AND PHYTOCHEMICAL STUDIES ON LEAVES OF ALBIZIA LEBBECK BENTH.,,,,,
PHARMACOGNOSTICAL EVALUATION OF CICER ARIETINUM LINN,,,,,
PHARMACOGNOSTICAL STUDIES AND ANTIBACTERIAL ACTIVITY OF THE LEAVES OF MURRAYA KOENIGII,,,,,
STANDARDIZATION OF DASHAMULARISHTA: A POLYHERBAL FORMULATION,,,,,
COMPARATIVE THIN LAYER CHROMATOGRAPHIC INVESTIGATIONS ON SOURCES OF SHANKHPUSHPI,"Sethiya Neeraj K., Nahata Alok, Dixit Vinod K.",Pharmacognosy Journal,2009,1,3
PHARMACOGNOSTICAL EVALUATION OF ARGYREIA SPECIOSA (BURM.F.) BOJER.,,,,,
PHARMACOGNOSTICAL PROFILING OF ROOTS OF SALACIA PRENOIDES L.,,,,,
IMPACT OF AYURVEDIC SHODHANA (PURIFICATORY PROCEDURES) ON BHALLATAKA FRUITS (SEMECARPUS ANACARDIUM LINN.) BY MEASURING THE ANACARDOL CONTENT,,,,,
SEEDS OF MIMUSOPS ELENGI LINN. PHARMACOGNOSY AND PHYTOCHEMICAL STUDIES,,,,,
PHYTOCHEMICAL SCREENING OF ICHNOCARPUS FRUTESCENS PLANT PARTS,,,,,
PHARMACOGNOSTIC AND PRELIMINARY PHYTOCHEMICAL EVALUATION OF THE LEAVES OF BIXA ORELLANA,,,,,
MICROMORPHOLOGICAL STUDIES ON GMELINA ARBOREA AND CLERODENDRUM SERRATUM,,,,,
STANDARDISATION OF ARTEMISIA ANNUA USING REVERSED PHASE HIGH PERFORMANCE LIQUID CHROMATOGRAPHY (RP-HPLC).,,,,,
"SCREENING OF SOME COASTAL PLANT RESOURCES FOR THEIR ANTIOXIDANT POTENTIAL, TOTAL POLYPHENOL AND FLAVONOID CONTENT.",,,,,
DETERMINATION OF POLYPHENOLIC CONTENT AND IN-VITRO ANTIOXIDANT CAPACITY OF THE LEAVES OF LAGENARIA SICERARIA (MOL.) STANDL,"Badmanaban R, Patel CN, Vinay Patel.",Pharmacognosy Journal,2010,2,7
PHARMACOGNOSTICAL AND PHYTOCHEMICAL STUDIES OF STRYCHNOS POTATORUM LINN SEEDS,,,,,
HPTLC FINGERPRINT PROFILE OF SOME CINNAMOMUM SPECIES,,,,,
PHARMACOGNOSY OF A LOCAL MARKET SAMPLE OF PARPATAKA MOLLUGO CERVIANA (L.) SER.,,,,,
PHARMACOGNOSTICAL STANDARDIZATION OF STEM BARK OF ADENANTHERA PAVONINA L.,,,,,
MICROSCOPICAL AND PRELIMINARY PHYTOCHEMICAL STUDIES ON AERIAL PART (LEAVES AND STEM) OF BRYOPHYLLUM PINNOTUM KURZ,,,,,
PHARMACOGNOSTICAL AND PRELIMINARY PHYTOCHEMICAL EVALUATION OF CLITORIA TERNATEA LEAVES,,,,,
MACRO AND MICROSCOPICAL EVALUATION OF TRUNK BARK OF AILANTHUS EXCELSA ROXB.,,,,,
PHARMACOGNOSTIC AND PHYTOCHEMICAL INVESTIGATION OF AERIAL PARTS OF ARTEMISIA PALLENS WALL EX.DC,,,,,
PHARMACOGNOSTIC AND PHYTOCHEMICAL STUDIES OF BARK OF OROXYLUM INDICUM,,,,,
OROXYLUM INDICUM: A REVIEW,"Lawania Rahul Dev, Mishra Anurag, Gupta Rajiv.",Pharmacognosy Journal,2010,2,9
PHARMACOGNOSTICAL INVESTIGATION OF IONIDIUM SUFFRUTICSOUM GING. - A SEASONAL MULTIPOTENT MEDICINAL HERB.,,,,,
FATTY ACID COMPOSITION OF SEED OIL FROM SOME CLEOME SPECIES.,,,,,
ANTIOXIDANT AVAILABILTIY OF BEHEDA (TERMINALIA BELLERICA (ROXB.) IN RELATION TO ITS MEDICINAL USES,,,,,
PHARMACOGNOSTICAL AND PHYTOCHEMICAL INVESTIGATION OF WHOLE PLANT OF BLEPHARIS MADERASPATENSIS (L.) HEYNE EX ROTH.,,,,,
DETERMINATION OF PHYSICOCHEMICAL PARAMETERS AND DPPH RADICAL SCAVENGING ACTIVITY OF CHENOPODIUM ALBUM LINN,,,,,
PHYTO-PHARMACOLOGY OF CARALLUMA ADSCENDENS ROXB: A REVIEW,,,,,
PERISTROPHE BICALYCULATA - A REVIEW,,,,,
PHARMACOGNOSTICAL STUDIES ON THE LEAVES OF EUPATORIUM ADENOPHORUM SPRENG,,,,,
PHARMACOGNOSTICAL AND PHYTOCHEMICAL EVALUATION OF LEAVES EXTRACT OF JATROPHA CURCAS LINN,,,,,
PHARMACOGNOSTIC STUDY AND ESTABLISHMENT OF QUALITY PARAMETERS OF LEAVES OF FICUS RACEMOSA LINN.,"Gorwadiya HC, Savalia RM, Vachhani KV, Desai TR, Pandya DJ.",Pharmacognosy Journal,2010,2,15
PHARMACOGNOSTIC AND PHYTOCHEMICAL INVESTIGATIONS OF STEMS OF HIBISCUS MICRANTHUS LINN.,,,,,
PHARMACOGNOSTICAL STANDARDIZATION OF ENICOSTEMMA LITTORALE BLUME,,,,,
ANTIPROLIFERATIVE ACTIVITY OF SAPONIN FRACTIONS OF CHLOROPHYTUM BORIVILIANUM,,,,,
"A COMPREHENSIVE REVIEW OF A MAGIC PLANT, HIPPOPHAE RHAMNOIDES",,,,,
PHARMACOGNOSTICAL AND PHYTOCHEMICAL EVALUATION OF VIGNA UNGUICULATA LINN. (KULATTHA) SEED,,,,,
"STANDARDIZATION OF BACOPA MONNIERI AND ITS FORMULATIONS WITH REFERENCE TO BACOSIDE A, BY HIGH PERFORMANCE THIN LAYER CHROMATOGRAPHY",,,,,
FORMULATION AND EVALUATION OF HERBAL NUTRACEUTICAL TABLETS FOR MALNUTRITION,,,,,
PHARMACOGNOSTIC STUDIES OF LANTANA ACULEATA ROOTS,,,,,
PHYTOCHEMICAL & PHARMACOLOGICAL ACTIVITY OF RAUWOLFIA SERPENTINA - A REVIEW,,,,,
A COMPARATIVE STUDY OF ROOTS OF BACOPA MONNIERI (L.) PENNEL AND BACOPA FLORIBUNDA (R.BR.)WETTST.,"Jyoti.S.Gubbannavar, 1. Harisha C R, 2. Chandola H M.",International Journal of Pharmacognosy and Phytochemical Research,2012,4,1
PHARMACOGNOSTIC STUDY OF PLANT EUPHORBIA HIRTA L,,,,,
"STANDARDISATION OF AYURVEDIC POLYHERBAL FORMULATION, ANCASAMA CHURNA",,,,,
PRELIMINARY PHYTOCHEMICAL SCREENING OF SOME IMPORTANT MEDICINAL PLANTS,,,,,
PHARMACOGNOSTICAL AND PHYTOCHEMICAL STUDIES OF THE LEAVES OF ALBIZIA ODORATISSIMA (L.F) BENTH,,,,,
REVIEW: A RARE MEDICINAL HERB ZIZYPHUS XYLOPYRUS (RETZ.) WILLD,,,,,
HIGH-PERFORMANCE THIN-LAYER CHROMATOGRAPHIC FINGERPRINTS OF TWO NEW MACROCYCLIC SPERMINE ALKALOIDS (BUDMUNCHIAMINES) FROM ALBIZIA AMARA,,,,,
PHARMACOGNOSTIC AND PRELIMINARY PHYTOCHEMICAL STUDIES ON RUELLIA TUBEROSA L. (WHOLE PLANT),,,,,
PHARMACOGNOSTIC STUDY OF LEAVES OF CORDIA ROTHII LINN,,,,,
ANALYSIS OF FATTY ACID IN ANISOMELES SPECIES BY GAS CHROMATOGRAPHY-MASS SPECTROMETRY,,,,,
A REVIEW ON PHYTOCHEMISTRY OF CUMINUM CYMINUM SEEDS AND ITS STANDARDS FROM FIELD TO MARKET,"ahmad reza gohari, soodabeh saeidnia.",Pharmacognosy Journal,2011,3,25
COMPARATIVE STANDARDIZATION AND PHYSICOCHEMICAL EVALUATION OF THE LEAVES OF STEVIA REBAUDIANA BERTONI FROM DIFFERENT GEOGRAPHICAL SOURCES,,,,,
PHARMACOGNOSTICAL STUDIES OF LEAVES OF LAGERSTROEMIA FLOS-REGINAE,,,,,
PHARMACOGNOSTICAL & PHYTOCHEMICAL STUDIES OF ROSCEA PROCERA (KAKOLI) AND LILIUM POLYPHYLLUM (KSHEERKAKOLI) IN COMPARISON WITH MARKET SAMPLES,,,,,
PHARMACOGNOSTIC AND PHYTOCHEMICAL INVESTIGATION OF JUGLANS REGIA LINN. BARK,,,,,
PRELIMINARY PHYTOCHEMICAL EVALUATION OF EUPHORBIA FUSIFORMIS BUCH-HAM.,,,,,
PHARMACOGNOSTIC AND HPTLC STUDIES ON DIOSPYROS MONTANA R. (EBENACEAE),,,,,
PHARMACOGNOSTICAL STANDARDIZATION OF TEPHROSIA MAXIMA PERS ROOT,,,,,
PHARMACOGNOSTIC STANDARDIZATION AND PHYTOCHEMICAL SCREENING OF LEAVES OF AMARANTHUS SPINOSUS L.,,,,,
DETERMINATION OF PHYLLANTHIN AND GALLIC ACID IN HERBAL HEPATOPROTECTIVE FORMULATION BY TLC-DENSITOMETRY ANALYSIS,,,,,
DEVELOPMENT OF FINGERPRINTING METHODS OF BALACATURBHADRIKA CHURNA: AN AYURVEDIC FORMULATION,"Ajazuddin, Shailendra Saraf.",Pharmacognosy Journal,2011,3,26
PHARMACOGNOSTIC EVALUATION OF CORDIA MACLEODII HOOK. STEM BARK,,,,,
PHYTOCHEMICAL SCREENING AND IN VITRO ANTIOXIDANT ACTIVITY OF JAWARISH AMLA- A POLY HERBAL FORMULATION,,,,,
PHYTOCHEMICAL INVESTIGATION OF METHANOLIC EXTRACT OF CASSIA FISTULA LEAVES,,,,,
PHARMACOGNOSTIC AND PHYTOCHEMICAL EVALUATION OF CITRUS AURANTIFOLIA (CHRISTM) SWINGLE PEEL,,,,,
PHYTO-PHARMACOGNOSTICAL STUDIES OF TWO ENDANGERED SPECIES OF MALAXIS (JEEVAK AND RISHIBHAK),,,,,
"EFFICACY OF GLYCYRRHIZA GLABRA LINN. (YASTIMADHU) IN LEARNING, MEMORY AND COGNITIVE ACTIVITY - CURRENT FINDINGS AND FUTURE AVENUES.",,,,,
PHARMACOGNOSTICAL STUDIES ON ROOT TUBERS OF CHLOROPHYTUM BORIVILIANUM SANTAPAU & FERNANDES,,,,,
PHYSICOCHEMICAL COMPOSITION OF INDONESIAN VELVET BEAN (MUCUNA PRURIENS L.),,,,,
THE PHYTOCHEMICAL CONSTITUENTS OF WITHANIA SOMNIFERA AND WITHANIA OBTUSIFOLIA BY GCMS ANALYSIS,,,,,
PRELIMINARY PHARMACOGNOSTICAL AND PHYTOCHEMICAL INVESTIGATION ON FERONIA ELEPHANTUM CORR. FRUIT,"1. Kanhiya Mahour, 1. Anurag Mishra, 1. Ashok Kumar, 1. V.S.Vihan.",Journal of Pharmacy Research,2008,1,1
COMPARATIVE STUDY ON HEAVY METAL CONTENTS IN TARAXACUM OFFICINALE,,,,,
ISOLATION OF ACTIVE COMPONENTS DERIVED FROM WHOLE PLANT OF BORRERIA HISPIDA (LINN.),,,,,
"PHARMACOGNOSTICAL STUDIES ON THE ROOT TUBER OF PIMPINELLA TIRUPATIENSIS BAL. & SUBR. - AN ENDEMIC TO TIRUMALA HILLS OF EASTERN GHATS, INDIA",,,,,
PRELIMINARY PHYTOCHEMICAL SCREENING OF AQUEOUS AND ALCOHOLIC EXTRACTS OF STEVIA REBAUDIANA (BERTONI),,,,,
"SIMPLE AND RAPID SCHEME OF STANDARDIZATION OF MARKETED POLYHERBAL FORMULATION, LOHASAVA.",,,,,
PHYTOCHEMICAL SCREENING FOR ACTIVE COMPOUNDS IN GLORIOSA SUPERBA LEAVES AND TUBERS,,,,,
PHARMACOGNOSTICAL STUDIES ON ARTEMISIA ANNUA LEAF.,,,,,
PHYTOCHEMICAL SCREENING OF THE RHIZOME OF KAEMPFERIA GALANGA,,,,,
EUGENOL DERIVATIVES AS FUTURE POTENTIAL DRUGS,,,,,
PHARMACOGNOSTICAL INVESTIGATION AND STANDARDIZATION OF CAPSICUM ANNUM L. ROOTS,"Pandey Sunil, Yadav Sanjay, Singh Vinod",International Journal of Pharmacognosy and Phytochemical Research,2012,4,1
A QUALITY ASSESSMENT OF BOERHAAVIA DIFFUSA LINN. COMMONLY KNOWN AS PUNARNAVA PLANT,,,,,
PHARMACOGNOSTICAL AND PHYTOCHEMICAL STUDIES ON HEMIDESMUS INDICUS ROOT,,,,,
REVIEW ON DATURA METEL: A POTENTIAL MEDICINAL PLANT,,,,,
PHARMACOGNOSTIC EVALUATION OF AN AROMATIC PLANT OF BASMATI FLAVOR: PANDANUS AMARYLLIFOLIUS ROXB,,,,,
PHARMACOGNOSTICAL AND PHDYTOCHEMICAL COMPARISON OF ROOTS OF SOLANUM SPECIES USED IN AYURVEDIC FORMULATIONS,,,,,
PUTRANJIVA ROXBURGHII SEEDS: OIL CONTENT AND FATTY ACID COMPOSITION DURING DIFFERENT STAGES OF SEED MATURITY,,,,,
FATTY ACID GLUCOSIDES FROM ROOTS OF CICHORIUM INTYBUS LINN.,,,,,
"ESTIMATION OF COPPER, ZINC AND LEAD IN CHOORNAS BY FLAME ATOMIC ABSORPTION SPECTROSCOPY",,,,,
QUANTITATIVE ESTIMATION OF VASICINE AND VASICINONE IN ADHATODA VASICA BY HPTLC,,,,,
PHARMACOGNOSTICAL AND PRELIMINARY PHYTOCHEMICAL STUDIES OF CALOTROPIS PROCERA STEM BARK,"1. Nagesh Tour, 2. Gokul Talele.",International Journal of Ayurvedic and Herbal Medicine,2012,2,1
PHYTOCHEMICAL STUDIES ON SWERTIA CORDATA (G. DONE) CLARK AND COMPARATIVE CHROMATOGRAPHIC EVALUATION OF FIVE DIFFERENT SPECIES OF SWERTIA,,,,,
PHARMACOLOGICAL ACTIVITIES OF ABRUS PRECATORIUS LINN. - A REVIEW.,,,,,
PHARMACOGNOSTIC EVALUATION OF TUBIFLORA ACAULIS,,,,,
ANTIHYPERGLYCEMIC AND HYPOLIPIDEMIC ACTIVITIES OF AQUEOUS EXTRACT OF CARICA PAPAYA LINN. LEAVES IN ALLOXAN-INDUCED DIABETIC RATS,,,,,
STUDIES OF THE ANTIFUNGAL AND ANTIVIRAL ACTIVITY OF METHANOLIC EXTRACT OF LEAVES OF GREWIA ASIATICA.,,,,,
EVALUATION OF ANTI-INFLAMMATORY AND ANALGESIC ACTIVITY OF ETHANOLIC EXTRACTS OF INULARACEMOSA AND ALBIZIA AMARA,,,,,
PRELIMINARY ANALYTICAL STUDY OF GANDARVAHASTHADI KWATHA - AN AYURVEDIC POLYHERBAL FORMULATION.,,,,,
"EXTRACTION, PARTIAL PURIFICATION AND CHARACTERIZATION OF 5-PHOSPHODIESTERASE FROM GERMINATED PHASEOLUS MUNGO (MUNG BEAN)",,,,,
PHARMACOGNOSTICAL AND ANALYTICAL EVALUATION OF KARPASA (GOSSYPIUM HERBACEUM LINN.) ROOT,,,,,
FREE RADICAL SCAVENGING ACTIVITY OF GYROCARPUS ASIATICUS BY USING DPPH AND ABTS METHOD,"1. T.Vithya, 2.V.Kavimani, 1. B. Rajkapoor, 3. K.Alhasjajiju, 1. Josephine leno jenita.","International Journal of Pharmaceutical, Chemical and Biological Sciences",2012,2,2
STANDARDIZATION AND PHARMACOLOGICAL INVESTIGATION ON LEAVES OF FICUS BENGALENSIS,,,,,
PHARMACEUTICAL STUDY OF SRI SIDDHADARADAMRUTA RASA,,,,,
QUANTIFICATION OF OLEANOLIC ACID AND BETULINIC ACID BY TLC AND BRINE SHRIMP LETHALITY ASSAY OF NYMPHAEA STELLATA WILLD. LEAVES,,,,,
PHYTOCHEMICAL AND PHARMACOGNOSTIC EVALUATION OF ERYTHRINA INDICA LINN. LEAVES.,,,,,
EVALUATION OF ANTIOXIDANT ACTIVITY OF A POLYHERBAL FORMULATION,,,,,
STANDARDIZATION OF STEM BARK OF FICUS BENGALENSIS,,,,,
MINERAL VARIATIONS OF HONEY OF INDIGENOUS HONEYBEE SPECIES FROM WESTERN GHATS OF KARNATAKA,,,,,
PHARMACOGNOSTICAL AND PHYSICO-CHEMICAL STANDARDIZATION OF LEAVES OF CAESALPINIA PULCHERRIMA.,,,,,
FREE RADICAL SCAVANGING ACTIVITY OF SOPHORA BY LIPID PEROXIATION AND NITRICOXIDE METHOD,,,,,
PHYTOCHEMICAL SCREENING AND GC-MS STUDIES ON THE ETHANOLIC EXTRACT OF CAYRATIA PEDATA,"A.Leo Stanley, 1. V.Alex Ramani, 2. A.Ramachandran.",International Journal of Pharmaceutical and Phytopharmacological Research,2011,1,3
"PHARMACOGNOSTIC, PHYTOCHEMICAL AND PHARMACOLOGICAL REVIEW OF DENDROPHTHOE FALCATA",,,,,
PHARMACOGNOSTICAL CHARACTERIZATION OF AN AYURVEDIC POWDERED FORMULATION: PANCHSAKAR CHURNA,,,,,
EXTRACTION AND PRELIMINARY PHYTOCHEMICAL SCREENING OF ACTIVE COMPOUNDS IN MORINDA CITRIFOLIA FRUIT,,,,,
PHYTOCHEMICAL AND PHARMACOGNOSTIC STUDIES OF THE ECLIPTA PROSTRATA LEAVES.,,,,,
"A USEFUL FLAVONOID, QUERCETIN FROM TWO MEDICINAL PLANTS VIZ. ADHATODA VASICA AND AGERATUM CONYZOIDES IN VIVO AND IN VITRO TISSUE CULTURES.",,,,,
ANALYSIS OF CHEMICAL COMPOSITION OF CISSUS QUADRANGULARIS LINN. BY GC-MS,,,,,
SEARCH FOR ANTIMICROBIAL EFFICACY OF CERTAIN INDIAN MEDICINAL PLANTS,,,,,
CHEMICAL COMPOSITION AND ANTIOXIDANT ACTIVITY OF THE CRUDE METHANOLIC EXTRACTS OF MENTHA SPICATA,,,,,
"PHARMACOGNOSTICAL STUDY AND PRELIMINARY PHYTOCHEMICAL SCREENING OF THE LEAF OF IXORA JOHNSONII HOOK.F. - A RARE, ENDEMIC, CRITICALLY ENDANGERED SPECIES OF SOUTHERN WESTERN GHATS OF KERALA, INDIA",,,,,
PHYTOCHEMICAL ANALYSIS OF SOME MEDICINAL PLANTS,"RNS Yadav, Munin Agarwala.",Journal of Phytology,2011,3,12
COMPARATIVE PHARMACOLOGICAL STUDY OF FRUITS AND FLOWERS EXTRACT OF WITHANIA SOMNIFERA,,,,,
"PHARMACOGNOSTICAL STUDIES AND PRELIMINARY PHYTOCHEMICAL INVESTIGATIONS ON ROOTS OF SOPHORA INTERRUPTA BEDD., FABACEAE",,,,,
PRELIMINARY PHYTOCHEMICAL EVALUATION AND FLAVANOIDS QUANTIFICATION OF TERMINALIA ARJUNA LEAVES EXTRACT,,,,,
GC-MS DETERMINATION OF BIOACTIVE COMPOUNDS OF POLYGONUM GLABRUM (WILD).,,,,,
PHARMACOGNOSTICAL STUDIES ON THREE ASPLENIUM SPECIES,,,,,
"HPTLC QUANTIFICATION OF FLAVONOIDS, LARVICIDAL AND SMOKE REPELLENT ACTIVITIES OF CASSIA OCCIDENTALIS L. (CAESALPINIACEAE) AGAINST MALARIAL VECTORE ANOPHELES STEPHENSI LIS (DIPTERA: CULICIDAE)",,,,,
STANDARDIZATION OF TERMINALIA MYRIOCARPA HEURCK AND MUELL. - ARG.,,,,,
PHYTOCHEMICAL ANALYSIS AND FREE RADICAL SCAVENGING POTENTIAL OF BALIOSPERMUM MONTANUM (WILLD.) MUELL. LEAF,,,,,
PSYCHOPHARMACOLOGICAL PROFILES OF PERGULARIA DAEMIA (FORSK.) CHIOV,,,,,
PHYTOCHEMICAL ANALYSIS AND ANTIBACTERIAL SCREENING OF MEDICINAL PLANTS AGAINST AEROMONAS HYDROPHILA,"M.A.Haniffa, P. Shanthi.",Asian Journal of Pharmaceutical and Clinical Research,2012,5,2
GC-MS ANALYSIS OF CASSIA ITALICA LEAF METHANOL EXTRACT,,,,,
FTIR SPECTROSCOPIC STUDIES ON AERVA LANATA (L.) JUSS. EX SCHULT.,,,,,
QUANTITATIVE ESTIMATION OF BIOCHEMICAL CONTENT OF VARIOUS EXTRACTS OF STEVIA REBAUDIANA LEAVES,,,,,
CHEMICAL COMPOUNDS INVESTIGATION OF LUCAS ASPERA LEAVES - A POTENTIAL FOLKLORE MEDICINAL PLANT.,,,,,
HPTLC FINGERPRINT PROFILE OF RUMEX VESICARIUS L.,,,,,
QUANTIFICATION OF CATECHIN AND LYCOPENE IN CALENDULA OFFICINALIS EXTRACTS USING HPTLC METHOD,,,,,
COMPARATIVE PHYTOCHEMICAL ANALYSIS AND FREE RADICAL SCAVENGING ACTIVIY IN DIFFERENT EXTRACTS OF PEEL AND PULP OF ACTINIDIA CHINENSIS,,,,,
EXTRACTION OF ANTHOCYANIN AND ANALYSING ITS ANTIOXIDANT PROPERTIES FROM PITHECELLOBIUM DULCE FRUIT PERICARP,,,,,
GC-MS ANALYSIS OF NARINGI CRENULATA (ROXB.) NICOLS. LEAVES,,,,,
"FREE RADICAL SCAVENGING ACTIVITY OF NEEM TREE (AZADIRACHTA INDICA A. JUSS VAR., MELIACEAE) ROOT BARK EXTRACT","1. M.KIRANMAI, 2. MAHENDER KUMAR CB, 1. MD.IBRAHIM.",Asian Journal of Pharmaceutical and Clinical Research,2011,4,4
UV-VIS AND FTIR SPECTROSCOPIC STUDIES ON PERISTROPHE BICALYCULATA (RETZ.) NEES,,,,,
ANTI-DIABETIC ACTIVITY OF ETHANOL AND CHLOROFORM EXTRACT OF INDIGOFERA TINCTORIA LEAVES IN HIGH FRUCTOSE INDUCED DIABETIC RATS.,,,,,
COMPARATIVE STUDY OF SHANKHA(CHONCH) BHASMA AND KAPARDIKA (COVERIES)BHASMA FROM THE POINT OF VIEW OF THEIR PHYSICO-CHEMICAL ANALYSIS,,,,,
PHARMACEUTICO - ANALYTICAL STUDY OF HINGULESHWARA RASA,,,,,
PHYSICO-CHEMICAL STANDARDIZATION OF TANKANA (BORAX): AN AYURVEDIC MINERAL DRUG,,,,,
"MURRAYA KOENIGII (CURRY LEAF): ETHNOBOTANY, PHYTOCHEMISTRY AND PHARMACOLOGY - A REVIEW",,,,,
"ISOLATION, CHARACTERIZATION AND PHARMACOLOGICAL STUDIES OF A FLAVONOL GLUCOSIDE FROM TRICHILIA CONNAROIDES (W.&A.) BENTILIZEN",,,,,
CARDIOPROTECTIVE EFFECT OF QOLEST A POLYHERBAL FORMULATION AGAINST DOXORUBICIN INDUCED CARDIOTOXICITY IN WISTAR RATS,,,,,
PHARMACOGNOSTIC AND PRELIMINARY PHYSIOCHEMICAL INVESTIGATIONS OF THEVETIA PERUVIANA (PERS.) K. SCHUM FLOWERS,,,,,
"ELEMENTAL ANALYSIS (MINERAL AND HEAVY METAL) COMPOSITION OF PHYLLANTHUS AMARUS, JATROPHA GOSSYPIFOLIA AND RUTA GRAVEOLENS","Anupama N Jadhav, Sujata Deo, Farhin Inam, Zahabiya Ali.","Research Journal of Pharmaceutical, Biological and Chemical Sciences",2012,3,3
CHEMICAL INVESTIGATIONS OF POLYGALA CHINENSIS L. BY GC-MS,,,,,
QUALITY ASSESSMENT OF ACHYRANTHAS ASPERA LINN. SEED,,,,,
PHARMACOGNOSTICAL AND PHYTOCHEMICAL SCREENING OF BAUHINIA VARIEGATA LINN LEAVES.,,,,,
PHYTOCHEMICAL SCREENING AND ANTIBACTERIAL ACTIVITY OF PHYLLANTHUS EMBLICA (L.),,,,,
PHARMACOGNOSTIC AND PHYTOCHEMICAL STUDY OF LEAVES OF QUISQUALIS INDICA LINN.,,,,,
A SIMPLE SPECTROFLUOROMETRIC ESTIMATION OF PSORALEN FROM PSORALEA CORYLIFOLIA (L.) (BAVCHI) SEEDS.,,,,,
PHARMACOGNOSTICAL AND PRELIMINARY PHYTOCHEMICAL STUDIES OF VERNONIA MONOSIS BARK,,,,,
QUANTITATIVE DETERMINATION OF B - SITOSTEROL FROM STEM BARK OF HELICTERES ISORA LINN.,,,,,
QUANTIFICATION OF ASCORBIC ACID IN LEAVES OF ANNONA SQUAMOSA,,,,,
GARLIC - A NATURAL SOURCE OF CANCER PREVENTIVE COMPOUNDS,Sukta Das.,Asian Pacific Journal of Cancer Prevention,2002,3,4
PHARMACOGNOSTICAL AND PHYTOCHEMICAL STUDIES ON JASMINUM GRANDIFLORUM LEAVES.,,,,,
PRELIMINARY PHARMACOGNOSTIC AND PHYSICOCHEMICAL EVALUATION OF LEAF OF RANDIA DUMETORUM LAMK.,,,,,
ISOLATION OF FLAVONOL OF TEPHROSIA PURPUREA,,,,,
DESIGN AND EVALUATION OF FLOATING MATRIX TABLETS OF TRIKATU,,,,,
"PHYTOCHEMICAL CONSTITUENTS OF GLORIOSA SUPERBA SEED, TUBER AND LEAVES",,,,,
DETERMINATION OF SOLUBLE EXTRACTIVE OF SOME MEDICINAL PLANTS OF MARATHWADA REGION IN MAHARASHTRA,,,,,
PHARMACOLOGICAL AND PHARMACEUTICAL POTENTIAL OF MORINGA OLEIFERA: A REVIEW.,,,,,
PRELIMINARY PHYTOCHEMICAL INVESTIGATION OF EXTRACT OF ROOT OF BERGENIA LGULATA.,,,,,
ECLIPTA ALBA: A PHYTOPHARMACOGNOSTIC STUDY,,,,,
SACCHARIFICATION OF STARCH BY GELATIN IMMOBILIZED BEET ROOT AMYLASE (BETA VULGARIS),"Lata Sheo Bachan Upadhyay, Nishant Verma.","Research Journal of Pharmaceutical, Biological and Chemical Sciences",2012,3,3
PHARMACOGNOSTICAL STANDARDISATION OF VERNONIA MONOSIS BENTH LEAVES (COMPOSITAE),,,,,
PHARMACOGNISTICAL AND PHYTOCHEMICAL ANALYSIS OF PORTULACA QUADRIFIDA LINN,,,,,
PHARMACOGNOSTICAL PARAMETERS FOR EVALUATION OF LEAVES OF AMORPHOPHALLUS PAEONIIFOLIUS,,,,,
DEVELOPMENT AND EVALUATION OF HERBAL ANTI-ACNE FORMULATION,,,,,
PHYTOPHARMACOGNOSTIC STUDY OF LEAVES OF ERYTHRINA INDICA,,,,,
CHEMICAL ANALYSIS OF PRIMARY AND SECONDARY METABOLITES OF NARAVELIA ZEYLANICA,,,,,
PHARMACOGNOSTICAL STANDARDIZATION OF STEM OF SUAEDA MARITIMA (L.) DUMORT,,,,,
PRELIMINARY PHYSICO-PHYTOCHEMICAL STUDY OF THE LEAVRS PARTS OF HYGROPHILA DIFFORMIS BLUME.,,,,,
SCREENING AND BIOCHEMICAL QUANTIFICATION OF PHYTOCHEMICALS IN FENUGREEK (TRIGONELLA FOENUM-GRAECUM),,,,,
EXTRACTION OF POLYSACCHARIDE POLYMER FROM DIOSCOREA TRIFIDA AND EVALUATION AS A TABLET BINDER,"1. S.Bharath, 1. P.Murali Krishna Reddy, 1. R. Deveswaran, 1. B.V.Basavaraj, 2. V.Madha Van.",International Journal of Pharmacy and Pharmaceutical Sciences,2012,4,3
"NUTRITIONAL, ELEMENTAL ANALYSIS AND ANTIOXIDANT ACTIVITY OF GARDEN CRESS (LEPIDIUM SATIVUM L.) SEEDS",,,,,
PRELIMINARY PHYTOCHEMICAL ANALYSIS OF TRADITIONALLY USED MEDICINAL PLANTS,,,,,
"ADDITIVE EFFECT OF BLACK PEPPER WITH MEBARID, AN AYURVEDIC ANTIDIARRHOEAL FORMULATION",,,,,
PHARMACOGNOSTIC AND PRELIMINARY PHYTOCHEMICAL INVESTIGATIONS OF ANACARDIUM OCCIDENTALE (LINN.) LEAVES,,,,,
PHARMACOGNOSTIC AND PHYTOCHEMICAL STUDIES OF SEMECARPUS ANACARDIUM (LINN.F.) LEAVES,,,,,
GC-MS STUDY OF STEM BARK EXTRACT OF JUGLANS REGIA L.,,,,,
CHEMOPREVENTION BY BUTEA MONOSPERMA OF HEPATIC CARCINOGENESIS AND OXIDATIVE DAMAGE IN MALE WISTAR RATS,,,,,
MEDICINAL PLANTS OF HIMACHAL PRADESH USED IN INDIAN PHARMACEUTICAL INDUSTRY,,,,,
ETHNOBOTANICAL RESEARCH IN INDIA- A REVIEW,,,,,
COMPARISON OF THE IRRITATION POTENTIALS OF BOSWELLIA SERRATA GUM RESIN AND OF ACETYL-11-KETO-BETA-BOSWELLIC ACID BY IN VITRO CYTOTOXICITY TESTS ON HUMAN SKIN-DERIVED CELL LINES.,"1. Bruno Burlando, 2. Alessandro Parodi, 1. Andrea Volante, 2. Anna Maria Bassi.",Toxicology Letters,2008,177,2
MEDICINAL PLANTS WEALTH OF RAJGIR BIHAR,,,,,
PHYTOCHEMICAL AND PHARMACOGNOSTIC EVALUATION OF EUPHORBIA HIRTA LINN. LEAVES,,,,,
INVESTIGATION OF THE EXTRACTION PROCESS AND PHYTOCHEMICAL COMPOSITION OF PREPARATIONS OF DODONAEA VISCOSA (L.) JACQ,,,,,
PHYTOCHEMICAL EVALUATION AND TLC PROTOCOL OF VARIOUS EXTRACTS OF BOMBAX CEIBA LINN.,,,,,
HEPATOPROTECTIVE ACTIVITY OF EXTRACTS OF LEAVES OF CALOTROPIS GIGANTEA,,,,,
PHYTOCHEMICAL AND PHARMACOLOGICAL ASPECTS OF EUCALYPTUS GENUS,,,,,
"AN ETHNOMEDICINAL, PHYTOCHEMICAL AND PHARMACOLOGICAL PROFILE OF DESMODIUM GANGETICUM (L.) DC. AND DESMODIUM ADSCENDENS (SW.) DC.",,,,,
LANGALI (GLORIOSA SUPERBA) LINN. AND ITS THERAPEUTIC IMPORTANCE IN AYURVEDA - A REVIEW,,,,,
CARICA PAPAYA LINN: A POTENTIAL SOURCE FOR VARIOUS HEALTH PROBLEMS,,,,,
PHARMACOGNOSTIC EVALUATION OF CLITORIA TERNATEA ROOT,"1. Dnyaneshwar J. Taur, 2. Ravindra Y. Patil.",Journal of Pharmacy Research,2010,3,2
"CASSIA TORA LINN:A REVIEW ON ITS ETHNOBOTANY, PHYTOCHEMICAL AND PHARMACOLOGICAL PROFILE.",,,,,
MORPHOLOGICAL AND ANATOMICAL CHARACTERIZATION OF SALVIA PLEBEIA FROM MAHARASHTRA (INDIA),,,,,
A QUALITY ASSESSMENT AND PHYTOCHEMICAL SCREENING OF SELECTED REGION OF WITHANIA SOMNIFERA DUNAL,,,,,
SHODHANA (PROCESSING) OF GUNJA (ABRUS PRECATORIUS LINN.) SEEDS WITH GODUGDHA (COWS MILK) A PHARMACEUTICAL ANALYSIS,,,,,
"PHYLLANTHUS AMARUS: ETHNOMEDICINAL USES, PHYTOCHEMISTRY AND PHARMACOLOGY: A REVIEW",,,,,
CATECHOL ALKENYLS FROM SEMECARPUS ANACARDIUM: ACETYLCHOLINESTERASE INHIBITION AND BINDING MODE PREDICTIONS,,,,,
QUANTIFICATION OF HARMALINE CONTENT IN PASSIFLORA FOETIDA BY HPTLC TECHNIQUE,,,,,
GC-MS ANALYSIS OF ETHANOL EXTRACT OF ENTADA PURSAETHA DC SEED,,,,,
"PHYTOCHEMICAL ANALYSIS OF LEONOTIS NEPETIFOLIA (L.) R. BR., A WILD MEDICINAL PLANT OF LAMIACEAE",,,,,
HYDROALCOHOLIC EXTRACTION OF MANGIFERA INDICA (LEAVES) BY SOXHLETION,"S B Nikhal, PA Dambe.",International Journal of Pharmaceutical Sciences and Research,2010,1,7
CHEMICAL CHARACTERIZATION OF SAMAGUNA BALIJARITA KAJJALI (BLACK SULPHIDE OF MERCURY),,,,,
PHARMACOGNOSTICAL STUDIES OF POTENTIAL HERB- CHLOROPHYTUM BORIVILIANUM,,,,,
"USE OF PHYSICO-CHEMICAL PROPERTIES, CHROMATOGRAPHIC AND SPECTROPHOTOMETRIC MEASUREMENTS IN THE STANDADIZATION OF SRILANKAN POLY HERBAL FORMULATION MAHA VARTHIKAVA WATEE",,,,,
EVALUATION OF PHYSICOCHEMICAL AND PRELIMINARY PHYTOCHEMICAL STUDIES ON THE FRUIT OF EMBLICA OFFICINALIS GAERTN.,,,,,
EXTENDED DRUG RELEASE RETARDING EFFECT OF ALOE VERA GEL IN THE DESIGN OF TABLET DOSAGE FORM,,,,,
PHYTOCHEMICAL & PHARMACOLOGICAL EVALUATION OF PET-ETHER AND CHLOROFORM EXTRACT OF LEAVES OF CASSIA MIMOSOIDE LINN (FAMILY-CAESALPINIACEAE),,,,,
PHYTOCHEMICAL INVESTIGATION AND CHROMATOGRAPHIC EVALUATION OF THE ETHANOLIC EXTRACT OF WHOLE PLANT EXTRACT OF DENDROPHTHOE FALCATA (L.F.) ETTINGSH,,,,,
PHYTOCHEMICAL SCREENING ON THE STEM BARK OF ANTHOCEPHALUS CADAMBA (ROX B.) MIQ.,,,,,
PRELIMINARY PHARMACOGNOSTICAL AND PHYSICOCHEMICAL ANALYSIS OF PATHYADI VARTI (PVN 1): A HERBOMINERAL FORMULATION,,,,,
PRELUDE STUDIES OF ANTIDIARRHOEAL ACTIVITY OF ETHYL ACETATE EXTRACT OF AERIAL PART OF INDIGOFERA PURPUREA ON ISOLATED RABBIT ILEUM,"N Raveendra Kumar, 1. G R Vijayasankar, 2. R Prema, 3. S Jeevanandham, 4. G Lakshmana Murthy, 5. M Sekar.",Asian Journal of Pharmaceutical and Clinical Research,2011,4,2
FORMULATION AND DEVELOPMENT OF FAST DISINTEGRATING TABLETS CONTAINING FENUGREEK SEED POWDER,,,,,
CHROMATOGRAPHIC METHODS OF FRACTIONATING SEVERAL CHEMICAL CONSTITUENTS IN PHYLA NODIFLORA,,,,,
PHARMACOGNOSTICAL EVALUATION OF DENDROPHTHOE FALCATA,,,,,
SOME PHENOLIC COMPOUNDS OF SALVIA PLEBEIA R. BR.,,,,,
A STUDY ON PHYTOCHEMICAL INVESTIGATION OF DRYNARIA QUERCIFOLIA LINN RHIZOME,,,,,
PHARMACOGNOSTICAL AND PRELIMINARY PHYTOCHEMICAL STUDIES OF BAUHINIA TOMENTOSA (LINN) FLOWER.,,,,,
THE GENUS CLEMATIS (RANUNCULACEAE): CHEMICAL AND PHARMACOLOGICAL PERSPECTIVES,,,,,
A COMPARATIVE PHARMACOGNOSTICAL AND PHYTOCHEMICAL EVALUATION OF VACHA (ACORUS CALAMUS LINN.) AND CLASSICALLY SHODHITA VACHA,,,,,
COMPARATIVE PHYTOCHEMICAL SCREENING OF FLOWERS OF PLUMERIA ALBA AND PLUMERIA RUBRA,,,,,
"PHARMACOGNOSTICAL, PHYTOCHEMICAL AND GC-MS INVESTIGATION OF SUCCESSIVE EXTRACTS OF GYMNEMA SYVESTRE R.BR.","A.Sathya, R.Ramasubramaniaraja, P. Brindha.",Journal of Pharmacy Research,2010,3,5
BIOREMEDIATION OF HEAVY METALS FROM NEEM (AZADIRACHTA INDICA) LEAF EXTRACT BY CHELATION WITH DITHIZONE (A PROSPECTIVE AND EFFECTIVE METHOD FOR PHARMACEUTICAL INDUSTRY),,,,,
PHYTOCHEMICAL ANALYSIS OF COCOS NUCIFERA L,,,,,
EXTRACTION AND OPTIMIZATION OF MOLECULAR MARKER COMPOUNDS FROM ASPARAGUS RACEMOSUS USING HPLC WITH ELS DETECTOR,,,,,
CHEMICAL INVESTIGATION OF TUBERS OF STEPHANIA WIGHTII (ARN) DUNN BY GC-MS,,,,,
PHARMACOGNOSTICAL PROFILE OF PAEDERIA FOETIDA LINN. LEAVES,,,,,
X-RAY DIFFRACTION ANALYSIS OF SAMAGUNA BALIJARITA KAJJALI (BLACK SULPHIDE OF MERCURY),,,,,
PHARMACOGNOSTICAL STUDIES ON THE LEAVES OF ALSTONIA SCHOLARIS R. BR.,,,,,
"SCIENTIFIC VALIDATION OF THE DIFFERENT PURIFICATION STEPS INVOLVED IN THE PREPARATION OF AN INDIAN AYURVEDIC MEDICINE, LAUHA BHASMA",,,,,
THREE NEW ESTERS FROM THE STEM BARK OF FICUS BENGALENSIS L.,,,,,
"SIMULTANEOUS QUANTIFICATION OF RUTIN AND ISOQUERCITRIN FROM JASMINUM SAMBAC AIT., BY HIGH PERFORMANCE THIN LAYER CHROMATOGRAPHY","V. Dighe, D. Mestry.",International Journal of Pharmaceutical Sciences and Research,2012,3,7
VALIDATED HPTLC METHOD FOR MANGIFERIN IN SALACIA CHINENSIS,,,,,
ETHNOPHARMACOGNOSTICAL STUDIES OF THEVETIA PERUVIANA (PERS) K SCHUM; A POTENTIAL PSYCHOACTIVE PLANT,,,,,
EFFECT OF DIFFERENT DRYING METHODS ON THE QUALITY OF STEM BARK OF TERMINALIA ARJUNA ROXB.,,,,,
EVALUATION OF STANDARDIZATION PARAMETERS OF ASHWAGANDHA CHURNA-AYURVEDIC DRUG,,,,,
DEVELOPMENT OF VALIDATED HPTLC METHOD FOR QUANTIFICATION OF JATAMANSONE IN JATAMANSI OIL,,,,,
SPECTROPHOTOMETRIC STUDY FOR THE PHENOLIC AND TOTAL FLAVONOID CONTENT OF MEDICINALLY IMPORTANT PLANT CASSIA AURICULATA (L),,,,,
EXTRACTION OF TANNINS FROM ANACARDIUM OCCIDENTALE AND EFFECT OF PHYSICAL PARAMETERS,,,,,
ISOLATION OF PHYTOCONSTITUENTS FROM MIMOSA PUDICA LEAVES,,,,,
COMPARATIVE ACCOUNT OF SCREENING OF BIOACTIVE INGREDIENTS OF PREMNA INTEGRIFOLIA LINN. WITH SPECIAL REFERENCE TO ROOT BY USING VARIOUS SOLVENTS,,,,,
QUANTIFICATION OF GALLIC ACID AND ELLAGIC ACID IN ARJUNARISHTA BY VALIDTAED HPTLC DENSITOMETRY,"1.Preeti Tiwari, 2. Rakesh K. Patel.",International Journal of Pharmaceutical Sciences and Research,2012,3,7
SEPARATION AND ESTIMATION OF COMPONENTS PRESENT IN EMBLICA OFFICINALIS: A PRELIMINARY INVESTIGATION ON ALLERGIC REACTIONS,,,,,
PHARMACOGNOSTICAL AND PHYSICOCHEMICAL STUDIES ON THE LEAVES OF BARLERIA PRIONITIS (L.),,,,,
PHARMACOGNOSTIC EVALUATION OF CISSUS QUADRANGULARIS L. STEM,,,,,
FATTY ACID PROFILE OF FRUITS OF LUFFA ACUTANGULA VAR. AMARA C.B.CLARKE,,,,,
PHARMACOGNOSTIC EVALUATION OF STEPHANIA JAPONICA (THUMB.) MIERS – A PLANT SOURCE FOR THE DRUG PATHA,,,,,
A COMPREHENSIVE REVIEW ON SPHAERANTHUS INDICUS LINN,,,,,
EVALUATION OF ANTI ULCER ACTIVITY OF FICUS PUMILA L. LEAF EXTRACT IN ALBINO RATS,,,,,
HIERARCHICAL CLUSTER ALGORITHMS OF OCCURRENCES AND ANTIMICROBIAL ACTIVITY OF ROOT EXTRACT OF AN ETHNOMEDICINALLY IMPORTANT PLANT: SIDA CORDIFOLIA LINN.,,,,,
PHYTOCHEMICAL AND ANTIFUNGAL STUDIES ON ROOT OF IPOMOEA SEPIARIA KOENIG EX. ROXB.,,,,,
ANTIVIRAL ACTIVITY OF LATHAKARANJA (CAESALPINIA CRISTA L.) CRUDE EXTRACTS ON SELECTED ANIMAL VIRUSES,"1. Patil Usha, 2. Sharma M C.",Global Journal of Research on Medicinal Plants&Indigenous Medicine,2012,1,9
A COMPARATIVE DERMAL TOXICITY EVALUATION OF RASAKARPURA AND MERCURIC CHLORIDE IN RATS,,,,,
A COMPARATIVE PHARMACOGNOSTICAL EVALUATION OF RAW AND TRADITIONALLY SHODHITA VACHA (ACORUS CALAMUS LINN.) RHIZOMES,,,,,
DOSHAGHNA GUNA GANANA (DGG) - A NEW ARITHMETIC ASSESSMENT OF DRUGS EFFECT ON DOSHA BASED ON GUNA PRBHAVA (EFFECT OF PROPERTIES),,,,,
SELECTION OF BHALLATAKA (SEMECARPUS ANACARDIUM LINN.) FRUITS FOR THERAPEUTIC USES - A SCIENTIFIC APPROACH,,,,,
STANDARAD OPERATIONAL PROCEDURE OF KESHANJANA - AN AYURVEDIC FORMULATION,,,,,
PHARMACOLOGICAL SCREENING OF AYURVEDIC ANTIHYPERLIPIDEMIC FORMULATION: AN AYURVEDIC APPROACH,,,,,
PRELIMINARY PHYTOCHEMICAL STUDIES ON THE LEAVES OF ACHILLEA MILLEFOLIUM L.,,,,,
STANDARD OPERATING PROCEDURE OF RASAKARPURA DRAVA & RASAKARPURA GEL,,,,,
"PROXIMATE ANALYSIS, PHYTO-CHEMICAL SCREENING AND ANTI-INFLAMMATORY ACTIVITY OF COCCINIA INDICA",,,,,
FORMULATION AND PHARMACEUTICAL EVALUATION OF A W/O EMULSION OF HIPPOPHAE RHAMNIODES FRUIT EXTRACT,"1. Barkat A Khan, 1. Naveed Akhtar, 1.Tariq Mahmood, 2. Mughal Qayum, 1. Shahiq-uz-Zaman.",Journal of Pharmacy Research,2010,3,6
A PLANT REVIEW OF CASSIA SOPHERA LINN.,,,,,
QUANTITATIVE ESTIMATION OF SATVA EXTRACTED FROM DIFFERENT STEM SIZES OF GUDUCHI (TINOSPORA CORDIFOLIA (WILLD.) MIERS),,,,,
PHARMACOLOGICAL EVALUATION OF ETHANOLIC EXTRACTS OF THE PLANT ALTERNANTHERA SESSILIS AGAINST TEMPERATURE REGULATION,,,,,
COMPARATIVE STUDY ON THE YIELD RATIO AND BIOACTIVE COMPOUNDS OF TERMINALIA ARJUNA BARK AND CORE-WOOD,,,,,
DETERMINATION OF LAWSONE CONTENT IN FRESH AND DRIED LEAVES OF LAWSONIA INERMIS LINN. AND ITS QUANTITATIVE ANALYSIS BY HPTLC,,,,,
COMPARATIVE PHYTOCHEMISTRY AND PHARMACOLOGICAL EVALUATION OF TAGETES MINUTA,,,,,
LC-MS/MS IDENTIFICATION OF A BROMELAIN PEPTIDE BIOMARKER FROM ANANAS COMOSUS MERR,,,,,
PHARMACOGNOSTICAL AND PHYTOCHEMICAL STUDY OF PIPER LONGUM L. AND PIPER RETROFRACTUM VAHL.,,,,,
CASSIA AURICULATA: ASPECTS OF SAFETY PHARMACOLOGY AND DRUG INTERACTION,,,,,
"STREBLUS ASPER LOUR. (SHAKHOTAKA): A REVIEW OF ITS CHEMICAL, PHARMACOLOGICAL AND ETHNOMEDICINAL PROPERTIES","1. Subha Rastogi, 2. Dinesh K. Kulshreshtha,1.Ajay Kumar Singh Rawat.",Evidence-Based Complementary and Alternative Medicine,2006,3,2
DNA BARCODING OF AUTHENTIC AND SUBSTITUTE SAMPLES OF HERB OF THE FAMILY ASPARAGACEAE AND ASCLEPIADACEAE BASED ON THE ITS2 REGION,,,,,
COMPARATIVE MORPHOANATOMICAL AND PRELIMINARY PHYTOCHEMICAL STUDIES OF CUSCUTA REFLEXA AND CASSYTHA FILIFORMIS,,,,,
A VALIDATED HPLC METHOD FOR THE QUANTIFICATION OF OLEANOLIC ACID IN THE ROOTS OF ACHYRANTHES ASPERA LINN. AND MARKETED FORMULATION,,,,,
EFFICACY AND SAFETY STUDIES OF FOENICULUM VULGARE THROUGH EVALUATION OF TOXICOLOGICAL AND STANDARDISATION PARAMETERS,,,,,
PHYSICOCHEMICAL AND PRELIMINARY PHYTOCHEMICAL STUDIES ON THE RHIZOME OF ACORUS CALAMUS LINN.,,,,,
PHYSICOCHEMICAL AND PRELIMINARY PHYTOCHEMICAL STUDIES ON THE RHIZOMES OF GLYCYRRHIZA GLABRA LINN.,,,,,
EVALUATION OF PHYSICOCHEMICAL PARAMETERS ON THE FRUIT OF TERMINALIABELLIRICA ROXB,,,,,
"ANALYSIS OF THE ESSENTIAL OILS OF THE STEMS, LEAVES AND RHIZOMES OF THE MEDICINAL PLANT COSTUS PICTUS FROM SOUTHERN INDIA",,,,,
OPTIMIZATION OF MICROWAVE ASSISTED EXTRACTION OF WITHANOLIDES FROM ROOTS OF ASHWAGANDHA AND ITS COMPARISON WITH CONVENTIONAL EXTRACTION METHOD,,,,,
QUANTITATIVE DETECTION OF RESERPINE IN RAUWOLFIA SERPENTINA USING HPTLC,"1. Hareesh Kumar. V, 1. Shashidhara. S, 1. Anitha. S, 2. Rajesh. MS.",International Journal of Pharmacy and Pharmaceutical Sciences,2010,2,4
PHARMACOGNOSTIC AND PRELIMINARY PHYTOCHEMICAL INVESTIGATIONS OF AMARANTHUS SPINOSUS (LINN.) LEAVES,,,,,
PRELIMINARY PHYSICOCHEMICAL AND PHYTOCHEMICAL EVALUATION OF MORINDA CITRIFOLIA FRUIT EXTRACTIVES,,,,,
ISOLATION AND CHARECTERISATION OF PHENOLICS FROM THE ROOTS OF COTONEASTER ACUMINATUS AND DETERMINATION OF THEIR ANTIMICROBIAL ACTIVITY,,,,,
DETERMINATION AND COMPARISON OF THE CURCUMINOID PIGMENTS IN TURMERIC GENOTYPES (CURCUMA DOMESTICA VAL.) BY HIGH PERFORMANCE LIQUID CHROMATOGRAPHY,,,,,
"A QUANTITATIVE ESTIMATION OF 14 DEOXY11,12 - DIDEHYDROANDROGRAPHOLIDE IN ANDROGRAPHIS PANICULATA BY HPTLC.",,,,,
PHARMACOGNOSTIC EVALUATION OF BARK AND SEEDS OF MIMUSOPS ELENGI L.,,,,,
IMPORTANCE OF MEDIA IN THE PHARMACEUTICAL PROCESSING S OF METALS AND MINERALS SCANNING ELECTRON MICROSCOPY STUDY AND ENERGY DISPERSIVE X-RAY ANALYSIS OF ABHRAKA (BIOTITE),,,,,
HPTLC ANALYSIS OF VARIOUS MARKET SAMPLES OF A TRADITIONAL DRUG SOURCE - KODIVELI (PLUMBAGO ZEYLANICA LINN).,,,,,
HPTLC METHOD FOR THE DETERMINATION OF PLUMBAGIN FROM PLUMBAGO ZEYLANICA LINN. (ROOT),,,,,
"EXTRACTION, IDENTIFICATION, FORMULATION AND EVALUATION OF PIPERINE IN ALGINATE BEADS","1. B. Bindu Madhavi, 1. A. Ravinder Nath, 2. David Banji, 2. M. Naga Madhu, 1. R. Ramalingam, 2. D. Swetha.",International Journal of Pharmacy and Pharmaceutical Sciences,2009,1,2
EVALUATION OF QUANTITATIVE PARAMETERS OF AYURVEDIC FORMULATION: KANKASAVA,,,,,
PHYSICOCHEMICAL AND PRELIMINARY PHYTOCHEMICAL STUDIES ON THE LANTANA CAMARA (L.) FRUITS,,,,,
FORMULATION AND EVALUATION OF MIMOSA PUDICA GEL,,,,,
ISOLATION OF STIGMASTEROL AND SITOSTEROL FROM PETROLEUM ETHER EXTRACT OF AERIAL PARTS OF AGERATUM CONYZOIDES (ASTERACEAE),,,,,
PHOSPHOLIPID COMPLEX AS A CARRIER OF KAEMPFERIA GALANGA RHIZOME EXTRACT TO IMPROVE ITS ANALGESIC ACTIVITY,,,,,
PHARMACOGNOSTICAL STUDIES ON ACACIA CATECHU WILLD AND IDENTIFICATION OF ANTIOXIDANT PRINCIPLES,,,,,
NUTRITIONAL COMPOSITION AND IDENTIFICATION OF SOME OF THE BIOACTIVE COMPONENTS IN MORINDA CITRIFOLIA JUICE,,,,,
CHEMICAL COMPOSITION OF LEAF AND RHIZOME OIL OF AN ELITE GENOTYPE CURCUMA LONGA L. FROM SOUTH EASTERN GHATS OF ORISSA,,,,,
DETERMINATION OF HEAVY METALS IN VASAKA LEAVES,,,,,
PHARMACOGNOSTIC EVALUATION OF THE AMARANTHUS VIRIDIS L.,"1. Musharaf Khan, 2.Shahana Musharaf, 1.Mohammad Ibrar, 1. Farrukh Hussain.",Research in Pharmaceutical Biotechnology,2011,3,1
PHYTOCHEMICAL EVALUATION OF EUCALYPTUS CITRIODORA,,,,,
PHYTO-PHARMACOLOGY OF BOMBAX CEIBA LINN: A REVIEW,,,,,
PHYTOCHEMICAL AND PHARMACOGNOSTICAL EVALUATION OF ACACIA LEUCOPHLOEA FLOWERS (ROXB) WILLD,,,,,
"BOMBAX CEIBA LINN.: PHARMACOGNOSY, ETHNOBOTANY AND PHYTO-PHARMACOLOGY",,,,,
PHARMACEUTICAL STUDY OF YASHADABHASMA,,,,,
BIOCHEMICAL STUDIES AND TRACE ELEMENTS PROFILES OF CYMBOPOGON JWARANCUSA,,,,,
ANALYTICAL AND PHARMACOLOGICAL INVESTIGATION OF AMYGDALIN IN PRUNUS ARMENIACA L. KERNELS,,,,,
PHARMACOGNOSTICAL EVALUATION OF THE WILD AND CULTIVATED VARIETY OF ERANDA (RICINUS COMMUNIS LINN.) ROOT,,,,,
PHYSICOCHEMICAL CHARACTERIZATION OF AN IRON BASED INDIAN TRADITIONAL MEDICINE: MANDURA BHASMA,,,,,
STANDARD MANUFACTURING PROCEDURE OF LAUHA BHASMA USING TRIPHALA MEDIA AND BY EMPLOYING ELECTRIC MUFFLE FURNACE HEATING,"Virupaksha K.L. Gupta, Patgiri BJ.",Annals of Ayurvedic Medicine,2012,1,3
ISOLATION OF STIGMASTEROL FROM PETROLEUM ETHER EXTRACT OF AERIAL PARTS OF BRYOPHYLLUM PINNATUM (CRASSULACEAE),,,,,
PHARMACOGNOSTICAL AND PHYTOCHEMICAL INVESTIGATION OF BARLERIA PRIONITIS LINN LEAVES.,,,,,
PHYSICO-CHEMICAL STANDARDIZATION OF SITOPALADI CHURNA,,,,,
"ALKALOID PROFILING AND ESTIMATION OF RESERPINE IN RAUWOLFIA SERPENTINA PLANT BY TLC, HP-TLC AND HPLC",,,,,
"A PHARMACOGNOSTICAL STANDARDISATION STUDY ON TOONA CILIATA M. ROEM., BARK",,,,,
COMPARISON OF TOTAL PHENOL AND FLAVONOID CONTENT IN ADHATODA VASICA NEES. : GROWN USING DIFFERENT ORGANIC MANURE,,,,,
QUANTIFICATION OF - SITOSTEROL FROM BARKS OF THREE ACACIA SPECIES BY HPTLC,,,,,
CHEMICAL INVESTIGATION OF PSEUDARTHRIA VISCIDA ROOT BY GC-MS ANALYSIS,,,,,
VALIDATED HPLC - MS/MS METHOD FOR SIMULTANEOUS DETERMINATION OF CURCUMIN AND PIPERINE IN HUMAN PLASMA,,,,,
PHARMACOLOGICAL EVALUATION OF EXTRACTS OF HEDYCHIUM SPICATUM (HAM-EX-SMITH) RHIZOME,"1. Shivani Ghildiyal, 2. Manish K Gautam, 1. Vinod K Joshi, 2. Raj K Goel.",Ancient Science of Life,2012,31,3
COMPARATIVE STUDY ON KASISA BHASMA PREPARED BY TWO DIFFERENT METHODS,,,,,
PHARMACOGNOSTIC AND PRELIMINARY PHYTOCHEMICAL STUDY OF OCIMUM GRATISSIMUM LINN. (FAMILY: LAMIACEAE),,,,,
PHYTOCHEMICAL INVESTIGATION AND HYPHENATED CHROMATOGRAPHIC ANALYSIS OF BIOACTIVE LUPEOL AND STIGMASTEROL IN SESPADULA BY VALIDATED HIGH-PERFORMANCE THIN LAYER CHROMATOGRAPHY METHOD,,,,,
ISOLATION AND CHARACTERIZATION OF HYDROLYSABLE TANNINS FROM LEAF OF TERMINALIA BELERICA ROXB.,,,,,
GC-MS STUDY OF FATTY ACIDS AND ESTERS FROM EMBELIA BASAL,,,,,
PHARMACOGNOSTICAL AND PHYTOCHEMICAL INVESTIGATION OF EMBLICA OFFICINALIS LINN BARK.,,,,,
ANALYSIS OF METAL CONTENT OF SAMPLES OF GLORIOSA SUPERBA L (COLCHICACEAE) COLLECTED FROM TWO DIFFERENT LOCATIONS IN PAKISTAN,,,,,
PHARMACEUTICAL STANDARDIZATION OF SAMAGUNA BALI JARITA RASASINDURA PREPARED BY CONVENTIONAL AND MODIFIED METHOD,,,,,
PHARMACOGNOSTICAL EVALUATION OF FAGONIA ARABICA L. STEM,,,,,
PHARMACOGNOSTIC EVALUATION AND PHYTOCHEMICAL STUDIES ON LEAVES OF VITEX LEUCOXYLON LINN,"1. Thenmozhi S, 2. Subasini U, 2. Sathyamurthy D, 2. Varadharaju S, 2. Soundappan K.J.",Pharmacognosy Journal,2012,4,31
PHARMACOGNOSTIC STUDY OF KAKAMACHI (SOLANUM NIGRUM LINN),,,,,
PHYTOCHEMICAL SCREENING AND CNS ACTIVITY OF LAWSONIA INERMIS L. SEEDS,,,,,
PHARMACOGNOSTIC STUDIES ON LEAFLETS OF SOYMIDA FEBRIFUGA ADR. JUSS. FAMILY : MELIACEAE,,,,,
PHYTOCHEMICAL AND BIOLOGICAL INVESTIGATIONS OF PTEROSPERMUM ACERIFOLIUM WILD BARK.,,,,,
CHEMICAL EXAMINATION OF LEAVES OF CINNAMOMUM MALABATRUM (BURM. F.) BLUME SOLD AS TAMALAPATRA,,,,,
DEVELOPMENT OF PHARMACOGNOSTICAL PARAMETERS AND ESTIMATION OF BETA-SITOSTEROL USING HPTLC IN ROOTS OF GMELINA ARBOREA ROXB,,,,,
AN UPDATE ON CHEMICAL COMPOSITION AND BIOACTIVITIES OF ACORUS SPECIES,,,,,
STUDIES ON MUCILAGE OF BASELLA ALBA LINN.,,,,,
"AN APPRAISAL ON PHARMACOGNOSY, PHYTOCHEMISTRY AND BIOACTIVITY OF THUJA OCCIDENTALIS LINN. (CUPRESSACEAE)",,,,,
"STANDARDIZATION OF SINGLE HERB CAPSULES OF MANJISTHA, KOKAM AND PUNARNAVA WITH ASSESSMENT OF THEIR NUTRITIONAL VALUE","Hardik K. Soni, 2. Bhavik R. Shah, 1. Surendra B. Bhatt, 2. Navin R. Sheth.",Journal of Pharmacy Research,2010,3,8
THE GENUS FRITILLARIA (LILIACEAE): A REVIEW OF ITS PHYTOCHEMICAL AND PHARMACOLOGICAL PERSPECTIVES,,,,,
A PHYTOCHEMICAL REVIEW ON PREMNA SPECIES,,,,,
ESSENTIAL OIL COMPOSITION OF FRUITS AND LEAVES OF ZANTHOXYLUM NITIDUM GROWN IN UPPER ASSAM REGION OF INDIA,,,,,
PHARMACOGNOSTICAL EVALUATION ON ROOTS OF DATURA FASTUOSA LINN,,,,,
CESTOCIDAL ACTIVITY OF ACACIA CAESIA STEM BARK ON RAILLIETINA ECHINOBOTHRIDA,,,,,
PHYTOCHEMICAL STUDIES ON CISSUS QUADRANGULARIS LINN.,,,,,
QUALITY ASSESSMENT OF A TRADITIONAL OIL BASED AYURVEDIC FORMULATION :YASHTIMADHUKA TAILA,,,,,
LIPID CONSTITUENTS FROM CISSUS QUADRANGULARIS LEAVES,,,,,
ISOLATION AND CHARACTERIZATION OF PHYTOCONSTITUENTS FROM CHLOROPHYTUM BORIVILIANUM,,,,,
PHARMACOGNOSTICAL EVALUATION OF THE RHIZOMES OF PICRORHIZA KURROA ROYLE EX BENTH,"1. Surendra Kr. Sharma,1. Naresh Kumar.",Journal of Pharmacy Research,2012,5,2
IN VITRO SUN PROTECTION FACTOR DETERMINATION OF HERBAL OILS USED IN COSMETICS,,,,,
CHEMICAL CONSTITUENTS OF TEPHROSIA PURPUREA,,,,,
DETERMINATION OF POLYPHENOLS AND FREE RADICAL SCAVENGING ACTIVITY OF TEPHROSIA PURPUREA LINN LEAVES (LEGUMINOSAE),,,,,
BITTER APPLE (CITRULLUS COLOCYNTHIS): AN OVERVIEW OF CHEMICAL COMPOSITION AND BIOMEDICAL POTENTIALS,,,,,
A NEW ALKALOID ISOLATED FROM ABIES WEBBIANA LEAF,,,,,
RAPID PREPARATION PROCESS OF ANTIPARKINSONIAN DRUG MUCUNA PRURIENS SILVER NANOPARTICLE BY BIOREDUCTION AND THEIR CHARACTERIZATION,,,,,
PHARMACOGNOSTICAL AND PHYTOCHEMICAL STUDIES OF AN AYURVEDIC DRUG SARACA ASOCA STEM BARK,,,,,
ANTIMICROBIAL SCREENING OF ETHNOBOTANICALLY IMPORTANT STEM BARK OF MEDICINAL PLANTS,,,,,
PRODUCTION OF CAMPTOTHECIN IN CULTURES OF CHONEMORPHA GRANDIFLORA,,,,,
VARIATION IN GYMNEMIC ACID CONTENT AND NON-DESTRUCTIVE HARVESTING OF GYMNEMA SYLVESTRE (GUDMAR),"Ashok Kumar Pandey, Swati Yadav.",Pharmacognosy Research,2010,2,5
EFFECT OF VARYING ENVIRONMENTAL CONDITIONS ON MINERAL STATUS OF STEM BARK OF ANOGEISSUS LATIFOLIA,,,,,
STANDARDIZATION OF SOME HERBAL ANTIDIABETIC DRUGS IN POLYHERBAL FORMULATION,,,,,
PRELIMINARY PHARMACOGNOSTICAL AND PHYTOCHEMICAL INVESTIGATIONS OF TAMARINDUS INDICA LINN. SEEDS,,,,,
PHYTOCHEMICAL CONSTITUENTS AND PHARMACOLOGICAL ACTIVITIES OF IPOMOEA BATATAS L. (LAM) A REVIEW,,,,,
PHARMACOGNOSTICAL AND PHYTOCHEMICAL EVALUATION OF VARA ASANADI KWATHA,,,,,
12- HYDROXY-CIS-9-OCTADECENOIC ACID: A MINOR COMPONENT FATTY ACID IN PLANTAGO OVATA SEED OIL,,,,,
GC-FID AND GC-MS ANALYSIS OF THE ESSENTIAL OIL OF ELSHOLTZIA DENSA BENTH - A RICH SOURCE OF ACYLFURAN NON-TERPENE KETONES,,,,,
ISOLATION AND CHARACTERIZATION OF CYCLOPROPENOID FATTY ACIDS IN ALTHAEA ROSEA SEED OIL,,,,,
PHARMACOGNOSTICAL STUDIES ON WHOLE PLANT OF LYGODIUM FLEXUOSUM LINN,,,,,
"FLAVONOL -3, 7- DI-O- GLYCOSIDES FROM THE FLOWERS OF ACONITUM LAEVE","Pappu Kumar, D.L.Verma.",International Journal of Research in Phytochemistry&Pharmacology,2011,1,3
SCREENING AND QUANTITATIVE ESTIMATION OF PHYTOCHEMICAL CONSTITUENTS IN CITRULLUS COLOCYNTHIS (LINN.) SCHRAD.,,,,,
HPLC METHOD FOR DETERMINATION OF P-COUMARIC ACID FROM THE MEDICINAL HERB LEPTADINIA RETICULATA,,,,,
PHARMACOGNOSTIC STUDIES ON STEM BARK OF BAUHINIA RACEMOSA LAM.,,,,,
PHARMACEUTICAL STANDARDIZATION OF JALA SHUKTI BHASMA AND MUKTA SHUKTI BHASMA,,,,,
PHYTO-CHEMICAL STUDIES IN THE GENUS ALPINIA (ZINGIBERACEAE),,,,,
IDENTIFICATIONS STUDIES OF LAUHA BHASMA BY X-RAY DIFFRACTION AND X-RAY FLUORESCENCE,,,,,
MICROWAVE ASSISTED EXTRACTION OF ALKALOIDS FROM NUX VOMICA SEEDS AND CINCHONA BARK,,,,,
GC-MS ANALYSIS OF BIOLOGICALLY ACTIVE COMPOUNDS OF CHLOROFORM EXTRACT OF LEAVES OF BUTEA MONOSPRRMA,,,,,
VARIATIONS OF ESSENTIAL OIL COMPOSITION OF ACORUS CALAMUS: FROM UTTARAKHAND HIMALAYA,,,,,
A PROTEASE ISOLATED FROM THE LATEX OF PLUMERIA RUBRA LINN (APOCYNACEAE) 1: PURIFICATION AND CHARACTERIZATION,"1. Indranil Chanda, 2. Sanat Kumar Basu, 3. Sadhan Kumar Dutta,1. Smriti Rekha Chanda Das.",Tropical Journal of Pharmaceutical Research,2011,10,6
A COMPARATIVE EVALUATION OF PHYTOCHEMICAL FINGERPRINTS OF ASTERACANTHA LONGIFOLIA NEES. USING HPTLC,,,,,
EFFECT OF GROWTH REGULATORS AND CULTURE CONDITIONS ON DIRECT ROOT INDUCTION OF RAUWOLFIA SERPENTINA L (APOCYNACEAE) BENTH BY LEAF EXPLANTS,,,,,
MICROSCOPIC ANATOMY AND HISTOCHEMISTRY OF THE STEM AND ROOT OF SOME MIMOSA SPECIES (LEGUMINOSAE-MIMOSOIDEAE),,,,,
INVESTIGATION OF COMPOUNDS FROM AZADIRACHTA INDICA (NEEM),,,,,
QUALITY CONTROL TESTS ON ANDROGRAPHIS PANICULATA NEES FAMILY: ACANTHACEAE - AN INDIAN WONDER PLANT GROWN IN NIGERIA.,,,,,
BIOCHEMICAL COMPOSITION OF ROOTS OF WITHANIA SOMNIFERA (L.)DUNAL,,,,,
GALANGOFLAVONOID ISOLATED FROM RHIZOME OF ALPINIA GALANGA (L) SW (ZINGIBERACEAE),,,,,
PHARMACOGNOSTIC INVESTIGATION OF THE LEAVES AND STEMS OF VIBURNUM ERUBESCENS WALL.EX DC,,,,,
FAST DISSOLVING TABLETS OF ALOE VERA GEL,,,,,
PHYTOCHEMICAL CONSTITUENTS AND PHARMACOLOGICAL ACTIVITIES OF CALENDULA OFFICINALIS LINN (ASTERACEAE): A REVIEW,"BP Muley, SS Khadabadi, NB Banarase.",Tropical Journal of Pharmaceutical Research,2009,8,5
RECENT UPDATES ON FREE RADICALS SCAVENGING FLAVONOIDS: AN OVERVIEW,,,,,
ANTIPROLIFERATIVE AND PHYTOCHEMICAL ANALYSES OF LEAF EXTRACTS OF TEN APOCYNACEAE SPECIES,,,,,
DESIGN AND DEVELOPMENT OF A STABLE POLYHERBAL FORMULATION BASED ON THE RESULTS OF COMPATIBILITY STUDIES,,,,,
CHEMICAL CONSTITUENTS AND BIOLOGICAL STUDIES OF ORIGANUM VULGARE LINN.,,,,,
GC-MS ANALYSIS OF PHYTOCOMPONENTS IN THE ETHANOL EXTRACT OF POLYGONUM CHINENSE L.,,,,,
PHENOLIC COMPOUNDS FROM FOENICULUM VULGARE (SUBSP. PIPERITUM) (APIACEAE) HERB AND EVALUATION OF HEPATOPROTECTIVE ANTIOXIDANT ACTIVITY,,,,,
IN VITRO H -K ATPASE INHIBITORY POTENTIAL OF METHANOLIC EXTRACT OF CISSUS QUADRANGULARIS LINN.,,,,,
PHYTOPHARMACOLOGICAL REVIEW OF ARJUNA BARK,,,,,
BOTANICAL PHARMACOGNOSY OF ANDROGRAPHIS PANICULATA (BURM. F.) WALL. EX. NEES,,,,,
PHARMACOGNOSTIC EVALUATION OF THE LEAVES OF CASSIA AURICULATA LINN.,"1. Jyoti Wadekar, 2. Ramchandra Jadhav, 1. Ramesh Sawant.",International Journal of Pharmaceutical Frontier Research,2011,1,3
THE GENUS STEPHANIA (MENISPERMACEAE): CHEMICAL AND PHARMACOLOGICAL PERSPECTIVES,,,,,
FORMULATION AND STANDARDIZATION OF PANCHSAKARA CHURNA- AN AYURVEDIC PREPARATION,,,,,
PHARMACOGNOSTIC STUDIES ON TEPHROSIA JAMNAGARENSIS SANT. - AN ENDEMIC SPECIES OF INDIA,,,,,
ISOLATION AND CHARACTERIZATION OF SECONDARY METABOLITES SAPONINS FROM EXPLANTS OF INDIAN MEDICINAL PLANT CHLOROPHYTUM BORIVILIANUM,,,,,
PHYTOPHARMACOPOEIAL SPECIFICATIONS OF GARCINIA INDICA FRUIT RINDS,,,,,
BIOACTIVE CONSTITUENTS AND MEDICINAL IMPORTANCE OF GENUS ALNUS,,,,,
MICROWAVE ASSISTED EXTRACTION OF PHENOLIC ACIDS FROM VITEX NEGUNDO LEAVES,,,,,
"ETHNOBOTANY, PHYTOCHEMISTRY AND PHARMACOLOGY OF BIOPHYTUM SENSITIVUM DC",,,,,
PHARMACOGNOSTICAL AND PRELIMINARY PHYTOCHEMICAL STUDIES OF JASMINUM TRICHOTOMUM LEAVES,,,,,
ISOLATION AND CHARACTERIZATION OF FICUS INDICA FRUIT MUCILAGE,"1. Hindustan Abdul Ahad, 1. Sreenivasulu R, 1. Kishore Kumar Reddy B, 1. Kavitha K, 1. Sumapadmaja B, 2. Vamsi Krishna Reddy P.",Journal of Pharmacy Research,2011,4,3
PHARMACOPOEIAL STANDARDS AND PHARMACOGNOSTICAL STUDIES OF LEAVES OF CITRUS PARADISI VAR. DUNCAN,,,,,
GC-MS STUDY AND PHYTOCHEMICAL PROFILING OF MIMOSA PUDICA LINN,,,,,
ANTIPROLIFERATIVE EFFECTS OF DATURA INNOXIA EXTRACT IN CERVICAL HELA CELL LINE,,,,,
ESTIMATION OF QUERCETIN IN ACACIA NILOTICA LINN (FLOWERS) USING HPTLC,,,,,
FATTY ACID PROFILE OF SEED OIL OF MORINDA SPECIES GROWING IN DIFFERENT HABITATS,,,,,
"HPTLC ANALYSIS OF VITAMIN C FROM PITHECELLOBIUM DULCE, BENTH (FABACEAE)",,,,,
PHARMACOGNOSTICAL AND PHYTOCHEMICAL INVESTIGATION ON LEAVES OF VITEX TRIFOLIA LINN.,,,,,
STANDARDIZATION OF VASA AVALEHA PREPARED BY SWARASA & KWATHA,,,,,
MUKTASHUKTI IN AYURVEDIC SYSTEM OF MEDICINE W.S.R. TO ITS PHARMACEUTICAL PROCESSING,,,,,
CHEMICAL ANALYSIS OF BOSWELLIA SERRATA (GUM-RESIN),"J.K.Pattanshetty, K.Gopakumar, G. Venkateswarlu.",Journal of Ayurveda,2007,1,3
SAFETY STUDY OF YASHAD BHASMA,,,,,
COMPARATIVE PHARMACEUTICAL STUDY OF ABHRAKA BHASMA WITH MADHUMEHARI KWATH PUTIT ABHRAKA BHASMA,,,,,
"COMPARATIVE TOXICOLOGY OF COMMERCIAL PREPARATIONS OF ""HINGOOL"" AND ""KAJJALI"" USED IN AYURVED",,,,,
"A COMPARATIVE PHARMACOLOGICAL EVALUATION OF SHIRISHARISHTA PREPARED BY BARK, SAPWOOD AND HEARTWOOD OF ALBIZIA LEBBECK BENTH",,,,,
TOXICITY STUDY OF TAMRA BHASMA,,,,,
PHARMACEUTICAL STANDARDIZATION OF 'MAHA SHANKHA VATI',,,,,
PHYSICO - CHEMICAL EVALUATION OF RASAKARPURA,,,,,
STANDARDIZATION OF PRAVALA BHASMA,,,,,
ANTI-INFLAMMATORY ACTIVITY OF PSEUDARTHRIA VISCIDA (L) WIGHT & ARN ROOT EXTRACT IN RATS,,,,,
PHYTOCHEMICAL AND PHARMACOGNOSTICAL ANALYSIS OF HARITAKI (TERMINALIA CHEBULA RETZ.) COLLECTED FROM DIFFERENT BHUMIDESHA (REGIONS) AND ITS EFFECT ON ANULOMANA KARMA,"1.Dr. Mukesh Bhagwanrao Chincholikar, 2.Dr. Mita Kotecha",Journal of Ayurveda,2011,5,3
SHATAVARINS (CONTAINING SHATAVARIN IV) WITH ANTICANCER ACTIVITY FROM THE ROOTS OF ASPARAGUS RACEMOSUS,,,,,
KINETIC MEASUREMENTS OF DISINTEGRATION OF SANJIVANI VATI,,,,,
PHARMACOGNOSTICAL AND PHYTOPHARMACOLOGICAL INVESTIGATION OF PELTOPHORUM PTEROCARPUM (DC) BACKER EX. HEYNE,,,,,
PRELIMINARY PHYTOCHEMICAL ANALYSIS OF THE EXTRACTS OF PSIDIUM LEAVES,,,,,
ANALYSIS OF BIOACTIVE COMPONENTS OF ETHANOLIC EXTRACT OF CORIANDRUM SATIVUM L.,,,,,
PRELIMINARY PHYTO-CHEMICAL STUDY ON THE LEAF OF AN ETHNO-MEDICINAL PLANT LIMNOPHILA RUGOSA ROTH. (MERR.),,,,,
"PRELIMINARY PHARMACOLOGICAL STUDIES ON CHENOPODIUM MURALE, LINN",,,,,
PHARMACEUTICAL STUDY OF SHILAJATU PROCESSED IN DIFFERENT MEDIA,,,,,
GC-MS DETERMINATION OF BIOACTIVE COMPOUNDS OF CURCULIGO ORCHIOIDES GAERTN,,,,,
MICROSCOPIC STUDIES ON LENS ESCULENTA,1. Vikrant Arya.,Journal of Pharmacognosy and Phytochemistry,2012,1,3
ETHNOMEDICINAL AND PHYTOCHEMICAL PROSPECTIVES OF PYRUS COMMUNIS LINN,,,,,
IDENTIFICATION OF CONSTITUENTS OF THE ESSENTIAL OIL ISOLATED FROM LEAVES OF CLERODENDRUM PHLOMIDIS LINNBY GC-MSK,,,,,
"SYNTHESIS, CHARACTERIZATION AND EVALUATION OF PHYSICAL PROPERTIES OF BIODEGRADABLE COMPOSITES FROM CORN STARCH",,,,,
DETERMINATION OF PHYTOCOMPONENTS BY GC - MS IN LEAVES OF JATROPHA GOSSYPIFOLIA L.,,,,,
STANDARDIZATION OF KUKKUTA AND LAGHUPUTA,,,,,
QUANTIFICATION OF FLAVONOIDS OF PSIDIUM GUAJAVA L. PREPARATIONS BY PLANAR CHROMATOGRAPHY (HPTLC),,,,,
A SENSITIVE REVERSED PHASE HPLC METHOD FOR THE DETERMINATION OF CURCUMIN,,,,,
DETERMINATION OF ORGANIC VOLATILE IMPURITIES IN HERBAL FORMULATIONS AND EXTRACTS,,,,,
SIMULTANEOUS DETERMINATION OF PHYLLANTHIN AND HYPOPHYLLANTHIN IN HERBAL FORMULATION BY DERIVATIVE SPECTROPHOTOMETRY AND LIQUID CHROMATOGRAPHY,,,,,
VARIATIONS IN TANNIN AND OXALIC ACID CONTENT IN TERMINALIA ARJUNA (ARJUNA) BARK,"AK Pandey, DC Kori.",Pharmacognosy Magazine,2009,5,18
PHAMACOGNOSTICAL EVALUATION OF PHYLLANTHUS RETICULATUS POIR.,,,,,
FORMULATION AND EVALUATION OF TOPICAL POLYHERBAL ANTIACNE GELS CONTAINING GARCINIA MANGOSTANA AND ALOE VERA,,,,,
GALANGOISOFLAVONOID ISOLATED FROM RHIZOMES OF ALPINIA GALANGA,,,,,
AN APPROACH FOR UTILISING THE RECORDED DATA FOR THE PURPOSE OF STANDARD DRUG MARKETING WITH SPECIAL REFERENCE TO BRIHAT PANCHMULA,,,,,
EFFECT OF LUNAR PHASE-DAYS ON THE GROWTH AND ACTIVE CONSTITUENTS OF MEDICINAL PLANTS-SERIES I : ADHATODA VASICA NEES (ADULSA),,,,,
"ION EXCHANGE PROPERTY OF COMMERCIALLY AVAILABLE SAMPLE OF GUGGUL (OLEO-GUM-RESIN OF COMMIPHORA MUKUL, ENGL.)",,,,,
"STUDIES ON SANDHANA, WITH SPECIAL REFERENCE TO ASAVA KALPANA",,,,,
COMPARATIVE (-) PHARMACOGNOSTICAL STUDIES ON DESMODIUM SPECIES,,,,,
PHYTOCHEMICAL SCREENING OF SOME MEDICINAL PLANTS USED IN AYURVEDIC SYSTEM OF MEDICINE,,,,,
STANDARDIZATION OF SHODHANA PROCESS OF GUGGULU (GUM- RESIN OF BALSAMODENDRON MUKUL HOOK EX. STOCKS),"1. Dr. G. B. Pande, 2. M. V. Dholakia, 3. P. J. Mehta.",Nagarjun,1976,20,1-1
COMPARATIVE STUDIES ON CERTAIN ASAVAS AND ARISHTAS PREPARED ACCORDING TO THE CLASSICAL AND EXPERIMENTAL METHODS,,,,,
STANDARDISATION OF TRIPHALA GHRITA,,,,,
STUDIES ON PLEOSPORA HERBARUM (PERS.) RABH.-AN INCITANT OF LEAF SPOT OF CHUKKA (RUMEX VESICARIUS L.),,,,,
STUDIES ON FERMENTATION AND STANDARDISATION OF ASWAGANDHADYARISHTAM AND ASOKARISHTAM,,,,,
"STUDIES ON DISTINGUISHING-CHARACTERS OF PLANT SPECIES USED AS ""BRAHMI"" AND PRELIMINARY CHEMICAL INVESTIGATIONS OF ONE OF ITS CLAIMANT VIZ. HYDROCOTYLE JAVANICA THUNB",,,,,
PRELIMINARY CHEMICAL AND PHARMACOLOGICAL SCREENING OF AN INDIGENOUS DRUG BRAHMI (B. MONNIERA),,,,,
"CHEMICAL INVESTIGATION OF JADWAR ""DELPHINIUM DENUDATUM WALL""",,,,,
STANDARDIZATION OF IRON IN LOHASAVA,,,,,
PHYTOCHEMICAL AND MICROSCOPIC ANALYSIS OF TUBERS OF IPOMOEA MAURITIANA JACQ. (CONVOLVULACEAE),,,,,
ISOLATION OF ASPERGILLUS FLAVUS FROM STORED FOOD COMMODITIES AND THYMUS VULGARIS (L.) ESSENTIAL OIL USED AS A SAFE PLANT BASED PRESERVATIVE,"1. Atul Kumar Singh, 1. Chandrabhan Seniya, 2. Shriram Prasad.",Pharmacognosy Magazine,2009,5,20
DEVELOPMENT AND VALIDATION OF HPTLC METHOD FOR QUANTITATIVE ESTIMATION OF OLEANOLIC ACID AS MARKER IN TOTAL METHANOLIC EXTRACT OF FRUITS OF RANDIA DUMETORUM LAMK,,,,,
MICROPROPOGATION AND ORGANOGENESIS IN ADHATODA VASIKA FOR THE ESTIMATION OF VASCINE,,,,,
TRITERPENOIDS AND STEROIDS FROM HOLARRHENA PUBESCENS SEEDS,,,,,
ORGANOLEPTIC AND MICROSCOPIC ANALYSIS OF GENTIANA REGELIANA,,,,,
A VALIDATED METHOD FOR ANALYSIS OF SWERCHIRIN IN SWERTIA LONGIFOLIA BOISS. BY HIGH PERFORMANCE LIQUID CHROMATOGRAPHY,,,,,
PROTECTIVE EFFECTS OF BIOACTIVE PHYTOCHEMICALS FROM MENTHA PIPERITA WITH MULTIPLE HEALTH POTENTIALS,,,,,
A VALIDATED HIGH PERFORMANCE LIQUID CHROMATOGRAPHY METHOD FOR THE ANALYSIS OF THYMOL AND CARVACROL IN THYMUS VULGARIS L. VOLATILE OIL,,,,,
ASSESSMENT OF VISCOELASTICITY AND HYDRATION EFFECT OF HERBAL MOISTURIZERS USING BIOENGINEERING TECHNIQUES,,,,,
FRACTIONAL EXTRACTION AND STRUCTURAL CHARACTERIZATION OF OPIUM POPPY AND COTTON STALKS HEMICELLULOSES,,,,,
SIMULTANEOUS DETERMINATION OF SECONDARY METABOLITES FROM VINCA ROSEA PLANT EXTRACTIVES BY REVERSE PHASE HIGH PERFORMANCE LIQUID CHROMATOGRAPHY,"Mohammad Jamshed Ahmad Siddiqui, Zhari Ismail, Noor Hafizoh Saidan.",Pharmacognosy Magazine,2011,7,26
ISOLATION OF BIOLOGICALLY ACTIVE CONSTITUENTS FROM MORINGA PEREGRINA (FORSSK.) FIORI. (FAMILY: MORINGACEAE) GROWING IN EGYPT,,,,,
STANDARDIZATION OF SPRAY-DRIED POWDER OF PIPER BETLE HOT WATER EXTRACT,,,,,
"TOTAL PHENOLIC DISTRIBUTION OF JUICE, PEEL, AND SEED EXTRACTS OF FOUR POMEGRANATE CULTIVARS",,,,,
GENERATION OF AUTOTETRAPLOID PLANT OF GINGER (ZINGIBER OFFICINALE ROSC.) AND ITS QUALITY EVALUATION,,,,,
"SIMULTANEOUS DETERMINATION OF GENIPOSIDE, CHLOROGENIC ACID, CROCIN1, AND RUTIN IN CRUDE AND PROCESSED FRUCTUS GARDENIAE EXTRACTS BY HIGH PERFORMANCE LIQUID CHROMATOGRAPHY",,,,,
COMPARATIVE STUDY OF CHEMICAL VARIANTS IN REGENERANTS AND MOTHER PLANTS OF ASHWAGANDHA (W.SOMNIFERA (L) DUNAL) BY HPTL FINGER PRINTING,,,,,
STANDARDISATION OF CURNA SIMPLE MICROSCOPIC METHOD,,,,,
STANDARDIZATION OF DHANVANTARI TAILA: MEDICATED OIL FOR FEMALE INFERTILITY,,,,,
ULTRASOUND-ASSISTED EXTRACTION OF TOTAL FLAVONOIDS FROM INULA HELENIUM,,,,,
PHARMACOGNOSTICAL AND PRILIMINARY PHYTOCHEMICAL STUDIES ON THE LEAF EXTRACT OF FICUS PUMILA LINN,1. Jasreet Kaur.,Journal of Pharmacognosy and Phytochemistry,2012,1,4
PHARMACEUTICO-ANALYTICAL STUDY OF TRIVIDHA SNEHA PAKA OF KSHEERA BALA TAILA,,,,,
DETERMINATION OF NATURAL COMPOUNDS IN DASHMOOL EXTRACTS BY THIN LAYER CHROMATOGRAPHY AND HIGH-PRESSURE LIQUID CHROMATOGRAPHY,,,,,
STUDY OF POLYGONUM RUMICIFOLIUM ROYAL,,,,,
SPECTROPHOTOMETRIC ESTIMATION OF TOTAL POLYSACCHARIDES IN CASSIA TORA GUM,,,,,
TRITERPENOIDS AND PHYTOSTEROIDS FROM STEM BARK OF CRATAEVA NURVALA BUCH HAM.,,,,,
"EVALUATION OF CERTAIN FLAVONOIDS OF MEDICINAL IMPORTANCE IN THE WILD AND MICROPROPAGATED PLANTS OF THE ENDANGERED MEDICINAL SPECIES, EXACUM BICOLOR ROXB.",,,,,
PHYTOCHEMICAL INVESTIGATION OF VERNONIA CINEREA (FAMILY: ASTERACEAE),,,,,
PHYSICOCHEMICAL AND PHYTOCHEMICAL EVALUATION OF DIFFERENT BLACK TEA BRANDS,,,,,
GC-MS ANALYSIS OF BIOACTIVE COMPONENTS OF FERONIA ELEPHANTUM CORREA (RUTACEAE),,,,,
ISOLATION OF MUCILAGE FROM CYDONIA VULGARIS PERS. SEEDS AND ITS EVALUATION AS SUPERDISINTEGRANT,"Nisarg C Patel, Vaishali N Shah, Ashok N Mahajan, Dushyant A Shah.",Journal of Applied Pharmaceutical Science,2011,1,4
STANDARDISATION OF SUDHARSHANA CHURNA-A POLYHERBAL FORMULATION,,,,,
PHYTOCHEMICAL SCREENING OF LEAVES OF MEMECYLON UMBELLATUM BURM.: A MEDICINAL PLANT OF CENTRAL WESTERN GHATS,,,,,
ELEMENT CONTENT OF SOME ETHNOMEDICINAL ZIZIPHUS LINN. SPECIES USING ATOMIC ABSORPTION SPECTROSCOPY TECHNIQUE,,,,,
PHARMACOGNOSTIC STUDIES OF DALBERGIA LATIFOLIA ROXB,,,,,
BIOLOGICAL EVOLUTION OF A STEAM VOLATILE COMPONENT FROM FRUITS OF EMBELIA BASAL,,,,,
STANDARDISATION OF KASEESA BHASMA : AN AYURVEDIC MEDICINE,,,,,
METHOD VALIDATION OF MARMELOSIN FROM FRUIT PULP OF AEGLE MARMELOS (L.) CORREA USING HPTLC TECHNIQUE,,,,,
"PHARMACOGNOSTIC, PHYSICO-CHEMICAL AND PRELIMINARY PHYTOCHEMICAL STUDIES ON STEM BARK OF CAESALPINIA CORIARIA (JACQ.) WILLD.",,,,,
ANTIOXIDANT PROPERTIES AND TOTAL PHENOLIC CONTENT OF ETHANOLIC EXTRACT OF AERIAL PARTS OF COLEUS SPICATUS.BENTH,,,,,
PHARMACOGNOSTICAL AND PHYTOCHEMICAL INVESTIGATION OF GENIOSPORUM PROSTRATUM (L) BENTH,"1. Gaurav Sharma, 2. Dr. Lalit Nagar, 3. Dr. Ashashri Shinde, 4. Dr. Sudipt Rath, 5. Dr. Naresh Khemani.",International Journal of Ayurvedic and Herbal Medicine,2012,2,4
PHARMACOGNOSTIC AND PHYTOCHEMICAL EVALUATION OF ROOTS OF ECLIPTA PROSTRATA,,,,,
PREPARATION AND EVALUATION OF FERMENTED AYURVEDIC FORMULATION: ARJUNARISHTA,,,,,
QUANTIFICATION OF COLCHICINE IN SEED AND TUBER SAMPLES OF GLORIOSA SUPERBA BY HIGH PERFORMANCE LIQUID CHROMATOGRAPHY METHOD,,,,,
QUANTIFICATION OF COLCHICINE IN SEEDS AND CORMS OF IPHIGENIA STELLATA BLATTER BY HPLC,,,,,
PHARMACOGNOSTIC EVALUATION ON THE LEAVES OF CAPPARIS ZEYLANICA LINN.,,,,,
"GC-MS DETERMINATION OF BIOACTIVE COMPONENTS OF ERYTHROPALUM SCANDENS BL., BIJDR.",,,,,
PHARMACOGNOSTIC STUDIES ON BOSWELLIA OVALIFOLIOLATA,,,,,
PHYTOCHEMICAL INVESTIGATION OF THE EXTRACTS OF EICHHORNIA CRASSIPES AND ITS SOLVENT FRACTIONATES,,,,,
GC-MS ANALYSIS OF POLYGALA ROSMARINIFOLIA WIGHTS & ARN,,,,,
CHEMICAL CONSTITUENTS OF VOLATILE OIL OF MURRAYA KOENIGII FRUITS FROM THE PLAINS OF NORTHERN INDIA,"P.K. Awasthi, S.C. Dixit.",Journal of Pharmacy Research,2011,4,7
ISOLATION AND CHARACTERIZATION OF MUCILAGE OBTAINED FROM ABUTILON INDICUM LEAF AND SEED,,,,,
PHARMACOGNOSTICAL AND ANALYTICAL STUDY OF TULSI-AMLA-YASTI GHRITA,,,,,
PHARMACOGNOSTICAL STUDY ON MACROTYLOMA UNIFLORUM (LAM.) VERDC.,,,,,
DEVELOPMENT OF RANDOM AMPLIFIED POLYMORPHIC DNA MARKERS FOR AUTHENTIFICATION OF CISSUS REPANDA VAHL.,,,,,
PHARMACOGNOSTICAL AND PHYTOCHEMICAL STUDIES OF CURCUMA NEILGHERRENSIS (WIGHT) LEAF - A FOLKLORE MEDICINE,,,,,
ANALYTICAL PROFILE OF BRAHMI GHRITA: A POLYHERBAL AYURVEDIC FORMULATION,,,,,
PHARMACOGNOSTIC AND PRELIMINARY PHYTOCHEMICAL STUDIES ON THE LEAVES OF GLYCOSMIS PENTAPHYLLA CORR,,,,,
PHARMACEUTICAL STANDARDIZATION OF MAMAJJAKA (ENICOSTEMMA LITTORALE AUCT. NON BL) GHANA,,,,,
"STANDARDIZATION OF A POLYHERBAL AYURVEDA FORMULATION, NISAMALAKI CHURNA TABLET",,,,,
PHYTOCHEMICAL SCREENING AND BIOLOGICAL PROPERTY OF ARISTOLOCHIA BRACTEATA,"1. Kalpana Devi.B, 2. Kanimozhi.S, 3. P.Suganyadevi.",Journal of Pharmacy Research,2011,4,5
"OPTIMIZED SEPARATION AND QUANTIFICATION OF PHARMACOLOGICALLY ACTIVE MARKERS QUERCETIN, KAEMPFEROL, B-SITOSTEROL AND LUPEOL FROM CUSCUTA REFLEXA ROXB.",,,,,
PRELIMINARY PHYTOCHEMICAL SCREENING OF DELBERGIA SISSO ROXB.,,,,,
STANDARDIZATION OF BHASMA-IMPORTANCE AND PROSPECTS,,,,,
ISOLATION OF PHYTOCONSTITUENTS FROM THE AERIAL PARTS OF COCCULUS HIRSUTUS LINN.,,,,,
PHARMACOGNOSTICAL POTENTIAL OF CAPPARIS DECIDUA EDGEW.,,,,,
"THE STUDY ON MORPHOLOGICAL, PHYTOCHEMICAL AND PHARMACOLOGICAL ASPECTS OF RHINACANTHUS NASUTUS. (L) KURZ (A REVIEW)",,,,,
STANDARDISATION OF VISWANARA CHURNA AND ITS EFFECT ON AMAVATA (RHEUMATOID ARTHRITIS),,,,,
PHYTOCHEMICAL STUDY OF KATAKA,,,,,
A PERSPECTIVE STUDY OF HARITAKI,,,,,
STANDARDIZATION OF SUNTHYADI CHURNA A HERBAL COMPOUND,"1. T.Maheswar, 2. S.N.Murthy, 3.Sangeetha S. Sangvikar, 1. Kiran V.Kale, 1. M.N.Suryavanshi, 4. M.M.Jumle.",Deerghayu International,2007,TwentyThree-02,90
PHYSICO-CHEMICAL INVESTIGATION OF THE VARIOUS EXFRACTS OF THE ROOTS OF HEMIDESMUS INDICUS R.BR.,,,,,
PHARMACOLOGICAL EVALUATION OF A PLANT,,,,,
STANDERDIZATION OF KRISHNABOL BY PHYSICAL & CHEMICAL METHODS,,,,,
CRITKCAL APPRAISAL OF KSHARAS (PHYTO-CHEMICAL CAUTERISERS ),,,,,
ROLE OF IRON IN LOHASAVA,,,,,
A COMPARATIVE PHARMACEUTICAL STUDY OF SWARNA VANGA PREPARATION BY VARIOUS METHODS,,,,,
STANDARDISATION OF SEVERAL TAILAS USED IN PANCHAKARMA THERAPY,,,,,
STUDY OF LACTYL LACTIC ACID,,,,,
STANDARDISTAION OF SRNGA BHASMA,,,,,
AIHORE YANTRA (MODIFICATION OF VALUKA YANTRA),"1. Miss Yayashree G. Badhe, 1. Mr. I.S.Alagundimath, 2. Prof.Kvj. H.S. Sharma.",AYU,1985,6,6
STANDARDISATION OF MUSAKA TAILA,,,,,
BOTANICAL IDENTITY AND PHARMACOGNOSTICAL STUDIES OF A NEW COMMERCIAL SUBSTITUTE OF PARPAT,,,,,
SAPTAHA PAKVA SADGUNA BALI JARITA RASASINDURON KA VRSYA PRABHAVA,,,,,
A STUDY ON IDENTIFICATION OF MEDICINAL PLANT POWDERS,,,,,
N P S TEST -ITS APPLICATION TO SUDDHA VARGEEYA BHASMAS,,,,,
ANALYTICAL STUDY OF ARKA (PART-I),,,,,
AMLAVETASA (A PHARMACOGNOSTIC AND CLINICAL STUDY),,,,,
QUANTITATIVE DETERMINATION OF L-DOPA IN SEEDS OF MUCUNA PRURIENS GERMPLASM BY HIGH PERFORMANCE THIN LAYER CHROMATOGRAPHY,,,,,
CHARACTERIZATION AND QUALITY CONTROL OF OCIMUM GRATISSIMUM L. LEAF POWDER AND DEVELOPMENT OF A STANDARDIZED ETHANOLIC EXTRACT,"Cristhianne Soares Silva Moraes, Frederico Severino Martins, Maria Teresa Freitas Bara, Jose Realino de Paula, Edemilson Cardoso da Conceicao.",Journal of Pharmacy Research,2011,4,10
ISOLATION AND IDENTIFICATION OF FLAVONOID GLYCOSIDES AND NATURAL PHTHALATE DERIVATIVE FROM THE LEAVES EXTRACT OF MELOTHRIA HETEROPHYLLA (LOUR.) COGN.,,,,,
"DETERMINATION OF TOTAL PHENOLIC ACIDS, CONDENSED TANNINS AND FLAVONOIDS IN THE LEAVES OF CAESALPINIA PULCHERRIMA (LINN.)",,,,,
PHYTOCHEMISTRY AND PHARMACOLOGICAL ACTIVITIES OF BERSAMA ENGLERIANA GUERKE- AN OVERVIEW,,,,,
"PHARMACOGNOSTICAL, PHYTOCHEMICAL AND PHARMACOLOGICAL ASPECTS OF THE LEAF OF FICUSRACEMOSA (LINN.) MORACEAE",,,,,
ISOLATION AND CHARACTERIZATION OF DIBUTYL PHTHALATE FROM IPOMOEA CARNEA STEM AND ITS QANTIFICATION BY HPTLC,,,,,
PHARMACOGNOSTICAL EVALUATION OF LEAF OF LIMNOPHILA RUGOSA ROTH. MERR. (SCROPHULARIACEAE),,,,,
"EXTRACTION, ISOLATION, CHARECTERIZATION OF PHYTOCONSTITUENTS FROM CURCUMA CAESIA ROXB. BY VARIOUS ANALYTICAL METHODS",,,,,
PHARMACOGNOSTIC AND PHARMACOLOGICAL PROFILE OF TRADITIONAL MEDICINAL PLANT: MYRICA NAGI,,,,,
PHARMACOGNOSTICAL STUDIES OF CALLICARPA MACROPHYLLA VAHL. STEM,,,,,
A COMPARATIVE PHYTO-PHARMACOGNOSTICAL EVALUATION OF STEM AND ROOT OF SHYONAKA (OROXYLUM INDICUM LINN.),"1. Doshi Krunal, 2. R Ilanchezhian, 3. Acharya Rabinarayan, 4. BR Patel, 5. CR Harisha, 6. VJ Shukla.",International Research Journal of Pharmacy,2011,2,3
A COMPARATIVE MICRO-MORPHOLOGICAL AND MICRO-MEASUREMENT EVALUATION AMONG THE LEAVES OF THREE VIBURNUM LINN. SPECIES,,,,,
NEW FLAVONOL DIESTERS FROM THE STEM BARK OF FICUS CARICA L.,,,,,
QUALITATIVE PHYTOCHEMICAL ANALYSIS OF BAUHINIA TOMENTOSA LINN FLOWER BY HPTLC,,,,,
PRELIMINARY PHYTOCHEMICAL SCREENING OF SEEDS OF PSORALEA CORYLIFOLIA,,,,,
COMPARATIVE (QUANTITATIVE AND QUALITATIVE) STUDIES OF STOMATA OF SELECTED SIX MEDICINALLY VIABLE SPECIES OF CASSIA L.,,,,,
TWO NEW PHENOLIC GLYCOSIDES FROM THE FLOWERS OF SALIX CAPREA L.,,,,,
"SODHANA OF GANDHAKA (SULPHUR) WITH GODUGDHA (COW'S MILK), GOGRUTHA (COW'S GHEE): A CHEMICAL ANALYSIS",,,,,
"PHYSICO-CHEMICAL INVESTIGATION OF HONEY SAMPLES OF APIS CERANA INCICA F. (TRADITIONAL BEE KEEPING) AND APIS MELLIFERA (MORDEN APICULTURE) FROM CHAMBA DISTRICT, HIMACHAL PRADESH",,,,,
PHYTOCHEMICAL STUDIES ON MYRISTICA FRAGRANCE ESSENTIAL OIL,,,,,
PRELIMINARY PHYTOCHEMICAL INVESTIGATION AND THIN LAYER CHROMATOGRAPHY OF RHEUM EMODI,"1. Showkat Ahmad Wani, 1. K.W.Shah, Mir Ashfaq Ahmad.",International Research Journal of Pharmacy,2012,3,4
BIOSYNTHESIS OF SILVER NANOPARTICLES OBTAINED FROM PLANT EXTRACTS OF MORINGA OLEIFERA,,,,,
PREPARATION OF RASASINDURA BY MODIFIED PORTABLE VALUKAYANTRA VIS-A-VIS TRADITIONAL METHOD,,,,,
BIPHENYL SUBSTITUTED CONSTITUENTS FROM THE RHIZOMES OF CURCUMA AMADA ROXB.,,,,,
PHARMACOGNOSTICAL AND PHYTOCHEMICAL EVALUATION OF LINARIA RAMOSISSIMA (WALL.) JANCH. (SCROPHULARIACEAE) STEM,,,,,
PHARMACOGNOSTICAL AND PHYTOCHEMICAL INVESTIGATION OF IPOMOEA SEPIARIA KOENIG EX. ROXB. LEAF,,,,,
PHYTOCHEMICAL STUDIES ON SMILAX MACROPHYLLA LINN.; A SOURCE PLANT OF CHOPACHEENI,,,,,
ANALYTICAL METHOD DEVELOPMENT AND VALIDATION OF CURCUMIN IN TABLET DOSAGE FORM BY RP-HPLC METHOD,,,,,
MICROSCOPIC STANDARDIZATION STUDIES ON JUSTICIA TRANQUEBARENSIS L,,,,,
CHEMICAL ANALYSIS OF NIRGUNDI TAILA WITH SPECIAL REFERENCE TO PREPARATION IN DIFFERENT NUMBER OF DAYS,,,,,
MICROWAVE ASSISTED EXTRACTION OF MANGIFERIN FROM MANGIFERA INDICA L.,"1. P. Venkatesh, 1. V. Soumya , 1. K. Hariprasath, 2. R. Hari Prasad.",International Research Journal of Pharmacy,2010,1,1
PHYTOCHEMICAL STUDIES OF STEM BARK OF MICHELIA CHAMPACA LINN,,,,,
PRELIMINARY PHYTOCHEMICAL EVALUATION OF WHOLE PLANT EXTRACT OF DIPTERACANTHUS PROSTRATUS NEES,,,,,
"QUALITATIVE PHYTOCHEMICAL ANALYSIS OF ETHANOMEDICINALLY IMPORTANT PLANT CAPPARIS APHYLA ROTH (CAPPARIDACEAE) FROM AKOLA DISTRICT, MAHARASHTRA, INDIA.",,,,,
PHYSICO-CHEMICAL AND INSTRUMENTAL STUDY OF SAMAGUNA RASASINDUR (RED SULPHIDE OF MERCURY),,,,,
MORPHO-ANATOMICAL AND PHYSICOCHEMICAL STUDIES OF DRIED SEEDS OF DATURA FASTUOSA LINN.,,,,,
KANJI: AN AYURVEDIC FERMENTATIVE PREPARATION,,,,,
DEVELOPMENT OF QUALITY STANDARDS OF CAESALPINIA CRISTA LEAVES,,,,,
PHYSICO-CHEMICAL AND PRELIMINARY PHYTOCHEMICAL INVESTIGATION OF THUJA OCCIDENTALIS LINN. (CUPRESSACEAE) DRIED LEAVES,,,,,
A PRELIMINARY PHARMACOGNOSTICAL AND PHYSICOCHEMICAL ASSAY OF SHUNTHI KHANDA GRANULES,,,,,
HEADSPACE SOLID PHASE MICROEXTRACTION (HS SPME) GAS CHROMATOGRAPHY MASS SPECTROMETRIC ANALYSIS OF THE VOLATILE CONSTITUENTS OF CANNABIS SATIVA L. FROM KASHMIR.,"1. Manzoor A. Rather, a.Bilal A. Dar, a.Shahnawaz N. Sofi, b.Tauheeda Hassan, a.Nasir Ali, a.Ashiq H. Lone, 1. Abdul S. Shawl c.Wajahat A. Shah, c.M. A. Qurishi and d.Poonam Prakash.",Journal of Pharmacy Research,2011,4,8
FATTY ACID COMPOSITION AND PHYSICO-CHEMICAL PROPERTIES OF THE OIL EXTRACTED FROM ROOT BARK OF VALLARIS SOLANACE (ROTH) KUNTZE,,,,,
STANDARDIZATION OF POLY HERBAL AYURVEDIC FORMULATION: VYAGHRIHARITAKI AVALEHA (VHA) WITH A CLASSICL VIEW POINT,,,,,
HEADSPACE SOLID-PHASE MICROEXTRACTION (HS-SPME) GAS CHROMATOGRAPHY MASS SPECTROMETRIC (GC-MS) ANALYSIS OF THE VOLATILE AROMA COMPONENTS OF GENTIANA KURROO ROYLE.,,,,,
"A COMPARISON STUDY OF FLUORESCENCE CHARACTERISTICS OF POWDER OF HARITAKI: TERMINALIA CHEBULA (PERICARP), YAVANI: TRACHYSPERMUM AMMI (FRUIT), AJMODA: APIUM LEPTOPYLLUM (FRUIT), SUNTHI: ZINGIBAR OFFICINALE (RHIZOME)",,,,,
PHYTOCHEMICAL SCREENING OF NERIUM OLEANDER LEAVES AND MOMORDICA CHARANTIA LEAVES,,,,,
PRELIMINARY PHYTOCHEMICAL SCREENING AND HPLC ANALYSIS OF FLAVONOID FROM METHANOLIC EXTRACT OF LEAVES OF ANNONA SQUAMOSA,,,,,
PHYTOCHEMICAL SCREENING OF THE ETHANOLIC AND PETETHER EXTRACTS OF GYMNEMA KOLLIMALAYANUM USING HPLC AND GCMS TECHNIQUES,,,,,
MICROSCOPICALLY BASED INVESTIGATION OF ACACIA LEUCOPHLOEA,,,,,
IDENTIFICATION OF PHYTO-COMPONENTS AND ITS BIOLOGICAL ACTIVITIES OF ALOE VERA THROUGH THE GAS CHROMATOGRAPHY-MASS SPECTROMETRY,,,,,
COMPARATIVE STUDIES ON FRUITS OF TWO FICUS SPECIES USING HPTLC AND QUALITY CONTROL METHODS,"1. D. Ramasamy, 1. Rampratap Meena, 2. Shamshad Ahmed Khan.",Journal of Pharmacy Research,2011,4,11
PRELIMINARY PHARMACOGNOSTICAL STANDARDIZATION OF AERIAL PARTS OF ARTEMISIA ABSINTHIUM LINN.,,,,,
ENHANCED PRODUCTION OF GYMNEMIC ACID USING HR BIOELICITOR EXTRACTED FROM XANTHOMONAS SPP.,,,,,
VALIDATION OF HPTLC METHOD FOR QUANTITATIVE ESTIMATION OF L-DOPA FROM MUCUNA PRURIENS,,,,,
STUDIES ON PHYTOCHEMICAL CONSTITUENTS OF INDIGOFERA ASPALATHOIDES (SHIVANAR VEMBU) VAHL EX DC,,,,,
INVITRO ANTIOXIDANT AND PHYTOCHEMICAL EVAULATION OF DESMODIUM TRIANGULARE (RETZ.) MERR.ROOT,,,,,
MICROANATOMICAL AND PHYTOANALYTICAL STUDIES OF LIMNOPHILA INDICA (LINN.) DRUCE,,,,,
GC-MS ANALYSIS OF LORANTHUS LONGIFLORUS DESR.(A HEMI-PARASITE) BARK HARVESTED FROM TWO HOST TREES,,,,,
BIOLOGICAL ACTIVITY OF METHANOLIC AND AQUEOUS EXTRACT OF GLYCOSMIS MAURITIANA AND STREBLUS ASPER,,,,,
QUANTITATIVE DETERMINATION OF ACONITINE IN ACONITUM CHASMANTHUM AND ACONITUM HETEROPHYLLUM FROM KASHMIR HIMALAYAS USING HPLC,,,,,
ALKALOIDS FROM PIPER HOOKERI : REVISION OF NMR ASSIGNMENTS BY THE APPLICATION OF 2D NMR SPECTROSCOPY,"Vijay D. Gangan, Sayed S. Hussain.",Journal of Pharmacy Research,2011,4,11
PHARMACOGNOSTICAL AND PHYTOCHEMICAL STUDIES OF MANGIFERA INDICA SEED KERNEL,,,,,
PHARMACOGNOSTICAL AND ANALYTICAL STUDY OF VYAGHRIHAREETAKI AVALEHA: AN AYURVEDIC POLYHERBAL FORMULATION,,,,,
"QUANTITATIVE ANALYSIS OF SOME SECONDARY METABOLITES OF SHOREA TUMBUGGAIA ROXB. :AN ENDEMIC, ENDANGERED AND GLOBALLY THREATENED MEDICINAL TREE SPECIES",,,,,
ISOLATION AND CHARACTERIZATION OF STIGMASTEROL AND B-SITOSTEROL FROM ACACIA NILOTICA (L.) DELILE SSP INDICA (BENTH.)BRENAN,,,,,
PHARMACOGNOSTIC AND PHYTOCHEMICAL EVALUATION OF ROOTS OF ATLANTIA MONOPHYLLA DC (FAMILY: RUTACEAE ),,,,,
PHYTOCHEMICAL AND PHARMACOLOGICAL EVALUATION OF THE DRIED LEAVES OF ELYTRARIA ACAULIS (L.F.) LINDAU,,,,,
COMPARITIVE STUDY ON ESTIMATION OF POLYPHENOLS IN DIFFERENT EXTRACTS OF MORINGA OLEIFERA LEAVES AND FRUITS WITH RESPECT TO TANNIC ACID.,,,,,
HIGH PERFORMANCE LIQUID CHROMATOGRAPHIC METHOD FOR QUANTIFICATION OF BERBERINE IN TINOSPORA CORDIFOLIA,,,,,
PHYTOCHEMICAL AND PHARMACOLOGICAL POTENTIAL OF ECLIPTA ALBA: A REVIEW,,,,,
PHYTOCHEMISTRY AND PHARMACOLOGICAL ACTIVITIES OF PTEROCARPUS MARSUPIUM A REVIEW,"1. Gairola Seema, 2. Gupta Vikas, 1. Singh Baljinder, 1. Maithani Mukesh, 3. Bansal Parveen.",International Research Journal of Pharmacy,2010,1,1
PHARMACOGNOSTIC AND PHYTOCHEMICAL STUDY OF CHLOROPHYTUM LAXUM R. BR.,,,,,
VARIATION OF THE VOLATILE CONSTITUENTS OF FRUIT PEELS OF CITRUS RETICULATA BLANCO BY PHYSICAL EFFECTS,,,,,
PHARMACOGNOSTICAL EVALUATION OF LEAF OF BLEPHARISPERMUM SUBSESSILE DC. (ASTERACEAE),,,,,
COMPOSITION OF VOLATILE OIL OF CARUM COPTICUM BENTH. AND HOOK FRUITS,,,,,
EVALUATION OF STORAGE DEPENDENT STABILITY OF PICRORHIZA KURROA POWDERED DRUG (KUTKI CHURNA) BY HPLC STUDY,,,,,
ISOLATION AND HPTLC ESTIMATION OF AESCULIN FROM OXYSTELMA ESCULENTUM,,,,,
THE COMPARATIVE PHARMACOGNOSTICAL AND PHYTOCHEMICAL STUDIES BETWEEN THE SEEDS OF ABUTILON INDICUM (LINN.) SW. AND ABUTILON GLAUCUM (LINN.) SW.,,,,,
A NEW LANOSTANYL DIGLUCURONOSIDE FROM THE FLOWERS OF PUNICA GRANATUM L.,,,,,
EVALUATION OF PHYSICOCHEMICAL & PHYTOCHEMICAL PARAMETERS OF AMARANTHUS CAUDATUS LEAVES,,,,,
A DETAILED PHARMACOGNOSTICAL EVALUATION ON LEAF OF OLAX SCANDENS ROXB.,"1. Naik Raghavendra, 2. Borkar Sneha D, 3. Harisha C R, 4. Acharya R N.",Global Journal of Research on Medicinal Plants&Indigenous Medicine,2013,2,4
GC/MS DETERMINATION OF BIOACTIVE COMPONENTS OF PLEUROTUS OSTREATUS,,,,,
PHARMACOGNOSTIC EVALUATION AND PRELIMINARY PHYTOCHEMICAL SCREENING ON THE LEAVES OF XIMENIA AMERICANA LINN,,,,,
"PHYTOCHEMISTRY AND BIOINFORMATICS APPROACH FOR THE EVALUATION OF MEDICINAL PROPERTIES OF THE HERB, EXACUM BICOLOR ROXB.",,,,,
EVALUATION OF GARHWAL HIMALAYA WILD EDIBLE TUBER DIOSCOREA DELTOIDEA,,,,,
KARYOMORPHOLOGY AND CHROMOSOME NUMBER CONFIRMATION IN URARIA PICTA (JACQ.) DC.,,,,,
PHARMACOGNOSY AND PHYTOCHEMICAL STUDY OF TRIKARSHIKA CHURNA: A POPULAR POLYHERBAL ANTIOXIDANT,,,,,
PHARMACOGNOSTICAL AND PRELIMINARY PHYTOCHEMICAL INVESTIGATIONS ON DIFFERENT PARTS OF BULBOPHYLLUM NEILGHERRENSE WIGHT. -AN ORCHID USED IN FOLK MEDICINE.,,,,,
PHYTOCHEMICAL AND PHARMACOGNOSTICAL STUDIES OFMARTYNIA ANNUA PLANT,,,,,
IMPACT OF COOKING ON CHARANTIN ESTIMATED FROM BITTER MELON FRUITS USING HIGH PERFORMANCE THIN LAYER CHROMATOGRAPHY,,,,,
CHEMICAL ANALYSIS OF GOROCANA,"A.Saraswathy, M. Girija Rani, T.Susan, E.Sasikala, M.M.Alam, 1.G.Veluchamy",Journal of Research in Ayurveda and Siddha,1997,18,1-2
EVALUATION OF PHYTOCHEMICAL CONSTITUENT IN CONVENTIONAL AND NON CONVENTIONAL SPECIES OF CURCUMA,,,,,
STUDY OF STANDARD OPERATING PROCEDURE OF NAAG BHASMA IN RELATION TO ITS PHYSICO-CHEMICAL PROPERTIES,,,,,
PHYTOCHEMICAL SCREENING OF GARHWAL HIMALAYA WILD EDIBLE TUBER COLOCASIA ESCULENTA,,,,,
SOLVENT EFFECT ON EXTRACTION OF GALLIC ACID FROM AMALAKI CHURNA (EMBLICA OFFICINALIS GAERTN.) TO REDUCE MATRIX EFFECT USING HPTLC AND UV-SPECTROSCOPY WITH 12 DIFFERENT NATURE SOLVENTS,,,,,
A NEW OXOTIRUCALLOIC ACID FROM THE STEM BARK OF MANGIFERA INDICA VAR. LANGRA,,,,,
"PHYTOCHEMICAL CONSTITUENTS OF PHYLLANTHUS SPECIES (EUPHORBIACEAE) FROM EASTERN GHATS OF ANDHRA PRADESH, INDIA",,,,,
PHYTOCHEMICAL SCREENING OF SECONDARY METABOLITES OF EUPHORBIA NERIIFOLIA LINN.,,,,,
PHARMACOGNOSTICAL STUDY OF NEOLAMRCKAIA CADAMBA (ROXB.) BOSSER BARK,,,,,
PHARMACOGNOSTICAL AND PHYTOCHEMICAL EVALUATION OF BALANITES AEGYPTIACA LINN. DELILE. STEM BARK,,,,,
PHARMACOGNOSTIC AND PHYTOCHEMICAL INVESTIGATION OF THE STEM BARK OF BAUHINIA PURPUREA,"Gupta Daksha, Kondongala Subraya Chandrashekar, Richard Lobo, Gupta Nilesh, Kalarikkal Reshma.",International Research Journal of Pharmacy,2012,3,2
PRELIMINARY PHYTOCHEMICAL SCREENING OF SECONDARY METABOLITES OF ADHATODA VASICA NEES. FLOWERS,,,,,
INORGANIC STATUS OF STEM BARK OF PTEROCARPUS MARSUPIUM,,,,,
"COMPARATIVE, QUALITATIVE AND QUANTITATIVE CHEMOTYPIC CHARACTERIZATION AMONG NORTH INDIAN TRIBULUS TERRESTRIS",,,,,
PRIMARY AND SECONDARY PHYTOCHEMICAL ANALYSIS OF SOME MEDICINALLY POTENT PLANTS,,,,,
DEVELOPMENT OF RANDOM AMPLIFIED POLYMORPHIC DNA MARKERS FOR AUTHENTICATION OF RIVEA HYPOCRATERIFORMIS (DESR.) CHOISY,,,,,
DEVELOPMENT AND VALIDATION OF UV SPECTROSCOPIC METHOD FOR THE QUICK ESTIMATION OF GINGEROL FROM ZINGIBER OFFICINALE RHIZOME EXTRACT,,,,,
"PHYTOCHEMICAL SCREENING, FUNCTIONAL GROUPS AND ELEMENT ANALYSIS OF TYLOPHORA PAUCIFLORA WIGHT AND ARN",,,,,
AN ESTIMATION OF HUMIC SUBSTANCES IN AN AYURVEDIC HERBOMINERAL DRUG SHILAJATU (ASPHALTUM) AS PART OF PHYTO-PHARMACEUTICAL STANDARDIZATION,,,,,
DEVELOPMENT OF QUALITY STANDARDS OF BERBERIS ARISTATA STEM BARK,,,,,
ELEMENTAL ANALYSIS OF AERVA LANATA (L.) BY EDX METHOD,"1. P. Ragavendran, 1. C. Arul Raj, 1. D. Sophia, 2. T.Starlin, 1,2. V.K. Gopalakrishnan.",International Research Journal of Pharmacy,2012,3,7
ANTIOXIDANT ACTIVITY AND GC-MS ANALYSIS OF PHRAGMYTES VALLATORIA LEAF ETHANOLIC EXTRACT,,,,,
GC-MS ANALYSIS OF SOME BIOACTIVE CONSTITUENTS OF THE LEAVES OF DESMODIUM GYRANS DC,,,,,
NUTRITIONAL PROFILE AND PHYTOCHEMICAL SCREENING OF GARHWAL HIMALAYA MEDICINAL PLANT DIOSCOREA BULBIFERA,,,,,
EXTRACTION AND ISOLATION OF GLYCOSIDE MADLONGISIDE-A FROM BARK OF MADHUCA LONGIFOLIA AND ITS PHARMACOLOGICAL SCREENING,,,,,
ADR KSHARSUTRA KIT: A BREAK THROUGH IN THE STANDARDIZATION OF KSHARSUTRA,,,,,
MICROSCOPICAL AND PHYTOCHEMICAL INVESTIGATION OF ROOT COCOS NUCIFERA LINN.,,,,,
PHARMACOGNOSTIC AND ANATOMICALS STUDIES OF ANTIGONON LEPTOPUS HOOK. AND ARN.: A PROMISING MEDICINAL CLIMBER,,,,,
PHYTOCHEMICAL SCREENING OF ACORUS CALAMUS AND LANTANA CAMARA,,,,,
DEVELOPMENT AND METHOD VALIDATION OF AESCULUS HIPPOCASTANUM EXTRACT,,,,,
ANATOMICAL STANDARDIZATION OF CAPPARIS ZEYLANICA L.,"A.P. Bhagat, A.S.Bhuktar.",International Research Journal of Pharmacy,2012,3,7
PREPARATION AND STANDARDIZATION OF MADURISHT: POLYHERBAL FORMULATION,,,,,
IDENTIFICATION OF A NEW ALKALOID IN THE SEED OF DATURA METEL LINN.,,,,,
A REVIEW OF PLANT SPECIES USED TO TREAT CONJUNCTIVITIS,,,,,
GREEN SYNTHESIS OF GOLD NANOPARTICLES USING TOONA CILIATA METHANOL BARK EXTRACT AND THEIR CHARACTERISATION,,,,,
PHYTOCHEMICAL INVESTIGATION OF THE ROOTS OF CALOTROPIS PROCERA (AIT.) R. BR.,,,,,
A PHARMACOGNOSTIC EVALUATION ON MOORVA BHEDA (DREGEA VOLUBILIS (L.F.) BENTH. EX HOOK.F.,,,,,
PRELIMINARY PHYTOCHEMICAL SCREENING OF ROOT BARK OF DELONIX REGIA,,,,,
PHYSICO - CHEMICAL EVALUATION OF NAVAYASA RASAYANALEHA - AN AYURVEDIC FORMULATION,,,,,
STUDY OF DRUG LIKENESS ACTIVITY OF PHYTOCHEMICALS IN MEDICINAL PLANTS,,,,,
DEVELOPMENT OF QUALITY CONTROL PARAMETERS OF AN AYURVEDIC FORMULATION: TALISADI CHURNA,"Sharma Mukesh, Dewangan Manish, Aftab M.D, Magar Richa, Khan Shagufta.",International Research Journal of Pharmacy,2012,3,11
PHARMACOGNOSY OF AN ETHNOMEDICINE: IXORA BRACHIATA ROXB.,,,,,
VALIDATION OF SAMANYA AND VISHESHA SHODHANA PROCEDURES OF TAMRA TO DEVELOP THEIR STANDARD MANUFACTURING PROCEDURE,,,,,
HPTLC METHOD OF QUANTITATION OF BIOACTIVE MARKER CONSTITUENT PINITOL IN EXTRACTS OF PISONIA GRANDIS (R.BR),,,,,
PHARMACEUTICAL STANDARDIZATION OF GUDUCHI GHANA (SOLIDIFIED AQUEOUS EXTRACT OF TINOSPORA CORDIFOLIA MIERS.),,,,,
GC-MS ANALYSIS OF ETHANOLIC EXTRACT OF POLYPODIUM DECUMANUM,,,,,
PHARMACOGNOSTIC PARAMETERS AND PHYTOCHEMICAL SCREENING OF CONVOLVULUS ARVENSIS LINN.,,,,,
ANALYTICAL STUDY OF SHODHAN PROCEDURES OF PARAD AND GANDHAK,,,,,
PHARMACOGNOSTICAL STUDIES ON DOLICHANDRONE FALCATA LEAVES,,,,,
FORMULATION DEVELOPMENT AND STANDARDISATION OF HERBAL GEL CONTAINING METHANOLIC EXTRACT OF BUTEA FRONDOSA,,,,,
COMPOSITION OF THE VOLATILE OIL OF ZINGIBER OFFICINALE ROSCOE RHIZOMES AND EFFECTS OF PHYSICAL FACTORS ON THE OIL,"S. Husain Shahnaz, M. Ali, H. Ansari Shahid.",International Research Journal of Pharmacy,2011,2,9
QUALITATIVE ASSESSMENT OF ETHANOLIC EXTRACT OF MARANTA ARUNDINACEA L. RHIZOME USING HPTLC,,,,,
PHYTO-PHARMACOLOGICAL INVESTIGATIONS OF CLERODENDRUM INFORTUNATUM GARTN,,,,,
PHYSICO CHEMICAL ANALYSIS OF PANCHAVAKTRA RAS: A HERBO-MINERAL FORMULATION,,,,,
PHYSICOCHEMICAL CHARECTARIZATION OF VANGA BHASMA,,,,,
EVALUATION OF PHYSIOCHEMICAL AND PHYTOCHEMICAL PARAMETERS OF AMARANTHUS SPINOSUS LEAVES.,,,,,
"PHYTOCHEMICAL SCREENING, FLAVONOID CONTENT AND ANTIOXIDANT ACTIVITY OF ETHANOLIC EXTRACT OF CEIBA PENTANDRA",,,,,
PHARMACEUTICAL AND ANALYTICAL STUDY OF RASASINDURA CHANDRODAYA RASA,,,,,
QUALITATIVE EVALUATION OF MARKETED AYURVEDIC RED TOOTH POWDER BY NAMBURI PHASED SPOT TEST,,,,,
STUDY OF STANDARD OPERATING PROCEDURE OF NAAG SHODHANA IN RELATION TO ITS PHYSICO-CHEMICAL PROPERTIES,,,,,
PHARMACOGNOSTIC STUDY OF GUAZUMA ULMIFOLIA,"Jayshree U. Patil, S.D. Biradar.",International Research Journal of Pharmacy,2013,4,4
HPLC ANALYSIS OF EXTRACT OF IN VIVO MEDICINALLY IMPORTANT CLIMBER CISSUS QUADRANGULARIS L. (HADJOD),,,,,
PHYSICOCHEMICAL AND PHYTOCHEMICAL INVESTIGATION OF THREE DIFFERENT SPECIES OF CURCUMA RHIZOME,,,,,
PHARMACOGNOSTICAL AND PHYTOCHEMICAL SCREENING OF ASYSTASIA GANGETICA (CHINESE VIOLET),,,,,
ANALYTICAL STUDY OF CURCUMIN CONTENT IN DIFFERENT DOSAGE FORMS CONTAINING TURMERIC EXTRACT POWDER AND TURMERIC OLEORESIN,,,,,
DETERMINATION OF QUERCETIN IN EXTRACT OF ELAEOCARPUS GANITRUS ROXB. SEEDS BY USING HPTLC METHOD,,,,,
FOURIER TRANSFORM INFRA RED (FT-IR) SPECTRAL STUDIES OF FOENICULUM VULGARE,,,,,
"PHYTOCHEMICAL SCREENING FOR ACTIVE COMPOUNDS IN LEAVES, BARK AND SEED EXTRACTS OF AZADIRACHTA INDICA IN OWERRI, IMO STATE. SOUTH-EASTERN NIGERIA",,,,,
PHYTOCHEMICAL STANDARDIZATION OF ECLIPTA ALBA (L) HASSK : AN AYURVEDIC DRUG,,,,,
"HISTOLOGICAL AND PHYTOCHEMICAL STUDIES ON AROMATIC PLANT, HYPTIS SUAVEOLENS (L.)OF FAMILY LAMIACEAEA (MS) INDIA",,,,,
INVESTIGATIONS ON THE AVAILABILITY OF BIOACTIVE COMPOUNDS IN GLYCOSMIS MAURITIANA (LAM.) TANAKA,"1. T. Ebenezer, 1.D. Kadamban, 1.MS. Shekhawat, 2. Justin Packia Jacob.",The Pharma Innovation,2013,2,6
CURCUMIN CONCENTRATION IN FRESH AND DECOCTION OF DRIED CURCUMA LONGA L. (TURMERIC) RHIZOME AS HOMEMADE JAMU,,,,,
A NEW SPECTROSCOPICAL DETERMINATION AND STABILITY INDICATING ASSAY FOR THE ESTIMATION OF CURCUMIN IN API AND AYURVEDIC FORMULATION HARIDRA CAPSULE,,,,,
PHYTOCHEMICAL SCREENING OF SESAMUM INDICUM SEED EXTRACT,,,,,
TOTAL PHENOLIC AND FLAVONOID CONTENT OF DIFFERENT EXTRACTS OF COLDENIA PROCUMBENS LINN,,,,,
PHARMACOGNOSTICAL AND PHYTOCHEMICAL STUDIES ON ACHYRANTHES ASPERA,,,,,
SCOPE OF THIN LAYER CHROMATOGRAPHY IN QUALITATIVE EVALUATION OF AYURVEDA DRUGS,,,,,
COMPARATIVE HPTLC ANALYSIS OF COCOS NUCIFERA LINN PERICARP SUCCESSIVE EXTRACT AND OIL,,,,,
PHYTOCHEMICAL ANALYSIS OF TERMINALIA BELERICA FRUIT PULP EXTRACTS,,,,,
GC/MS ANALYSIS OF THE ESSENTIAL OIL OF NARAGAMIA ALATA W&A,,,,,
COMPARATIVE CHEMICAL CONSTITUENTS AND MORPHOLOGICAL CHARACTERS OF THE ESSENTIAL OIL OF NEPETA NERVOSA ROYLE EX BENTH. AND NEPETA LAEVIGATA (D. DON) HAND.-MAZZ. IN KASHMIR HIMALAYA,"1. Tauheeda Hassan, 2. Shakeel-u-Rehman, 3. Bilal A. Bhat.",Journal of Pharmacy Research,2012,5,5
PHARMACOGNOSTICAL STUDIES AND PHYTO CHEMICAL SCREENING FOR ACTIVE COMPOUNDS IN BARLERIA MONTANA NEES USING VARIOUS SOLVENTS,,,,,
PHYTOCHEMICAL ANALYSIS OF ETHANOLIC EXTRACT OF LEAVES OF CLERODENDRUM VISCOSUM (EELCV),,,,,
EXPERIMENTAL EVALUATION OF IMMUNO MODULATORY EFFECT OF YASHADA BHASMA (INCINERATED ZINC),,,,,
PHYTOCHEMICAL SCREENING AND GC-MS ANALYSIS OF MUKIA MADERASPATANA (L.) LEAVES.,,,,,
HPTLC FINGER PRINT ANALYSIS OF PHYTOCOMPOUNDS AND IN VITRO ANTIOXIDANT ACTIVITY OF EUGENIA SINGAMPATTIANA BEDD.,,,,,
QUANTITATION OF ALPHA AMYRIN IN SCOPARIA DULCIS L. WHOLE PLANT EXTRACT BY HIGH PERFORMANCE LIQUID CHROMATOGRAPHY,,,,,
QUANTITATIVE ESTIMATION OF TOTAL PHENOLIC CONTENT OF PUERARIA TUBEROSE USING DIFFERENT EXTRACT BY U V SPECTROPHOTOMETRY,,,,,
PHARMACOGNOSTIC EVALUATION AND PHYTOCHEMICAL ANALYSIS OF BARK AND LEAVES OF TERMINALIA TRAVANCORENSIS WIGHT & ARN. (COMBRETACEAE),,,,,
SOME BIOLOGICAL ACTIVITIES IN ALANGIUM SALVIFOLIUM LINN: AN ENDANGERED PLANT OF INDIA,,,,,
GC-MS DETERMINATION OF BIOACTIVE COMPONENTS OF CANSCORA PERFOLIATA LAM. (GENTIANACEAE),"1.Thanga Krishna Kumari S, 1. Muthukumarasamy S, 2. Mohan VR.",Journal of Applied Pharmaceutical Science,2012,2,8
GARLIC AND GARLIC-DERIVED COMPOUNDS INHIBIT HUMAN SQUALENE MONOOXYGENASE1,,,,,
ESTIMATION OF BERBERINE IN BERBERIS EXTRACTS BY RP-HPL,,,,,
PHARMACOGNOSTIC AND PRELIMINARY PHYTOCHEMICAL EVALUATION OF ZIZYPHUS JUJUBA LAM. LEAVES,,,,,
MARMELOSIN BASED STANDARDIZATION OF AYURVEDIC FORMULATIONS CONTAINING AEGLE MARMELOS USING RP-HPLC METHOD,,,,,
QUALITY CONTROL OF PSIDIUM GUAJAVA L. CV. PEDRO SATO LEAF POWDER AND OBTAINING ITS STANDARD ETHANOLIC EXTRACT,,,,,
CHEMICAL CONSTITUENTS OF ESSENTIAL OIL OF SALVADORA OLEOIDES,,,,,
CHEMICAL AND BIOLOGICAL EXAMINATION OF LEAVES OF MORUS INDICA,,,,,
SIMULTANEOUS DETERMINATION OF GALLIC ACID AND GLYCYRRHIZIC ACID BY REVERSE PHASE HPLC IN HERBAL FORMULATION,,,,,
CHEMICAL CONSTITUENTS AND BIOLOGICAL STUDIES ON THE LEAVES OF PSIDIUM GUAJAVA LINN,,,,,
PHYTOCHEMICAL AND PHRAMACOGNOSTIC PARAMETERS FOR EVALUATION OF THE RHIZOMES OF CURCUMA AMADA ROXB.,"Maharudra S. Rakh, Rajendra V. Pawar, Amol N. Khedkar, Shrikant M. Darekar, Ramesh V. Shinde, Somashekar S. Shyale.",Journal of Pharmacy Research,2012,5,4
PHYSICOCHEMICAL CHARACTERIZATION AND PHYTOCHEMICAL ANALYSIS OF AERIAL PARTS OF HYPERICUM HOOKERIANUM,,,,,
PRELIMINARY PHYTOCHEMICAL ANALYSIS OF CLERODENDRUM INERME,,,,,
ANALYTICAL STUDY OF YASHADA BHASMA WITH AYURVEDIC AND MODERN PARAMETERS,,,,,
PHARMACOGNOSTICAL EVALUATION OF FRUITS OF HELICTERES ISORA LINN (STERCULIACEAE).,,,,,
"PHARMACOGNOSTIC, PHYSICOCHEMICAL AND PHYTOCHEMICAL INVESTIGATION OF TAGETES ERECTA LINN FLOWERS (ASTERACEAE).",,,,,
PHARMACOGNOSTICAL AND PHYTOCHEMICAL STUDIES ON LEAVES OF STEVIA REBAUDIANA LINN,,,,,
"PHARMACOGNOSTIC, PHYSICO-CHEMICAL, PHYTOCHEMICAL, STANDARDIZATION, TAGETES ERECTA.",,,,,
PHYTOCHEMICAL AND PHARMACOLOGICAL EVALUATION OF DIFFERENT EXTRACTS OF LEAVES OF TRIBULUS TERRESTRIS LINN.,,,,,
PRELIMINARY PHYTOCHEMICAL SCREENING AND STANDARDISATION OF LEAVES OF CATHARANTHUS ROSEUS (L.) G. DON,,,,,
PREPARATION OF PARAD MARIT YASHAD BHASMA AND HARTAL MARIT YASHAD BHASMA WITH THEIR COMPARATIVE ANALYTICAL STUDY,"1. Ingole Rajesh. Kundlikrao, 2. Patange Ravish Shamsunder, 3. Dhanurkar Santosh Ramchandra, 4. Bakare Sunil Chandrakan.",International Journal of Research in Ayurveda and Pharmacy,2013,4,4
COMPONENT COMPOSITION OF ORGANIC ACIDS IN LEAVES OF MALVA SYLVESTRIS,,,,,
PHARMACOGNOSTICAL STUDIES ON ARTEMISIA ANNUA,,,,,
LIPOPHILIC FRACTION OF BRASSICA CAMPESTRIS F. BIENNIS LEAVES,,,,,
EVALUATION OF GARHWAL HIMALAYA WILD EDIBLE FRUIT PYRUS PASHIA PULP,,,,,
COMPARATIVE PHARMACEUTICAL AND ANALYTICAL STUDY ON KRISHNAVAJRABHRAKA SHODHANA WITH GOKSHEERA AND BADARA KWATHA,,,,,
ACCELERATED STABILITY STUDY OF HERBAL CAPSULES,,,,,
A COMPARATIVE PHARMACEUTICAL STUDY ON CA (ION) SUBSTANCES OF VARIOUS AYURVEDIC CALCIUM COMPOUNDS,,,,,
PHYTOCHEMICAL CHARACTERIZATION OF HOLIGARNA ARNOTTIANA HOOK.F,,,,,
IDENTIFICATION OF NOVEL CARDIAC PRINCIPLE IN THE ROOTS OF PREMNA SERRATIFOLIA L.,,,,,
PHARMACOGNOSTICAL STUDY ON THE LEAVES OF PLATYCLADUS ORIENTALIS.,"1.Ranju Sutar, 1. Niranjan Sutar, 1.Uma Shankar Sharma, 1. Mukesh Kumar Pathak,2. Anurag Kumar.",Journal of Pharmacy Research,2012,5,6
"STANDARDIZATION OF JANAMAGHUTTI: A FOLK-LORIC HERBAL FORMULATION OF TRIBALS OF CHITRAKOOT REGION, DISTRICT SATNA, MADHYA PRADESH, INDIA",,,,,
STANDARDIZATION OF JATYADI GHRITA BY HPTLC METHOD,,,,,
QUALITY CONTROL STUDIES OF ARGYREIA SPECIOSA SWEET LEAVES,,,,,
HPTLC FINGERPRINTING AND IN VITRO ANTIOXIDANT STUDIES OF ARGYREIA SPECIOSA SWEET LEAVES AND MESUA FERREA LINN. FLOWERS,,,,,
PRELIMINARY PHYTOCHEMICAL ANALYSIS AND BIOLOGICAL SCREENING OF EXTRACTS OF LEAVES OF MELIA DUBIA CAV,,,,,
PHYTOCHEMICAL EVALUATION OF THREE SPECIES OF SOLANUM L.,,,,,
PHARMACOGNOSTICAL AND PHYTOCHEMICAL INVESTIGATION OF SALVADORA PERSICA LINN STEM,,,,,
COMPOSITION AND BIOACTIVITIES OF LEAF ESSENTIAL OIL OF CASSIA TORA,,,,,
CHEMICAL CONSTITUENTS OF THE AERIAL PARTS OF LANTANA CAMARA,,,,,
STUDY OF AN ELECTROCHEMICAL BEHAVIOUR OF EMODIN AT PLATINUM ELECTRODE AND QUANTIFICATION OF IT IN VARIOUS PARTS OF CASSIA AURICULATA L BY CYCLIC VOLTAMMETRY.,"1. Sucheta A Gaikwad, 2. Dipti S.Dharmadhikari, 2. A A. Athawale N.R. Deshpande, J. P. Salvekar.",Journal of Pharmacy Research,2012,5,6
PRELIMINARY PHARMACOGNOSTICAL AND PHYTOCHEMICAL EVALUATION OF WOOD OF LITSEA CHINENSIS LAM.,,,,,
QUANTITATIVE ESTIMATION OF CURCUMIN IN AYURVEDIC PROPRIETARY MEDICINE BY U.V. SPECTROPHOTOMETRY,,,,,
PHARMACOLOGICAL STUDIES ON CELASTRUS PANICULATA (MALKANGNI),,,,,
CHEMISTRY OF MEDICINAL PLANTS : ECLIPTA ALBA AND WEDELIA CALANDULACEAE,,,,,
PHARMACOLOGICAL STUDIES ON SAPONINS OF COSTUS SPECIOSUS SM.,,,,,
PHARMACOGNOSTICAL STUDIES OF SOME SPECIES OF GENUS CYMBOPOGON GROWN AT LUCKNOW-I,,,,,
CHEMICAL EXAMINATION OF A SUBSTITUTE FOR PUSHKARAMOOLA,,,,,
PHARMACOGNOSTICAL STUDIES ON JUSTICIA GENDARUSSA BURM,,,,,
IDENTIFICATION OF A COMMERCIAL SAMPLE OF VRIKSHADANI AS DENDROPHTHOE FALCATA (LINN. f) ETTINGS,,,,,
PHARMACOGNOSTICAL STUDIES ON EUPHORBIA PROLIFERA BUCH-HAM. (DUGDHIKA),"1. V. K. Lal, 2. V. P. Trivedi, 3. R. S. Dixit, 4. P.Joshi.",The Journal of Research in Indian Medicine,1974,9,2
PHARMACOGNOSTIC STUDY ON 'SIRISH'-III ALBIZZIA PROCERA BENTH.- STEM - BARK,,,,,
PHARMACOGNOSTICAL STUDY OF PALANKYA I. BETA VULGARIS LINN. VAK CLCLA MOQ. LEAF,,,,,
PHARMACOGNOSTIC STUDY ON THE ROOT BARK OF CRATEVA NURVALA HAM (VARUNA),,,,,
PHARMACOGNOSTICAL STUDIES ON VIDHARA PART l-IPOMOEA PETALOIDEA CHOIS,,,,,
"A PRELIMINARY STUDY ON EXTENSIVE CULTIVATION OF GUGGUL AT MANGLIAWAS HERBAL FARM, AJMER, RAJASTHAN",,,,,
PHARMACOGNOSTICAL STUDIES ON CASSIA OCCIDENTALIS LINN. (KASOUDI),,,,,
SOME PHARMACOLOGICAL STUDIES ON CARUM ROXBURGHIANUM BENTH,,,,,
CHEMICAL STUDY OF THE LEAF OF JUSTICIA GENDARUSSA BURM,,,,,
PHARMACOGNOSTIC STUDIES ON CASSIA FISTULA LINN.,,,,,
CONTRIBUTION TO THE BOTANICAL IDENTITY OF COMMERCIAL VIDARI IN MADRAS RAW DRUG TRADE,Usman S. Ali.,The Journal of Research in Indian Medicine,1974,9,4
STUDIES ON SAPONINS OF PUTRANJIVA (PUTRANJIVA ROXBURGHII) WALL.,,,,,
A NOTE ON ZAHAR MOHARA,,,,,
AMINO-ACID CONTENT OF SEEDS OF DIOSPYROS-MONTANA ROXB,,,,,
PHYTOCHEMICAL ANALYSIS OF JAPAKUSUM,,,,,
PHARMACOGNOSY OF THE ROOTS OF MURRAYA PANICULATA (JACK) AND MURRAYA KOENIGII (LINN),,,,,
CHEMICAL EXAMINATION OF PATALA (STEREOSPERMUM TETRA GONUM DC),,,,,
THE FLAVONOIDS OF RUDANTI (CRESSA CRETICA LINN),,,,,
STUDIES ON MALLA SINDUR,,,,,
PHARMACOGNOSTICAL STUDY ON PLAKSHA I-STEM BARK OF FICUS TSIELA ROXB,,,,,
A SCIENTIFIC STUDY ON CURCULIGO ORCHIOIDES GAERTN,"1. B. B. L. Yadava, 2. K. C. Tiwari, 3. V. P. Tiwari.",The Journal of Research in Indian Medicine,1974,9,4
PHARMACOGNOSTICAL STUDY OF THE WHOLE PLANT OF SIDA RHOMBIFOLIA,,,,,
PHARMACEUTICAL STANDARDIZATION OF RAJATA BHASMA (INCINERATED SILVER) BY TWO DIFFERENT METHODS,,,,,
ANTIBACTERIAL ACTIVITY OF MEDICINALLY IMPORTANT TWO SPECIES OF ALLOPHYLUS- ALLOPHYLUS COBBE (L.) RAEUSCH. AND ALLOPHYLUS SERRATUS (ROXB.) KURZ.,,,,,
PHYTOCHEMICAL CONSTITUENTS OF SOME MEDICINAL PLANT SPECIES USED IN RECIPE DURING 'BOHAG BIHU' IN ASSAM,,,,,
PHARMACOGNOSTIC & PRELIMINARY PHYTOCHEMICAL INVESTIGATIONS OF NEPTUNIA PROSTRATA L.,,,,,
PRELIMINARY PHYTOCHEMICAL SCREENING AND PROXIMATE ANALYSIS OF THE TRUNK BARK OF ALSTONIA SCHOLARIS (L.) R.BR.,,,,,
PHARMACEUTICAL DEVELOPMENT OF GRANULES OF VASA AVALEHA,,,,,
QUALITY CONTROL PARAMETERS FOR TAMRA (COPPER) BHASMA,,,,,
DEVELOPMENT OF LOW COST NUTRITIVE BISCUITS WITH AYURVEDIC FORMULATION,,,,,
EVALUATION OF PHYTOCHEMICAL CONSTITUENTS FROM THE LEAVES OF MEMECYLON UMBELLATUM BURM.F,"1. Subban Murugesan, 1. Ramasamy Vijayakumar, 2. Annamalai Panneerselvam.","Research Journal of Pharmaceutical, Biological and Chemical Sciences",2011,2,4
"EXTRACTION, PROXIMATE ANALYSIS AND ELEMENTAL COMPOSITION OF GUNA (CITRILLUS VULGARIS)",,,,,
SHELF LIFE EXTENSION OF MOSAMBI (CITRUS SINESIS) BY GAMMA IRRADIATION,,,,,
IDENTITY AND PHARMACOGNOSY OF RUTA GRAVEOLENS LINN,,,,,
"TO STUDY PHARMACOGNOSTIC, PHYSICOCHEMICAL AND PHYTOCHEMICAL STUDY OF STEM BARK OF BAUHINIA PURPUREA LINN",,,,,
PHARMACOGNOSTICAL STUDIES ON FLOWER OF TRIBULUS TERRESTRIS L.,,,,,
PHYTOCHEMICAL INVESTIGATION AND PHARMACOGNOSTIC STANDARDIZATION OF CISSAMPELOS PAREIRA ROOT,,,,,
CHEMICAL CONSTITUENTS OF INDIGOFERA ASPALATHOIDES VAHL. EX. DC.,,,,,
DETECTION OF HEAVY METAL CONTENTS AND PROXIMATE ANALYSIS OF ROOTS OF ANOGEISSUS LATIFOLIA,,,,,
MICROSCOPIC CHARACTERIZATION OF SCOPARIA DULCIS LINN. (SCROPHULARIACEAE),,,,,
PRELIMINARY PHYTOCHEMICAL SCREENING AND GC- MS PROFILING OF ETHANOLIC FLOWER EXTRACT OF CALOTROPIS GIGANTEA LINN. (APOCYANACEAE),"R Dhivya, K Manimegalai.",Journal of Pharmacognosy and Phytochemistry,2013,2,3
PHYTOCHEMICAL STUDY OF AN ETHNO MEDICINAL PLANT LIMNOPHILA RUGOSA ROTH. (MERR) (SCROPHULARIACEAE) WHOLE PLANT,,,,,
BOTANICAL PHARMACOGNOSY OF STEM OF GMELINA ASIATICA LINN,,,,,
PHARMACOGNOSTICAL EVALUATION OF SURANA KANDA (CORM OF AMORPHOPHALLUS CAMPANULATUS LINN.),,,,,
PHARMACOGNOSTICAL EVALUATION OF LEAF OF BADA RASNA NELSONIA CANESCENS LAM. SPRENG.; ACANTHACEA,,,,,
PHARMACOGNOSTIC AND PHYTOCHEMICAL STUDIES ON FICUS MICROCARPA L. FIL,,,,,
PRELIMINARY PHYTOCHEMICAL EVALUATION OF SEED EXTRACTS OF CUCURBITA MAXIMA DUCHENSE,,,,,
ESTIMATION OF TOTAL ALKALOID IN CHITRAKADIVATI BY UV- SPECTROPHOTOMETER,,,,,
PHARMACOGNOSTIC AND PHYTOCHEMICAL EVALUATION OF TRIDAX PROCUMBENS LINN.,,,,,
ADVANTAGES OF USING BASIC LABORATORY METHODS FOR DRUG STANDARDIZATION IN AYURVEDIC PHARMACY :TULSI (OCIMUM SANCTUM) - A CASE IN EXAMPLE,,,,,
A COMPARATIVE PHARMACOGNOSTICAL PROFILE OF DESMODIUM GANGETICUM DC. AND DESMODIUM LAXIFLORUM DC.,"1. Bhavesh D Vaghela, 2. Bhupesh R Patel, 3. Preeti N Pandya.",AYU,2013,33,4
MACRO-MICROSCOPIC EXAMINATION OF LEAVES OF CINNAMOMUM MALABATRUM (BURM. F.) BLUME SOLD AS TAMALAPATRA,,,,,
PHYSICO - CHEMICAL ANALYSIS OF MAYURAPUCCHA BHASMA PREPARED BY TWO METHODS,,,,,
PHYTO-CHEMICAL EVALUATION OF DRIED AQUEOUS EXTRACT OF JIVANTI LEPTADENIA RETICULATA RETZ. WT. ET ARN,,,,,
PHARMACOGNOSTICAL EVALUATION OF LAUNAEA SARMENTOSA (WILLD.) SCHULTZ-BIP.EX KUNTZE ROOT,,,,,
PHYTOCHEMICAL EVALUATION OF THE WILD AND CULTIVATED VARIETIES OF ERANDA MULA (ROOTS OF RICINUS COMMUNIS LINN.),,,,,
PRELIMINARY PHYTOCHEMICAL SCREENING AND HPTLC STUDIES OF EXTRACTS OF DRIED RHIZOMES OF ASPIDIUM CICUTARIUM,,,,,
PRELIMINARY PHYTOCHEMICAL SCREENING AND HPTLC FINGERPRINTING OF BARK EXTRACTS OF SYMPLOCOS RACEMOSA,,,,,
CHARACTERIZATION OF TARAKESHWARA RASA: AN AYURVEDIC HERBOMINERAL FORMULATION,,,,,
STANDARD MANUFACTURING PROCEDURE OF TAMRA BHASMA,,,,,
A COMPARATIVE PHARMACOGNOSTICAL AND PRELIMINARY PHYSICO-CHEMICAL ANALYSIS OF STEM AND LEAF OF BACOPA MONNIERI (L.) PENNEL AND BACOPA FLORIBUNDA (R.BR.) WETTST,"1. Jyoti S Gubbannavar, 2. HM Chandola, 3. CR Harisha, 4. Komal Khanpara, 5. VJ Shukla.",AYU,2013,34,1
ANALYTICAL STUDY OF RAW SWARNA MAKSHIKA (CHALCOPYRITE) AND ITS BHASMA THROUGH TEM AND EDAX,,,,,
"PHARMACOGNOSTIC AND PHYSICOCHEMICAL EVALUATION OF STEM BARK OF ACACIA PENNATA (L.) WILLD., A FOLK PLANT OF THE DIMASA TRIBE OF ASSAM.",,,,,
PHARMACEUTICAL STUDY OF TRIGUNA AND SHADGUNA BALIJARITA MAKARADHWAJA,,,,,
STANDARDIZATION OF SHADBINDU TAILA: AN AYURVEDIC OIL BASED MEDICINE,,,,,
"PRELIMINARY PHYTOCHEMICAL ANALYSIS OF ARTEMESIA AMYGDALINA, NERIUM ODORUM AND STRYCHNOS POTATORUM",,,,,
DEVELOPMENT AND VALIDATION OF A HPTLC METHOD FOR SIMULTANEOUS DENSITOMETRIC ANALYSIS OF GYMNEMAGENIN AND 18-GLYCYRRHETINIC ACID IN HERBAL DRUG FORMULATION,,,,,
COMPARATIVE HPTLC FINGERPRINT PROFILE OF ILLICIUM VERUM HOOK.F. AND ILLICIUM GRIFFITHII HOOK.F. & THOMS FRUITS,,,,,
HISTOLOGICAL AND HISTOCHEMICAL INVESTIGATIONS OF MYRISTICA FRAGRANS HOUTT. (MYRISTICACEAE),,,,,
IDENTIFICATION OF THE BOTANICAL SOURCES AND TLC/HPTLC PATTERN OF AJAMODA IN TRADE,,,,,
PHARMACOGNOSTIC STUDIES ON INDIAN MADDER (RUBIA CORDIFOLIA L.),"1. M. Devi Priya, 1. E.A. Siril.",Journal of Pharmacognosy and Phytochemistry,2013,1,5
PHARMACOGNOSTICAL AND PRELIMINARY PHYTOCHEMICAL EVALUATION OF ALYSICARPUS LONGIFOLIUS W. AND A. PRODR,,,,,
PHARMACOGNOSTICAL AND PHYSICOCHEMICAL STANDARDIZATION OF LEAVES OF SPATHODEA CAMPANULATA P. BEAUV,,,,,
COMPARATIVE POWDER MICROSCOPY OF ALPINIA CALCARATA ROSCOE AND ALPINIA GALANGA (LINN.) WILLD,,,,,
A COMPARATIVE ANALYTICAL STUDY OF PRASARANI MERREMIA TRIDENTATA HALLIER. F. AND PAEDERIA FOETIDA LINN.,,,,,
HPLC ANALYSIS OF METHANOLIC EXTRACT OF HERBS FOR QUERCETIN CONTENT,,,,,
SCREENING OF TOTAL PHENOLIC AND FLAVONOID CONTENT IN CONVENTIONAL AND NON-CONVENTIONAL SPECIES OF CURCUMA,,,,,
SYNTHESIS OF PLANT MEDIATED SILVER NANOPARTICLES USING SOLANUM XANTHOCARPUM FRUIT EXTRACT AND EVALUATION OF THEIR ANTI MICROBIAL ACTIVITIES,,,,,
PHARMACOGNOSTIC AND BIOMARKER BASED THIN LAYER CHROMATOGRAPHIC PROFILE OF LEAVES OF NYCTANTHES ARBOR TRIS-TIS L.,,,,,
PHARMACOGNOSTIC STANDARDIZATION OF MEDICAGO SATIVA LINN.,,,,,
"PHARMACOGNOSTIC STUDIES ON THE LEAVES OF PROSOPIS CINERARIA (L) DRUCE. GROWING IN SOUTH HARYANA, INDIA","1. Sumitra Singh, 2. Vijay Naresh, 1. Surendra Kr Sharma.",Journal of Pharmacognosy and Phytochemistry,2013,2,1
PHARMACOGNOSTIC STANDARDISATION AND PHYSICO-CHEMICAL EVALUATIONS OF STEMS OF HEMIPARARSITE DENDROPHTHOE FALCATA LINN.,,,,,
PHARMACOGNOSTIC AND PHYTOCHEMICAL INVESTIGATIONS OF ROOTS OF HIBISCUS MICRANTHUS LINN,,,,,
PHARMACOGNOSTICAL INVESTIGATIONS ON ACACIA LEUCOPHLOEA LEAF,,,,,
STUDIES ON THE PHARMACOGNOSTIC PROFILE OF THE STEM AND ROOT BARK OF FERONIA ELEPHANTUM LINN (FAMILY-RUTACEAE),,,,,
PHARMACOGNOSTIC STUDIES ON PLECTRANTHUS AMBOINICUS LOUR,,,,,
PHYTOCHEMICAL AND PHARMACOLOGICAL STUDIES ON ACHILLEA MILLEFOLIUM (L) LEAVES,,,,,
PHYTOCHEMICALS INVESTIGATION OF FICUS GLOMERATA LINN LEAVES,,,,,
PHARMACOGNISTICAL STUDIES ON SEEDS OF NYMPHAEA CAERULEA SAV,,,,,
STUDIES ON WATTAKAKA VOLUBILIS (L. F.) STAP. A MEDICINALLY IMPORTANT PLANT,,,,,
PHARMACOGNOSTICAL STUDIES ON THE LEAVES OF PISONIA GRANDIS R. BR,"S. Jayakumari, Malarkodi Velraj, A Vijayalakshmi, P Arthanarieswaran.","Research Journal of Pharmaceutical, Biological and Chemical Sciences",2011,2,2
STANDARDIZATION OF COSCINIUM FENESTRATUM WITH REFERENCE TO BERBERINE BY HIGH PERFORMANCE THIN LAYER CHROMATOGRAPHY,,,,,
PHARMACOGNOSTICAL STANDARDIZATION AND HPTLC FINGERPRINT OF CARDIOSPERMUM HALICACABUM L. STEM,,,,,
STATUS OF PIPERINE CONTENT IN AYURVEDIC FORMULATION: METHOD STANDARDIZATION BY HPTLC,,,,,
ESTIMATION OF CAPSAICIN IN SEVEN CULTIVATED VARIETIES OF CAPSICUM ANNUUM L.,,,,,
COMPARATIVE PHYTOCHEMICAL AND NUTRITIONAL STUDIES OF LEAVES AND STEM OF THREE LAMIACEAE MEMBERS,,,,,
COMPARISON OF TOTAL FLAVANOID CONTENT OF AZADIRACHTA INDICA ROOT BARK EXTRACTS PREPARED BY DIFFERENT METHODS OF EXTRACTION,,,,,
PHARMACOGNISTICAL AND PHYTOCHEMICAL EVALUATION OF ROOTS OF ICHNOCARPUS FRUTESCENS R.BR. (FAMILY: APOCYNACEAE),,,,,
PHYTOCHEMICAL SCREENING OF ALPINIA PURPURATA (VIEILL),,,,,
PHYTOCHEMICAL SCREENING OF DIFFERENT PARTS OF PLANT ENICOSTEMMA AXILLARE (FAMILY - GENTIANACEAE),,,,,
FORMULATION AND EVALUATION OF HERBAL SYRUP CONTAINING COCOS NUCIFERA LINN. ROOT,"M Komala sivakumar, M Mohammed Moideen, Ruby Varghese, Azmathullakhan Shatha, CK Dhanapal.","Research Journal of Pharmaceutical, Biological and Chemical Sciences",2011,2,4
IDENTIFICATION OF ACTIVE COMPOUNDS FROM CAESALPINIA SAPPAN L. EXTRACTS SUPPRESSING IL-6 PRODUCTION IN RAW 264.7 CELLS BY PLS,,,,,
TWO NEW COMPOUNDS AND OTHER CONSTITUENTS FROM CASSIA FISTULA ROOT BARK,,,,,
ISOLATION OF ACTIVE COMPONENTS DERIVED FROM RHIZOME OF EUPHORBIA WALLICHII HOOK,,,,,
PHYTOSTEROIDS FROM TISSUE CULTURE OF ALLIUM CEPA L. AND TRACHYSPERMUM AMMI S PRAGUE.,,,,,
COMPARATIVE STUDY OF MICROWAVE ASSISTED WITH CONVENTIONAL EXTRACTION OF CALCIUM SENNOSIDES FROM SENNA LEAF,,,,,
HOW TO DISTINGUISH GARLIC FROM THE OTHER ALLIUM VEGETABLES,,,,,
"DERIVATIVES OF COUMARINS, CINNAMIC ACID AND TYRAMINE FROM LEAVES OF LIMONIA CRENULATA",,,,,
SIMULTANEOUS ESTIMATION OF BETA SITOSTEROL AND PALMITIC ACID FROM METHANOLIC EXTRACT OF CARALLUMA ADSCEDENS VAR FIMBRIATA BY UV SPETROPHOTOMETRY.,,,,,
VOLATILE CONSTITUENTS OF PINUS ROXBURGHII FROM NEPAL,,,,,
DEVELOPMENT OF A CHEWABLE TABLET FROM DUGDHAMALAKYADI YOGA: AN AYURVEDIC PREPARATION,"Santhosh S. B., Arun B. Ambi, R. R. Hiremath, V. S. Mannur.",Ancient Science of Life,2012,32,1
A NEW PHYTOCHEMICAL CONSTITUENT FROM THE CASSIA TORA,,,,,
QUALITATIVE AND QUANTITATIVE PROFILE OF ALOIN ISOLATED FROM ALOE VERA,,,,,
DEVELOPMENT AND EVALUATION OF HERBAL SYRUP FROM NEOLAMARCKIA CADAMBA (ROXB.) BOSSER LEAVES,,,,,
BIOACTIVE COMPOUND ISOLATED FROM PANDANUS ODORATISSIMUS LINN,,,,,
COMPARATIVE AROMA PROFILE OF MENTHA ARVENSIS L.CORN MINT. FROM UTTARAKHAND HIMALAYA,,,,,
PRELIMINARY SCREENING OF DIFFERENT PHYTOCHEMICALS FROM ENSETE SUPERBUM (ROXB.) CHEESMAN: A HIGHLY MEDICINAL PLANT OF INDIAN ORIGIN,,,,,
PHYTOCHEMICAL SCREENING AND ISOLATION OF EUGENOL FROM SYZYGIUM AROMATICUM BY GAS CHROMATOGRAPHY,,,,,
PHYTOCONSTITUENTS FROM THE STEM BARK OF MANGIFERA INDICA VARIETY SAFEDA,,,,,
IN SILICO SCREENING OF CHEMICAL COMPOUNDS FROM SWEET FLAG ARACUS CALAMUS L AS-GLUCOSIDASE INHIBITOR,,,,,
"ISOLATION AND CHARACTERISATION OF 1, 2 BENZENEDICARBOXYLIC ACID, BIS (2 ETHYLHEXYL) ESTER - DIOCTYL PHTHALATE, A BIOACTIVE COMPOUND FROM EHRETIA LAEVIS","1. Rasika C. Torane, 1. Gayatri S. Kamble, 1. Swati M. Devare, 2. Usha D.Phalgune, 1. Nirmala R. Deshpande.",Journal of Pharmacy Research,2012,5,6
IDENTIFICATION AND QUANTIFICATION OF FLAVONOIDS FROM LEUCAS MARTICINENSIS,,,,,
A VALIDATED HPTLC METHOD FOR DETERMINATION OF COLCHICINE IN GLORIOSA SUPERB COLLECTED FROM DIFFERENT REGIONS OF INDIA.,,,,,
PHARMACOGNOSTICAL CHARACTERIZATION OF OCIMUM SPP.,,,,,
ISOLATION AND CHARACTERIZATION OF PENTACYCLIC TRITERPENE FROM WHOLE PLANT OF MARRUBIUM VULGAR L.,,,,,
ISOLATION OF A NOVEL STABLE PEPTIDE FROM CULTIVATED RAPHANUS SATIVUS WITH PEROXIDASE ACTIVITY,,,,,
A NEW FLAVONOL GLYCOSIDE FROM THE AERIAL PART OF ALHAGI PSEUDALHAGI,,,,,
A MONOTERPENE AND TWO SESQUITERPENOIDS FROM THE FLOWERS OF ACHILLEA MILLEFOLIUM,,,,,
"QUANTIFICATION OF PHARMACOLOGICALLY ACTIVE MARKERS GALLIC ACID, QUERCETIN AND LUPEOL FROM ACACIA LEUCOPHLOEA WILLD FLOWERS BY HPTLC METHOD",,,,,
NEW OLEANENE TRITERPENOIDS FROM THE STEM BARK OF TERMINALIA ARJUNA,,,,,
IN VITRO EVALUATION OF ANTIBACTERIAL ACTIVITY OF PHYTOCHEMICAL EXTRACTS FROM AERIAL PARTS OF BACOPA MONNIERI (L.) WETTEST (SCORPHULARIACEAE),"T. Kalaivani, M. Sasirekha, D. Arunraj, V. Palanichamy, C. Rajasekaran.",Journal of Pharmacy Research,2012,5,3
MINERAL INVESTIGATION FROM GENUS ALPINIA AND ZINGIBER FROM SOUTH WESTERN MAHARASHTRA.,,,,,
CARBOHYDRATES FROM SEEDS OF RAPHANUS SATIVUS AND BRASSICA NAPUS,,,,,
alfa - ELEOSTEARIC ACID FROM GYNOSTEMMA PENTAPHYLLUM SEED OILS,,,,,
TRITERPENE AND STEROIDAL GLYCOSIDES OF THE GENUS MELILOTUS AND THEIR GENINS. VI. MELILOTOSIDE A2 AND ADZUKISAPONIN V FROM THE ROOTS OF M. TAURICUS,,,,,
CHEMICAL CONSTITUENTS FROM BLUMEA BALSAMIFERA,,,,,
ISOLATION OF PHENOLIC COMPOUNDS FROM THE METHANOLIC EXTRACT OF TECTONA GRANDIS,,,,,
ISOLATION OF 28-PENTYL-3-GALLOYL-BETULINATE AND11-HYDROXY FRIEDELANE FROM THE PLANT ARGYREIA SPECIOSA.,,,,,
A HPTLC METHOD FOR QUANTITATIVE ESTIMATION OF L-DOPA FROM MUCUNA PRURIENS IN POLYHERBAL APHRODISIAC FORMULATION,,,,,
ISOLATION OF A CUCURBITACIN FROM PICRORHIZA KURROA BY COLUMN CHROMATOGRAPHY AND ITS CHARACTERIZATION,,,,,
COMPARITIVE PHARMACOGNOSTICAL AND PHYTOCHEMICAL EVALUATION OF BRIHAT AND LAGHU GOKSHUR,"1. Renuka, Khanpara Komal, 1. Shukla V.J, 2. Prajapati P.K, 3. Harisha C.R, 3.Preeti Pandiya.",Journal of Applied Pharmaceutical Science,2012,2,8
PHARMACOGNOSTIC AND PHYTOCHEMICAL STUDIES ON GYMNEMA SYLVESTRE R. BR. HAIRY VARIAN,,,,,
COMPARATIVE STUDIES ON PHYSICOCHEMICAL PROPERTIES AND GC-MS ANALYSIS OF ESSENTIAL OIL OF THE TWO VARIETIES OF THE BLACK PEPPER (PIPER NIGRUM LINN.),,,,,
"ANATOMICAL AND HISTOLOGICAL STUDY OF STEM, ROOT AND LEAF OF THE MEDICINAL PLANT AMARANTHUS SPINOSUS LINN.",,,,,
INNOVATION OF KSHARAPLOTA (MEDICATED GAUZE) IN THE MANAGEMENT OF VRANA (ULCER),,,,,
"SIMULTANEOUS ESTIMATION OF PIPERINE, QUERCETIN, AND CURCUMIN IN A MIXTURE USING U.V-VISIBLE SPECTROPHOTOMETER AND METHOD VALIDATION.",,,,,
PHARMACOGNOSTIC STANDARDIZATION AND QUANTITATIVE ESTIMATION OF SOME ISOLATED PHYTOCONSTITUENTS FROM CROTON OBLONGIFOLIUS ROXB.,,,,,
PHARMACOGNOSTICAL INVESTIGATIONS ON DIFFERENT PARTS OF CLERODENDRUM INERME,,,,,
EVALUATION OF PHYTOCHEMICAL CONSTITUENTS OF INDIAN MEDICINAL PLANT HYDNOCARPUS ALPINA WIGHT.,,,,,
ULTRASOUNDASSISTED EXTRACTION AND FAST CHROMOLITHIC METHOD DEVELOPMENTVALIDATION AND SYSTEM SUITABILITY ANALYSIS FOR 6 8 10GINGEROLS AND SHOGAOL IN RHIZOME OF ZINGIBER OFFICINALE BY LIQUID CHROMATOGRAPHYDIODE ARRAY DETECTION,,,,,
BIOACTIVE COMPOUNDS INVESTIGATED FROM CARDIOSPERMUM CANESCENS WALL. (SAPINDACEAE) BY LIQUID CHROMATOGRAPHY AND MASS SPECTROSCOPY,"1. M. R. Udhayasankar, 1. U. Danya, 2. D. Punitha, 1. K. Arumugasamy.",International Journal of Pharma Research&Review,2012,1,7
STABILITY STUDIES OF MOISTURIZING CREAMS CONTAINING RICE BRAN WAX,,,,,
PHYTOCHEMICAL SCREENING AND DETERMINATION OF TOTAL PHENOLIC CONTENT OF CITRULLUS COLOCYNTHIS LINN,,,,,
BIOCHEMICAL EVALUATION OF SOME MEDICINAL PLANTS OF GENUS SESBANIA OF MARATHWADA REGION IN MAHARASHTRA,,,,,
PRELIMINARY PHYTOCHEMICAL SCREENING OF SOME MEDICINAL PLANTS,,,,,
STANDARDIZATION OF IN HOUSE PREPARED POLYHERBAL FORMULATION - SHIVAKSHAR PACHAN CHURNA,,,,,
CAPPARIDACEOUS MEDICINAL PLANTS OF NORTH-WEST RAJASTHAN: GOOD SOURCES OF ASCORBIC ACID,,,,,
NUTRITIONAL ASSESSMENT OF LEAVES OF WILD EDIBLE PLANT URTICA ARDENCE,,,,,
ASCORBIC ACID CONTENTS FROM SOME EXOTIC TREE SPECIES GROWING IN RAJASTHAN DESERT,,,,,
PHARMACEUTICAL STUDY OF KAPARDIKA BHASMA,,,,,
DEVELOPMENT OF HPTLC METHOD FOR THE DETERMINATION OF PIPERINE IN SITOPLADI CHURNA - AN AYURVEDIC FORMULATION,"1. Shivani, 2. Iram Rakhshi, 3. R.K. Pawar, 4. Sharma Shivani, 5. KR. Sharma Rajiv, 6. K.C. Singh.",International Journal of Pharmaceutical and Phytopharmacological Research,2013,3,1
DETERMINATION OF ASH VALUES OF SOME MEDICAL PLANTS OF MARATHWADA REGION IN MAHARASHTRA,,,,,
EVALUATION OF PHYSIOCHEMICAL SCREENING AND STANDARDIZATION ON THE ROOT OF ROTULA AQUATICA LOUR.,,,,,
"PHYSICO-CHEMICAL ANALYSIS OF ASH OF SOME MEDICINAL PLANTS GROWING IN TAMIL NADU, INDIA",,,,,
BIOCHEMICAL EVALUATION OF SOME MEDICINAL PLANTS OF MARATHWADA REGION IN MAHARASHTRA,,,,,
SPECTROPHOTOMETRIC VALIDATION AND STANDARDIZATION OF A BIOACTIVE COMPONENT FROM J. REGIA STEM BARK,,,,,
EVALUATION OF AN AYURVEDIC COMPOUND FORMULATION LAGHUSUTASEKHARA RASA,,,,,
"SIMULTANEOUS ESTIMATION OF THREE TRITERPENOIDSURSOLICACID, BSITOSTEROL AND LUPEOL FROM FLOWERS LEAVES AND FORMULATIONS OF RHODODENDRON ARBOREUM SMITH USING VALIDATED HPTLC METHOD",,,,,
DETERMINATION OF LIPID AND ALKALOID CONTENT IN SOME MEDICINAL PLANTS OF MARATHWADA REGION IN MAHARASHTRA,,,,,
BIOCHEMICAL STUDIES OF HORSE GRAM (DOLICHOS BIFLOROUS LINN.) USING LEAD ACETATE,,,,,
PRELIMINARY PHYSICO-PHYTOCHEMICAL AND PHYTO-COGNOSTICAL EVALUATION OF THE LEAVES OF AEGLE MARMELOS(L.)CORREA.,"Samanta Krishanu, Singh Parihar Shailendra.","International Journal of Pharmaceutical, Chemical and Biological Sciences",2013,3,3
"PHYTOCHEMICAL, PHARMACOLOGICAL AND PHARMACOKINETICS EFFECTS OF ROSMARINIC ACID",,,,,
MICRO-MORPHOLOGICAL AND MICRO-METRIC EVALUATION OF MANGIFERA INDICA LINN. - LEAF,,,,,
DETAILED PHARMACOGNOSTICAL EVALUATION ON RHIZOME OF TECTARIA COADUNATA (WALL. EX HOOK & GREV.) C. CHR. - A FOLKLORE HERB,,,,,
STANDARDIZATION OF HPLC METHOD OF SCOPOLETIN IN DIFFERENT EXTRACTS OF CONVOLVULUS PLURICAULIS,,,,,
ASSESSMENT OF MICROBIAL QUALITY IN MARKETED HERBAL DRUGS SOLD IN TRICHY CITY,,,,,
PHARMACEUTICAL STUDY OF AVARTITA HINGUSAUVARCHALADI GHRITA,,,,,
STANDARDIZATION OF ASTANGA LAVANA - A HERBO-MINERAL AYURVEDIC COMPOUND,,,,,
MICRO CHEMICAL (ELEMENTAL) ANALYSIS OF LEUCAS ASPERA (WILLD) LINK EMPLOYING SEM-EDAX,,,,,
"EFFECT OF FORMULATIONS OF VASA (AVALEHA, ARISHTA AND GHRITA) IN THE MANAGEMENT OF TAMAKASHWASA (BRONCHIAL ASHTMA)",,,,,
PHARMACOLOGICAL STUDY OF A STEROID-SITOSTERYLGLUCOSIDE-6-HEPTADECANOATE ISOLATED FROM CAPPRIS HORRID,"T. Patnaik, P Gouda.",International Journal of Pharma Research&Review,2013,2,5
PRELIMINARY PHYTOCHEMICAL SCREENING AND HEAVY METAL ANALYSIS OF LEAF EXTRACTS OF ZIZIPHUS OENOPLIA (L) MILL. GARD,,,,,
MORPHOLOGICAL AND BIOCHEMICAL CHARACTERISTICS OF AVERRHOA FRUITS,,,,,
DEVELOPMENT OF RANDOM AMPLIFIED POLYMORPHIC DNA MARKERS FOR AUTHENTIFICATION OF BLEPHARISPERMUM SUBSESSILE DC.,,,,,
QUALITY CONTROL EVALUATION OF GUDUCHI SATVA (SOLID AQUEOUS EXTRACT OF TINOSPORA CORDIFOLIA (WILLD.) MIERS): AN HERBAL FORMULATION,,,,,
DEVELOPMENT AND VALIDATION OF UV SPECTROPHOTOMETRIC METHOD FOR ESTIMATION OF GLYCYRRHETINIC ACID IN HYDROALCOHOLIC EXTRACT OF GLYCYRRHIZA GLABRA,,,,,
PHARMACOGNOSTICAL EVALUATION OF CROTON ROXBURGHII BALAK. (EUPHORBIACEAE) BARK,,,,,
PHARMACOGNOSTICAL EVALUATION OF FRUITS OF MALLOTUS PHILIPPENENSIS (LAM). MUELL- ARG (EUPHORBIACEAE),,,,,
PHYSICO-PHYTOCHEMICAL INVESTIGATION AND ANALYTICAL STANDARDIZATION OF HEDYCHIUM SPICATUM HAM.EX SMITH. (SATI),,,,,
ISOLATION AND CHARACTERIZATION OF CHEMICAL CONSTITUENTS OF AERIAL PARTS OF LANTANA CAMARA,,,,,
CHEMICAL AND PHYTOCHEMICAL ANALYSIS OF SOME ANTI DIABETIC PLANTS IN YEMEN,"1. Al Jawfi Yaser, 2,3. Alsayadi Muneer, 3. Benmansour Abdelhafid, Chabane 3. Sari Daoudi, 3. A. Lazoni Hammadi.",International Research Journal of Pharmacy,2013,4,9
POLAR AND NON POLAR SOLVENT EXTRACTION AND PHARMACOLOGICAL EVALUATION OF FOUR DIFFERENT PARTS FROM BRASSICA NIGRA (KOCH.) PLANT,,,,,
A COMPARATIVE PHARMACEUTICO-CHEMICAL STUDY OF GOJIHVADI KWATHA AND ITS GRANULES W.S.R. TO STABILITY PROFILE,,,,,
PHYSICO-CHEMICAL AND PHYTOCHEMICAL EVALUATION OF CARICA PAPAYA LINN. UNRIPE FRUITS,,,,,
EXTRACTION AND CHEMICAL INVESTIGATION OF LEAVES OF PTEROSPERMUM ACRIFOLIUM,,,,,
"QUANTITATIVE ESTIMATION OF GALLIC ACID IN ROSA SINENSIS, EMBLICA OFFICINALIS AND SYZYGIUM AROMATICUM BY HPTLC",,,,,
PHYTO-PHARMACEUTICAL ASSAY OF SHILAJATU RASAYANA - A NOVEL COMPOUND IN THE MANAGEMENT OF DIABETIC POLYNEUROPATHY,,,,,
STUDIES ON ASSOCIATED MYCOFLORA AND BIODETERIORATION OF CHEMICAL CONTITUENTS IN DRUG S. XANTHOCARPUM LINN. ROOTS UNDER STORAGE,,,,,
PHARMACEUTICAL STANDARDIZATION OF NAGA BHASMA (INCINERATED LEAD) PREPARED BY USING HERBAL MEDIA,,,,,
ISOLATION AND CHARACTERIZATION OF PHYTOCONSTITUENTS FROM ACACIA LEUCOPHLOEA FLOWERS (ROXB) WILLD,,,,,
VALIDATION OF STANDARD MANUFACTURING PROCEDURE OF GUDUCHI GHANA DRIED AQUEOUS EXTRACT OF TINOSPORA CORDIFOLIA WILLD. MIERS AND ITS TABLETS,"1. Rohit Sharma, 2. Galib, 3. PK. Prajapati.",Ayurpharm - International Journal of Ayurveda and Allied Sciences,2013,2,7
ANNATTO: ECO-FRIENDLY AND POTENTIAL SOURCE FOR NATURAL DYE,,,,,
COMPARATIVE NAMBURI PHASED SPOT TEST ANALYSIS OF SAMUDRAPHENA (CUTTLEFISH BONE),,,,,
EVALUATION OF HEAVY METALS IN ETHANOLIC LEAF EXTRACT OF ACACIA CATECHU AS INDICATOR OF POLLUTION BY ATOMIC ABSORPTION SPECTROPHOTOMETRIC (FAAS) ANALYSIS,,,,,
SIMULTANEOUS ESTIMATION OF LUTEOLIN AND APIGENIN IN METHANOLIC LEAF EXTRACT OF CARDIOSPERMUM HALICACABUM BY HPLC,,,,,
PHARMACOGNOSTICAL EVALUATION OF TAVERNIERA NUMMULARIA BAKER. LEAF - A PRELIMINARY STUDY,,,,,
PHYTOCHEMICALS ANALYSIS AND TLC FINGERPRINTING OF METHANOLIC EXTRACTS OF THREE MEDICINAL PLANTS,,,,,
PHYSICO PHYTO-CHEMICAL EVALUATION OF THE ROOT OF KANOTI (LINARIA RAMOSISSIMA WALL. JANCH.),,,,,
VALIDATION OF PHARMACEUTICAL PARAMETERS FOR SWARNA SHODHANA,,,,,
EVALUATION OF PHYSICOCHEMICAL STANDARDS OF CYPERUS ROTUNDUS RHIZOME WITH PHYTOCHEMICAL AND HPTLC PROFILING OF ITS EXTRACTS,,,,,
PHARMACOGNOSTIC AND PHYTOCHEMICAL INVESTIGATION OF CELOSIA ARGENTEA LINN.,"Rajni B. Ranjan, S.S. Deokule.",International Research Journal of Pharmacy,2013,4,6
HISTOCHEMICAL INVESTIGATION OF SOME MEDICINAL PLANTS OF GENUS SESBANIA IN MAHARASHTRA,,,,,
ESTIMATION OF TOTAL PHENOL OF GENUS SESBANIA OF MARATHWADA REGION IN MAHARASHTRA,,,,,
PHYTOCHEMICAL AND PHARMACOGNOSTICAL STUDY OF KARANJA (PONGAMIA PINNATA LINN.) SEED,,,,,
PHARMACEUTICOANALYTICAL STUDY AND STANDARDIZATION OF PANCHTIKTA GHRITA,,,,,
TERMINALIA BELLERICA - A PROMISING CHALLENGE TO CRYPTOCOCCOSIS.,,,,,
"ISOLATION, PURIFICATION AND STRUCTURAL ELUCIDATION OF NOVEL BIOACTIVE PHYTOCONSTITUENTS FROM CRATAEVA NURVALA BUCH-HAM STEM BARK CHLOROFORM FRACTION",,,,,
PHYTOCHEMICAL INVESTIGATION ON WITHANIA SOMNIFERA ROOT MARC GENERATED IN AYURVEDIC INDUSTRY,,,,,
QUANTIFICATION OF PRIMARY AND SECONDARY METABOLITES FROM LEAVES AND STEM BARK OF COCHLOSPERMUM RELIGIOSUM (L) ALSTON,,,,,
PRELIMINARY PHYTOCHEMICAL ANALYSIS OF ACTINIOPTERIS RADIATA (SWARTZ) LINK.,,,,,
PREPARATION AND PHYSICOCHEMICAL ANALYSIS OF MANDOOR PARPATI,"1. Snehal S Bavadekar, 1. Aniruddha R Tagare, 1. Tushar Kakar, 2. Sunil C. Bakare, 3. Rajesh K. Ingole.",International Research Journal of Pharmacy,2013,4,8
PHARMACOGNOSTICAL AND PHYSICO-CHEMICAL STANDARDIZATION OF LEAVES OF SIDA ACUTA,,,,,
"PHARMACOGNOSTICAL STUDIES ON STEM & FRUIT OF SYZYGIUM ALTERNIFOLIUM (WIGHT) WALP., - AN ENDEMIC TO SOUTH EASTERN GHATS, INDIA",,,,,
"PHYTOCHEMICAL POTENTIALS OF GYMNEMA SYLVESTRE, ADIANTUM LUNULATUM, BRYONIA LACINIOSA",,,,,
"ISOLATION, CHARACTERIZATION & QUNATITATION OF PHYTOCONTITUENTS FROM TWO PLANTS OF FABACEAE",,,,,
PRELIMINARY PHYSICO-PHYTOCHEMICAL STUDY AND PHARMACOGNOSTICAL STANDARDIZATION OF PSIDIUM GUAJAVA LEAVES,,,,,
PHYTOCHEMICAL AND ANTIBACTERIAL EVALUATION OF BARLERIA MONTANA NEES. (MOUNTAIN BARLERIA),,,,,
DEVELOPMENT AND VALIDATION OF UV SPECTROPHOTOPHOTOMETRIC METHOD FOR ANALYSIS OF FULVIC ACID - A DECOMPOSITION PRODUCT IN SHILAJITH,,,,,
EXAMINE THE PRESENCE OF CHEMICAL CONSTITUENTS IN TECOMELLA UNDULATE AND THEIR INTERACTION WITH LIPIDS,,,,,
"PRELIMINARY PHYTOCHEMICAL ANALYSIS OF SARGASSUM MYRIOCYSTUM J.AG. AND TURBINARIA ORNATA (TURNER) J.AG. FROM THE SOUTH EAST COAST OF TAMIL NADU, INDIA",,,,,
INTERACTION STUDY OF CURCUMIN WITH 1-BUTANOL BINARY MIXTURE,"1. M.S. Manjunath, 2. J Sannappa.","Research Journal of Pharmaceutical, Biological and Chemical Sciences",2013,4,4
STANDARDIZATION & CHARACTERIZATION OF TINOSPORA CORDIFOLIA (WILLD.) MIERS EX HOOK.F. & THOMS. PLANT STEM EXTRACT IN DIFFERENT SOLVENT FRACTIONS.,,,,,
PHARMACOGNOSTICAL EVALUATION OF WITHANIA SOMNIFERA LEAF,,,,,
ISOLATION AND CHARACTERIZATION OF A NOVEL CHEMICAL ENTITY FROM ETHER EXTRACT OF AMMOMUM SUBULATUM LEAVES,,,,,
PHARMACOGNOSTICAL AND PHYTOCHEMICAL STUDIES ON STEM OF STACHYTARPHETA JAMAICENSIS (L) VAHL.,,,,,
"QUALITATIVE ANALYSIS OF SELECTED MEDICINAL PLANTS, UTTAR PRADESH, INDIA",,,,,
PRELIMINARY PHYTOCHEMICAL INVESTIGATION ON A FEW CUCURBITACEAE PLANTS,,,,,
PHARMACOLOGICAL ACTIVITY OF LEPIDAGATHIS CRISTATA ROOT EXTRACTS,,,,,
FINGER PRINT ANALYSIS OF P.EDULIS AND BAUHINIA TOMENTOSA USING HPTLC TECHNIQUE,,,,,
PHARMACOGNOSTIC EVALUATION OF DIOSPYROS MALABARICA BARK POWDER,,,,,
ANALYTICAL STUDY & HPTLC PROFILE OF PANCHAGAVYA - A TRADITIONAL AYURVEDIC PREPARATION,"Pankaj Nariya, Nikhil Jirankalgikar, Rahul Warma, Subrata De.",Asian Journal of Biochemical and Pharmaceutical Research,2012,2,2
GC- MS EVALUATION OF CHEMICAL CONSTITUENTS FROM METHANOLIC LEAF EXTRACT OF KEDROSTIS FOETIDISSIMA (JACQ.) COGN,,,,,
PHARMACOGNOSTICAL AND PHYTOCHEMICAL SCREENING OF FRUIT AND LEAVES OF CISSUS ARNOTTIANA,,,,,
FLAVONOID CONTENTS FROM SOME FABACEOUS PLANT SPECIES OF RAJASTHAN DESERT,,,,,
"PHARMACOGNOSTICAL & PHYTOCHEMICAL STUDIES OF WITHANIA SOMNIFERA, LINN",,,,,
PHARMACOGNOSTICAL AND PROXIMATE ANALYSIS OF LEAVES OF BORRERIA HISPIDA.,,,,,
PHYTOCONSTITUENTS AND PHARMACOLOGICAL ACTIVITIES OF MUSA PARADISIACA LINN.,,,,,
EVALUATION OF ELEMENTAL PROFILE OF TECOMELLA UNDULATA (SEEM): AN ENDANGERED MEDICINAL PLANT.,,,,,
ASCORBIC ACID CONTENTS FROM SOME FABACEOUS PLANT SPECIES GROWING IN RAJASTHAN DESERT,,,,,
"AN HERBAL WOUND HEALING GEL PREPARED WITH PACHAVALKALA KWATHA, NIMBA KWATHA AND KUMARI SWARASA WITH THEIR PHYSICOCHEMICAL PARAMETERS",,,,,
HYDRODISTILLATION OF STEPHANIA GLABRA TUBERS AND WOODFORDIA FRUTICOSA LEAVES,"1. Hemraj, 1. Avneet Gupta, 2. Ajay Thakur, 3. Neeraj Upmanyu.",Asian Journal of Pharmaceutical and Clinical Research,2012,5,3
PHARMACOGNOSTIC AND PRELIMINARY PHYTOCHEMICAL EVALUATION OF THE LEAVES OF DALBERGIA SISSOO ROXB.,,,,,
CHARACTERIZATION OF LAUHA BHASMA,,,,,
RAPID DETERMINATION & STANDARDIZATION OF GARCINIA FRUIT EXTRACT OF HYDROXY-CITRIC ACID (HCA) IN GARCINIA CAMBOGIA BY HPLC,,,,,
DPPH SCAVENGING ACTIVITY OF VARIOUS EXTRACTS OF SWEET POTATOES LEAVES WITH VARYING TUBERS COLORS,,,,,
ANALYTICAL STUDY OF TOXIC PRINCIPLES IN SELF PREPARED AND MARKETED SAMPLES OF KANAK SUNDAR RASA,,,,,
"TISSUE CULTURE, PHYTOCHEMICAL & PHARMACOLOGICAL STUDY OF BACOPA MONNIERI",,,,,
"1,4-DIOXANE AND ERGOSTEROL DERIVATIVES FROM WITHANIA SOMNIFERA ROOTS",,,,,
FORMULATION & EVALUATION OF HERBAL GEL CONTAINING METHANOLIC EXTRACT OF ZIZIPHUS XYLOPYRUS,,,,,
PREPARATION AND EVALUATION OF POLYHERBAL SHAMPOO POWDER,,,,,
"ISOLATION OF 11,12,13,17-TETRAHYDROXY- HYDROXYMETHYL -10-ITRODOTRIACONTAHYDROSPIRO INDENO 5,6-A HEXACENE-2,2-PYRAN 3,61H,18BH DIONE AND ITS SPECTROSCOPIC CHARACTERIZATION AND BIOLOGICAL ACTIVITIES OF BIOMETALS FROM SEEDS OF DATURA STRAMONIUM",Parashuram Mishra.,Asian Journal of Biochemical and Pharmaceutical Research,2011,3,1
BIOCHEMISTRY AND PHARMACOLOGY OF AN INEVITABLY IMPORTANT PLANT MURRAYA KOENIGII SPRENG (RUTACEAE),,,,,
PHYSICO-CHEMICAL AND STRUCTURAL STUDY OF SHADAGUNA GANDHAKA JARITA RASASINDUR (RED SULPHIDE OF MERCURY),,,,,
DETERMINATION OF PHENOL & FLAVONOID CONTENTS IN ACORUS CALAMUS,,,,,
YASHTIMADHU GHRITA - A PHARMACEUTICAL AND ANALYTICAL STUDY.,,,,,
NUTRACEUTICAL VALUES OF CITRUS FRUIT SPREAD FORTIFIED WITH RASAYANA HERBS,,,,,
TLC FINGERPRINT PROFILE OF DIFFERENT EXTRACTS OF BOERHAAVIA DIFFUSA,,,,,
QUANTIFICATION OF TOTAL PHENOLIC AND TOTAL FLAVONOID CONTENTS IN EXTRACTS OF OROXYLUM INDICUM L.KURZ,,,,,
PURIFICATION OF BETA ASARONE FROM ACORUS CALAMUS. L,,,,,
PHYTOCHEMICAL ANALYSIS OF TWO HIGH YIELDING CURCUMA LONGA VARIETIES FROM ANDHRA PRADESH,,,,,
"ANALYSIS FOR PHYTOCEUTICALS AND BIOINFORMATICS APPROACH FOR THE EVALUATION OF THERAPETIC PROPERTIES OF WHOLE PLANT METHANOLIC EXTRACT OF MUKIA MADERASPATANA (L.) M.ROEM. (CUCURBITACEAE) - A TRADITIONAL MEDICINAL PLANT IN WESTERN DISTRICTS OF TAMIL NADU, INDIA.","Mallikadevi, T., S. Paulsamy, S. Jamuna, K. Karthika.",Asian Journal of Pharmaceutical and Clinical Research,2012,5,4
HPTLC METHOD FOR QUANTITATIVE DETERMINATION OF GALLIC ACID IN ETHANOLIC ROOT EXTRACT OF DIOSPYRUS FERREA (WILLD.) BAKH AND AERVA LANATA (L.) JUSS. EX SCHULTES -A POTENT INDIAN MEDICINAL PLANTS.,,,,,
CHEMICAL CONSTITUENT FROM THE ROOTS OF GIRARDINIA HETEROPHYLLA,,,,,
QUALITATIVE ALKALOIDAL ANALYSES OF SOME SELECTED NIGERIAN MEDICINAL PLANTS USED IN HERBAL TREATMENT OF DISEASES,,,,,
VALIDATED SPECTROFLUORIMETRIC METHOD FOR ESTIMATION OF PIPERINE IN AN AYURVEDIC FORMULATION,,,,,
PHYTOCHEMICAL ANALYSIS OF PAW-PAW (CARICA PAPAYA) LEAVES,,,,,
PHARMACOGNOSTICAL AND PHYTO-PHYSICOCHEMICAL PROFILE OF THE LEAVES OF MANGIFERA INDICA L. VAR ALPHONSO (ANACARDIACEAE) - VALUABLE ASSESSMENT OF ITS QUALITY,,,,,
USE OF PRATINIDHI DRAVYA FOR KUSA (DESMOSTACHYA BIPINNATA STAP.F) IN SRI LANKAN TRADITIONAL MEDICAL SYSTEM A BASE LINE SURVEY,,,,,
"PHYTOCHEMICAL AND PHYTOTHERAPEUTIC EVALUATION OF MALLOTUS PELTATUS (GEIST.) MUELL. ARG. VAR ACUMINATUS AND ALSTONIA MACROPHYLLA WALL EX A. DC: TWO ETHNO MEDICINE OF ANDAMAN ISLANDS, INDIA",,,,,
PHYTOPHARMACOLOGICAL ASPECTS OF SALACIA CHINENSIS,,,,,
STANDARDIZATION OF ERANDAMOOLADI KWATHA CHURNA - A COMPOUND FORMULATION USED IN MEDICATED ENEMA THERAPY (BASTI KARMA),"1. Lohith B A, 2. Sunil Kumar K N, 3. Girish K J.",Global Journal of Research on Medicinal Plants&Indigenous Medicine,2013,2,10
PHARMACOGNOSTICAL EVALUATION OF THE ROOT OF OPERCULINA PETALOIDEA CHOISY - A SOURCE OF SHYAMA TRIVRUT,,,,,
A COMPARATIVE PHARMACOGNOSTICAL EVALUATION OF CATHARANTHUS ROSEUS (L.) G.DON (PINK AND WHITE FLOWER VARIETIES) ROOTS,,,,,
PHARMACOGNOSTIC STUDIES ON THE SPINE OF ZANTHOXYLUM RHETSA (ROXB.) DC.,,,,,
PRELIMINARY QUANTITATIVE ESTIMATION OF THE PHYTOCONSTITUENTS OF SPERMACOCE OCYMOIDES (BURM F) DC,,,,,
"ARGYREIA SPECIOSA LINN. F. : PHYTOCHEMISTRY, PHARMACOGNOSY AND PHARMACOLOGICAL STUDIES",,,,,
GC-MS ANALYSIS OF VOLATILE COMPOUNDS IN ALPINIA ROXB. AND ZINGIBER BOEHM. FROM SOUTH WESTERN MAHARASHTRA.,,,,,
PHARMACOGNOSTIC PROFILES OF BARK OF CAREYA ARBOREA ROXB.,,,,,
PHARMACOGNOSTICAL AND PHYTOCHEMICAL SCREENING OF AN AYURVEDIC MEDICINAL PLANT KARUNTHAKALI (SOLANUM RUBRUM MILL),,,,,
PHARMACOGNOSTICAL AND PRELIMINARY PHYSICOCHEMICAL EVALUATION OF TRIPHALADI GRANULES - A POLYHERBAL AYURVEDIC FORMULATION,,,,,
PHARMACOGNOSTICAL AND PRELIMINARY PHYTOCHEMICAL EVALUATION OF JATI PATRA (JASMINUM GRANDIFLORUM LINN.),Dhulappa Mehatre.,International Journal of Ayurvedic Medicine,2013,4,4
PHARMACOGNOSTICAL AND PHYTOCHEMICAL INVESTIGATIONS OF MORINGA CONCANENSIS (MORINGACEAE) AN ETHNO MEDICINE OF NILGIRIS,,,,,
PRELIMINARY PHYSICO-CHEMICAL PROFILE OF BRAHMI GHRITA,,,,,
STANDARD MANUFACTURING PROCEDURE OF MAKSHIKA BHASMA,,,,,
PHARMACEUTICO ANALYTICAL STUDY OF NAGA (LEAD) BHASMA,,,,,
"DESIGN, DEVELOPMENT & EVALUATION OF A POLY HERBAL SYRUP FROM SOME HERBS USED AS ENERGY BOOSTER",,,,,
"ANATOMICAL AND PHYTOCHEMICAL STUDY ON DURVA (CYNODON DACTYLON LINN, PERS ) - AN AYURVEDIC DRUG",,,,,
PHARMACOLOGY AND PHYTOCHEMISTRY OF COCCINIA INDICA,,,,,
STUDY ON KUDAVA AND PRASTA MANA IN WEIGHT AND VOLUME W.S.R TO BALA TAILA,,,,,
"MORPHOLOGICAL, STRUCTURAL AND MICROMETRIC STUDY OF CYSTOLITH OF FAMILY ACANTHAECEAE W.S.R. TO KALMEGH",,,,,
PHYSICO-CHEMICAL AND PHYTOCHEMICAL INVESTIGATION OF PLANT SESBANIA SESBAN.,"Kumar Sandeep, Bajwa Baljinder Singh, Kumar Narinder.","Research Journal of Pharmaceutical, Biological and Chemical Sciences",2014,5,1
"PHYTOCHEMICAL PROFILING OF PHYTOCONSTITUENTS OF GRAPE, JATROPHA CURCAS AND NEEM (AZADIRACHTA INDICA) EXTRACTS",,,,,
"THE FT-IR SPECTROMETRIC STUDIES OF VIBRATIONAL BANDS OF SEMECARPUS ANACARDIUM LINN.F. LEAF, STEM POWDER AND EXTRACTS",,,,,
INFLUENCE OF BHAVANA ON PHARMACOGNOSTICAL PARAMETERS OF AMALAKI RASAYANA VIS-A-VIS AMALAKI POWDER,,,,,
"EVALUATION OF PHYSIOCHEMICAL, PHARMACOGNOSTICAL AND PHYTOCHEMICAL PARAMETERS OF PREMNA HERBACEA",,,,,
PRELIMINARY PHYTOCHEMICAL SCREENING OF LIMONIA ACIDISSIMA LINN.,,,,,
MARKER BASED STANDARDISATION OF PLANT BASED FORMULATIONS CONTAINING BRAHMI USING BACOSIDE A BY HPTLC,,,,,
SEPARATION AND DETERMINATION OF TRITERPENE ACIDS BY USING HIGH PERFORMANCE THIN LAYER CHROMATOGRAPHY FROM STEM BARK OF MIMUSOPS ELENGI LINN.,,,,,
GC-MS ANALYSIS OF PHYTOCHEMICAL CONSTITUENTS IN ETHANOLIC BARK EXTRACT OF FICUS RELIGIOSA LINN,,,,,
DEVELOPMENT OF A VALIDATED HPTLC METHOD FOR QUANTIFICATION OF ESCULIN IN DIFFERENT FRACTIONS OF CICHORIUM INTYBUS LEAF EXTRACT,,,,,
CHROMATOGRAPHIC FINGERPRINT ANALYSIS OF DITERPENOIDS AND SESQUITERPENOIDS IN N-HEXANE EXTRACT OF EMILIA SONCHIFOLIA (L.) DC BY HPTLC TECHNIQUE,"1. Pratibha Prabhakaran, 1, 2. Velliyur Kanniappan GopalaKrishnan.",International Journal of Pharmacy and Pharmaceutical Sciences,2014,6,1
SIMULTANEOUS DETERMINATION OF PHENOLIC COMPOUNDS IN BRASSICA OLERACEA L.VAR CAPITATA. BY HIGH-PERFORMANCE LIQUID CHROMATOGRAPHY,,,,,
PHYTOCHEMICAL ANALYSIS IN OCIMUM ACCESSIONS,,,,,
PHYTOCHEMICAL SCREENING AND SYNTHESIS OF SILVER NANOPARTICLES USING LEAF EXTRACT OF RHYNCHOTECHUM ELLIPTICUM,,,,,
ESTABLISHMENT OF QUALITY PARAMETERS TO DETECT SUBSTITUTION OF SHATAVARI BY SAFED MUSALI,,,,,
STANDARDIZATION OF SURYA SHEKHARA RAS: A KUPI PAKWA RASAYANA,,,,,
CHEMICAL ANALYSIS OF VANGA BHASMA,,,,,
"SAFED MUSLI (CHLOROPHYTUM BORIVILIANUM): A REVIEW OF ITS BOTANY, ETHNOPHARMACOLOGY AND PHYTOCHEMISTRY",,,,,
ANALYTICAL STUDY ON SHODHANA OF JAYAPALA,,,,,
CHEMICAL VARIABILITY ALONG THE VALUE CHAINS OF TURMERIC (CURCUMA LONGA): A COMPARISON OF NUCLEAR MAGNETIC RESONANCE SPECTROSCOPY AND HIGH PERFORMANCE THIN LAYER CHROMATOGRAPHY,,,,,
IMPORTANCE OF PHARMACOGNOSTIC ANALYSIS IN IDENTIFICATION OF MEDICINAL PLANTS WITH SPECIAL REFERENCE TO ATIBALA (ABUTILON INDICUM (L.) SWEET),"1. T S. Mahesh, 2. M. Shreevidya, 3. S. Ravi Rao.",International Research Journal of Pharmacy,2013,4,11
PRELIMINARY AND PHARMACOGNOSTIC INVESTIGATION ON LEAVES OF PUNICA GRANATUM,,,,,
DETERMINATION OF ANDROGRAPHOLIDE IN ANDROGRAPHIS PANICULATA EXTRACTS WITH AND WITHOUT HUMAN SERUM BY HIGH PERFORMANCE THIN LAYER CHROMATOGRAPHY,,,,,
ARGYREIA NERVOSA (BURM. F.): RECEPTOR PROFILING OF LYSERGIC ACID AMIDE AND OTHER POTENTIAL PSYCHEDELIC LSD-LIKE COMPOUNDS BY COMPUTATIONAL AND BINDING ASSAY APPROACHES,,,,,
"A UPLC-MS/MS METHOD FOR IN VIVO AND IN VITRO PHARMACOKINETIC STUDIES OF PSORALENOSIDE, ISOPSORALENOSIDE, PSORALEN AND ISOPSORALEN FROM PSORALEA CORYLIFOLIA EXTRACT.",,,,,
STANDARDIZATION OF NARIKELA KHANDA AND NARIKELA KHANDA GRANULES - HERBAL COMPOUND FORMULATIONS OF NARIKELA (COCUS NUCIFERA LINN.),,,,,
PHYSICO - CHEMICAL STUDY OF DIFFERENT METHODS OF PARADA SAMANYA SHODHANA,,,,,
ANALYSIS OF THE ARSENIC IN COMMONLY USED MEDICINAL PLANTS,,,,,
PREPARATION AND PHYSICOCHEMICAL ANALYSIS OF HINGULIYA MANIKYARASA,,,,,
PHYTO-PHARMACOGNOSTICAL STUDY OF MUNDI (SPHAERANTHUS INDICUS LINN.),,,,,
"PHYSICO-CHEMICAL, PHYTO-CHEMICAL AND HPTLC- ANALYSIS OF LEAF OF CITRUS MEDICA LINN.","1. Kalpesh B. Panara, 2. Nishteswar Karra, 3. Vinay J. Shukla.",Punarnav,2014,2,1
QUALITATIVE AND QUANTITATIVE ESTIMATION OF A POLYHERBAL COMPOUND DASHANG LEPA,,,,,
PHARMACOGNOSTICAL AND PHYTO-CHEMICAL EVALUATION OF PIPPALYADI YOGA: A POLYHERBAL FORMULATION,,,,,
A CHEMICAL ANALYSIS OF PALASHPUSHPA AS AN ANTIDOTE FOR BHALLATAKA,,,,,
PHARMACOGNOSTIC CHARACTERIZATION OF ENICOSTEMMA LITTORALE BLUME,,,,,
PHARMACOLOGICAL INVESTIGATION OF THE CHLOROFORM EXTRACTS OF ALSTONIA SCHOLARIS (L.) R.BR,,,,,
QUANTIFICATION OF PHENOLICS AND FLAVONOIDS BY SPECTROPHOTOMETER FROM ARTEMISIA PALLENS ROOTS,,,,,
PHYTOCHEMICAL INVESTIGATION OF SUAEDA MARITIME (L.) DUMORT. STEM,,,,,
BIOLOGICAL ACTIVITIES OF DILLENIA INDICA L.BARK GROWING IN BANGLADESH,,,,,
PHYTOCHEMICAL AND IN VITRO ANTI-BACTERIAL PROPERTIES OF HIBISCUS SABDARIFFA L (ROSELLE) JUICE,,,,,
PHYTOCHEMICAL AND METABOLITE FINGERPRINTING OF HELICTRES ISORA THROUGH GAS CHROMATOGRAPHY AND MASS SPECTRUM ANALYSIS,"1. C. Elanchezhiyan, 2. K. Kumaravel, 1. Bilal Ahmad Bhat, 3. S.Sethupathty.",Journal of Pharmacy Research,2014,8,3
PHARMACEUTICO ANALYTICAL STUDY OF VACHA ARKA,,,,,
BIANOL - FURTHER STUDIES ON HEARTWOOD OF PTEROCARPUS MARSUPIUM,,,,,
PRELIMINARY PHYTOCHEMICAL SCREENING OF SOLANUM TRILOBATUM (L.) YOUNG LEAVES,,,,,
GUGGULU,,,,,
STUDIES ON THE DRUG PLANTS USED IN INDIAN SYSTEM OF MEDICINE - MANSALA (PSIDIUM GUAJAVA LINN),,,,,
"COMPARATIVE PHARMACOGNOSTICAL VARIATIONS IN STEM, TRUE ROOT AND AERIAL ROOT OF TINOSPORA CORDIFOLIA WILLD",,,,,
STUDY OF GLYCYRRHIZA GLABRA. LINN,,,,,
STUDIES ON THE DRUG PLANTS USED IN INDIAN SYSTEM OF MEDICINE - DADIMA (PUNICA GRANATUM LINN),,,,,
MICROSCOPY OF THE ROOT OF HEMIDESMUS INDICUS R. BR.,,,,,
A PHARMACEUTICAL APPROACH OF PEARL AS A BIOSAFE NANOMEDICINE,"1. R.C. Wavare, 2. V.V.Kadam, 3. S.M. Sheth, 4. R.S. Sawant.",International Research Journal of Pharmacy,2014,5,2
COMPARISON OF PHYSICOCHEMICAL PROPERTIES OF RAW AND PURIFIED SULPHUR,,,,,
A PHARMACEUTICAL APPROACH OF MANIKYA BHASMA TOWARDS ITS STANDARDIZATION,,,,,
A PHARMACEUTICAL STUDY OF HINGULIYA MANIKYARASA PREPARED BY CONVENTIONAL AND MODIFIED METHODS,,,,,
PHYTOCHEMICAL ANALYSIS OF SEEDS OF CERTAIN MEDICINAL PLANTS,,,,,
PHARMACOGNOSTICAL STUDIES ON LEAVES OF MARSILEA MINUTA LINN.,,,,,
"KASAMARDA (CASSIA OCCIDENTALIS LINN.), MACRO/MICROSCOPIC PROFILE.",,,,,
DEVELOPMENT AND VALIDATION OF UV SPECTROSCOPIC METHOD FOR THE ESTIMATION OF AQUEOUS EXTRACT OF FAGONIA SCHWEINFURTHII HADIDI,,,,,
COMPARATIVE PHYSICO-CHEMICAL PROFILES OF TUGAKSHEEREE (CURCUMA ANGUSTIFOLIA ROXB. AND MARANTA ARUNDINACEA LINN.),,,,,
COMPARATIVE PHARMACOGNOSTICAL AND PHYTOCHEMICAL STUDY ON BERGENIA LIGULATA WALL. AND AMMANIA BUCCIFERA LINN,,,,,
PHARMACOGNOSTIC EVALUATION AND METAL ANALYSIS OF TERMINALIA CATAPPA LINN. LEAVES,"Ambikadevi D. Sharma, Usha Mukundan.",Journal of Pharmacognosy and Phytochemistry,2014,2,6
STANDARD OPERATING PROCEDURE OF NAGA SHODHANA AND STUDY OF CHEMICAL CHANGES IN THE MEDIA AND SHODHITA NAGA,,,,,
PHARMACEUTICAL STANDARDIZATION OF CHITRAKADI GHRITA,,,,,
HPTLC METHOD DEVELOPMENT AND VALIDATION OF BAICALEIN IN HYDROLYSED N- BUTANOL EXTRACT OF ROOT BARK OF OROXYLUM INDICUM,,,,,
"STANDARDIZATION OF SWASARI VATI WITH REFERENCE TO GAS CHROMATOGRAPHY, SCANNING ELECTRON MICROSCOPY AND EDAX",,,,,
EVALUATION OF PHARMACOGNOSTIC FEATURES OF AERIAL PARTS OF ANDROGRAPHIS PANICULATA WALL.,,,,,
STABILITY STUDY OF SWARNAPRASHANA YOGA WITH RESPECT TO BASELINE MICROBIAL PROFILE,,,,,
TLC AND HPTLC FINGERPRINTING OF LEAF EXTRACTS OF WEDELIA CHINENSIS (OSBECK) MERRILL.,,,,,
IDENTIFICATION OF ANTHOCYANINS IN BLACK SOYBEAN (GLYCINE MAX (L.) MERR.) VARIETIES,,,,,
STUDY OF QUALITY CONTROL OF VANGA DHATU WITH SPECIAL REFERENCE TO GRAHYAGRAHYATVA CRITERIA,,,,,
PHYTOCHEMICAL STUDY OF HYBANTHUS ENNEASPERMUS (LINN.) F.MUELL.,"B.S.Krishnamoorthy, N.Nattuthurai, R. Logeshwari, H. Dhaslima Nasreen, I. Syedali Fathima.",Journal of Pharmacognosy and Phytochemistry,2014,3,1
PHYTOCHEMICAL EVALUATION OF BITTER DRUGS ON THE ASPECT OF PLANNER CHROMATOGRAPHY,,,,,
A PHARMACEUTICAL APPROACH ON MANIKYA PISHTI TOWARDS STANDARDIZATION,,,,,
MORPHOLOGICAL STUDIES OF MEDICINAL PLANT OF WITHANIA SOMNIFERA (L.) DUNAL GROWN IN HEAVY METAL TREATED (CONTAMINATED) SOIL.,,,,,
"EVALUATION OF STRUCTURAL, CHEMICAL CHARACTERISATION AND SAFETY STUDIES OF SAMAGANDHAK KAJJALI, AN INDIAN TRADITIONAL AYURVEDIC DRUG",,,,,
QUANTITATIVE DETERMINATION OF THREE CONSTITUENTS OF RASAYANA CHURNA ( A CLASSICAL AYURVEDIC FORMULATION) BY A REVERSED PHASE HPLC,,,,,
QUALITATIVE AND QUANTITATIVE STUDY OF ANTHRAQUINONE DERIVATIVES IN THE ROOT EXTRACT OF RHEUM AUSTRALE OF NEPAL (SYN. RHEUM EMODI) BY HPLC,,,,,
HPTLC ANALYSIS OF THE LEAF EXTRACT OF HYDNOCARPUS MACROCARPA (BEDDOME) WARB.,,,,,
APPLICATION OF CLASSICAL AND INSTRUMENTAL METHODS FOR EVALUATION OF POLYHERBAL CAPSULE FORMULATION,,,,,
PHARMACOGNOSTIC AND PHYTOCHEMICAL INVESTIGATIONS IN STRYCHNOS POTATORUM LINN. F.,,,,,
PHYTOCHEMICAL SCREENING AND HPTLC FINGERPRINTING OF LEAF EXTRACTS OF PSIDIUM GUAJAVA LINN.,"Rashmi Tambe, R.G Singhal, Kiran Bhise, Maushumi Kulkarni.",Journal of Pharmacognosy and Phytochemistry,2014,3,1
INVESTIGATIONS ON SECONDARY METABOLITES IN DIFFERENT PARTS OF RADERMACHERA XYLOCARPA USING GC-MS,,,,,
TOTAL PHENOLICS AND FLAVONOIDS IN SELECTED JUSTICIA SPECIES,,,,,
QUALITATIVE ASSESSMENT OF BIOACTIVE COMPOUNDS FROM A VERY RARE MEDICINAL PLANT FICUS DALHOUSIAE MIQ,,,,,
PREPARATION OF MULAKA (RAPHENUS SATIVUS LINN.) KSHARA - A PRACTICAL APPROACH,,,,,
A DETAIL PHYTO-CHEMICAL EVALUATION OF HERBOMINERAL FORMULATION USED IN RESPIRATORY DISEASES,,,,,
EVALUATION OF BIOACTIVE POTENTIAL OF BASIDIOCARP EXTRACTS OF GANODERMA LUCIDUM,,,,,
PRELIMINARY PHYTOCHEMICAL SCREENING OF GARDENIA LATIFOLIA AIT. AND GARDENIA GUMMIFERA LINN.,,,,,
HPLC ANALYSIS AND ISOLATION OF RUTIN FROM STEM BARK OF GINKGO BILOBA L.,,,,,
"MORPHOLOGICAL, MICROSCOPICAL, PHYSICO-CHEMICAL AND ANTIMICROBIAL INVESTIGATIONS ON LEAVES OF CALOTROPIS GIGANTEA LINN.",,,,,
PHARMACOGNOSTIC EVALUATION OF GALLS OF PISTACIA INTEGERRIMA STEW EX. BRANDIS AND ITS SUBSTITUTE POPULUS ALBA LINN.,"Pramod D. Khobragade, Digambar S. Chothe, Minal Khobragade.",Journal of Pharmacognosy and Phytochemistry,2014,2,6
A NEW AROMATIC ESTER FROM PICRORHIZA KURROA ROYLE EX BENTH,,,,,
BIOPROCESS VARIABLES OF MAGNETITE NANOPARTICLES USING MODIFIED MODERN BHASMIKARAN METHOD,,,,,
COMPARISON OF CURCUMA CAESIA ROXB. WITH OTHER COMMONLY USED CURCUMA SPECIES BY HPTLC,,,,,
"SCREENING OF INDIAN WITHANIA PLANT AND MARKETED PRODUCTS FOR TRACE ELEMENTS, HEAVY METALS FOR QUALITY AND EFFICACY",,,,,
PHAMACOGNOSTIC STUDY OF OCIMUM GRATISSIMUM LINN.: PHARMAFOOD PLANT.,,,,,
"PRELIMINARY PHYTOCHEMICAL, PHARMACOGNOSTICAL AND PHYSICO-CHEMICAL EVALUATION OF CEDRUS DEODARA HEARTWOOD",,,,,
INFLUENCE OF PHYTOREGULATORS ON PRODUCTION OF GYMNEMIC ACID IN THE CALLUS CULTURES FROM THE LEAVES OF GYMNEMA SYLVESTRE R.BR.,,,,,
TO EVALUATION OF TOTAL PHENOLICS AND FLAVONOIDS IN DIFFERENT PLANT OF CHHATTISGARH,,,,,
STANDARDIZATION OF MULAKA (RAPHENUS SATIVUS LINN.) KSHARA: A HERBAL ALKALINE PREPARATION,,,,,
GC-MS ANALYSIS OF BIO-ACTIVE COMPOUNDS IN METHANOLIC EXTRACT OF LACTUCA RUNCINATA DC,"1. Lakshmi Kanta Kanthal, 2. Akalanka Dey, 3. K Satyavathi, 4. P Bhojaraju.",Pharmacognosy Research,2014,6,1
PHARMACOGNOSTIC AND PHYTOCHEMICAL EVALUATION OF THE ROOT BARK OF PLUMERIA ACUTIFOLIA POIR.,,,,,
DEVELOPMENT AND VALIDATION OF HPTLC DENSITOMETRIC METHOD FOR ESTIMATION OF CHARANTIN IN MOMORDICA CHARANTIA FRUITS AND HERBAL FORMULATION,,,,,
FUNCTIONAL GROUP ANALYSIS OF CLEOME VISCOSA L. AND C. BURMANNI W. & A. (CLEOMACEAE) EXTRACTS BY FT-IR,,,,,
ANALYSIS OF THE ESSENTIAL OIL COMPONENTS FROM DIFFERENT CARUM COPTICUM L. SAMPLES FROM IRAN,,,,,
PHYTOCHEMICAL ANALYSIS OF CARALLUMA NILAGIRIANA USING GC - MS.,,,,,
SPECTRAL ANALYSIS OF METHANOL EXTRACT OF CISSUS QUADRANGULARIS L. STEM AND ITS FRACTIONS,,,,,
RAPD ANALYSIS IN ANDROGRAPHIS PANICULATA (BURM.F.) NESS PLANT TYPES,,,,,
VOLATILE OIL COMPOSITION OF ROSA DAMASCENA MILL. (ROSACEAE),,,,,
PHARMACOGNOSTIC EVALUATION OF WRIGHTIA ARBOREA (DEBSST.) MABB.,,,,,
PHYTOCHEMICAL INVESTIGATION AND CORRELATION STUDY OF CROTON BONPLANDIANUS BAILL. STEM,"Somit Dutta, Priyankar Dey, Tapas Kumar Chaudhuri.",Journal of Pharmacognosy and Phytochemistry,2014,3,1
PHARMACOGNOSTIC EVALUATION AND PRELIMINARY PHYTO-CHEMICAL SCREENING OF THE DRIED POWDER OF STEM BARK OF MIMUSOPS ELENGI LINN. AND LEAF OF JASMINUM SAMBAC AIT.,,,,,
EVALUATION OF STABILITY STUDY OF AYURVEDIC FORMULATION - RASAYANA CHURNA,,,,,
"DEVELOPMENT AND VALIDATION OF A HIGH PERFORMANCE THIN LAYER CHROMATOGRAPHIC METHOD FOR DETERMINATION OF 1, 8-CINEOLE IN CALLISTEMON CITRINUS",,,,,
PRELIMINARY PHYTOCHEMICAL INVESTIGATIONS OF BLEPHARIS MADERASPATENSIS (L.) HEYNE EX ROTH. AND BLEPHARIS MOLLUGINIFOLIA PERS. WHOLE PLANT,,,,,
PHYTOCHEMICAL ANALYSIS OF A FOLKLORE MEDICINAL PLANT CITRULLUS COLOCYNTHIS L (BITTER APPLE),,,,,
SIMPLE AND RAPID METHODS TO IDENTIFY THE BOTANICAL SOURCE OF SOUTH INDIAN SHANKHAPUSHPI IN MEDHYA RASAYANA TABLET - A NOVEL AYURVEDIC COMPOUND NOOTROPIC DRUG,,,,,
PHYSICO-CHEMICAL ANALYSIS OF CRUDE TUTTHA AND TUTTHA BHASMA PREPARED THROUGH THREE DIFFERENT PROCEDURES,,,,,
STANDARDIZATION OF SAHACHARADI TAILA - A COMPOUND FORMULATION USED IN MEDICATED ENEMA THERAPY (BASTI KARMA),,,,,
CONSTITUENTS OF ARTEMISIA INDICA WILLD. FROM UTTARAKHAND HIMALAYA: A SOURCE OF DAVANONE,,,,,
A SURVEY ON PITTA PRAKOPA IN SHARAD RITU,"1. S.N. Ravish, 2. M.B. Kavita, 3. K.J. Mallika.",International Journal of Research in Ayurveda and Pharmacy,2014,5,2
COMPARATIVE STUDY OF ANCIENT TEXTUAL AND PRESENT ETIOLOGICAL FACTORS IN PSYCHOSOMATIC DISORDERS,,,,,
METHOD OF EXTRACTION AND DETERMINATION OF FORSKOLIN FROM COLEUS FORSKOLII OF NEPAL,,,,,
ANALYSIS OF THE ESSENTIAL OIL FROM THE LEAVES OF WRIGHTIA TINCTORIA R. BR. FROM SOUTH INDIA,,,,,
"NEW PHENOLIC, TRITERPENIC AND STEROIDAL CONSTITUENTS FROM THE FRUITS OF CUMINUM CYMINUM L.",,,,,
ESTIMATION OF STARCH EXTRACTED FROM DIFFERENT DIAMETER THICKNESS STEM OF GILOE (TINOSPORA CORDIFOLIA WILLD MIERS),,,,,
PHARMACOGNOSTIC INVESTIGATION ON LEAVES OF CITRUS MAXIMA (BURM.) MERR. (RUTACEAE),,,,,
PHARMACEUTICAL STANDARDIZATION OF HERBAL LOZENGES VASA CANDY,,,,,
PHARMACOGNOSTICAL STUDIES OF GUIDONIA TOMENTOSA,,,,,
STEM ANATOMY OF PERSICARIA MILL. (POLYGONACEAE),,,,,
PHARMACOLOGICAL AND PHYTOCHEMICAL PROPERTIES OF AMARANTHUS (AMARANTHACEAE),"Dilip Kumar Sharma, Nandini Sharma, Rajni Jain,Vinod Kr. Jain.",Indian Journal of Plant Sciences,2013,2,3
NUTRITIVE VALUE OF LEAVES IN DIFFERENT GENOTYPES OF CASTOR (RICINUS COMMUNIS L.),,,,,
BALANITES ROXBURGHII: PHYSICO-CHEMICAL PROPERTIES AND COMPOSITION OF FATTY ACID FROM ARID ZONE OF RAJASTHAN,,,,,
A REVIEW ON CISSUS QUADRANGULARIS AND EVALUATION OF ITS IN- VITRO ANTHELMINTIC ACTIVITY,,,,,
STANDARDIZATION AND QUALITY CONTROL PARAMETERS OF SHILADHATRI TABLET: AN AYURVEDIC PROPRIETARY HERBOMINERAL PREPARATION,,,,,
PHYTO-CONSTITUENTS BIOEFFICACY AND PHYTOPHARMACOLOGICAL ACTIVITIES OF TERMINALIA CHEBULA - A REVIEW,,,,,
THE EFFECT OF HEATING ON THE PHYSICOCHEMICAL AND QUALITY CHARACTERISTICS OF GRAPE SEED OIL,,,,,
PRELIMINARY PHYTOCHEMICAL SCREENING OF LEAVES EXTRACTS OF TERMINALIA CATAPPA,,,,,
PHARMACOGNOSTICAL STUDIES OF LEAVES OF COMBRETUM ALBIDUM G. DON,,,,,
EXTRACT OF WHITE BUTTON MUSHROOM (AGARICUS BISPORUS) FOR BIO-MEDICINAL MOLECULES,,,,,
PAPAYA (CARICA PAPAYA): SOURCE MATERIAL FOR ANTICANCER,"Sheikh Fauziya, R Krishnamurthy.",CIBTech Journal of Pharmaceutical Sciences,2013,2,1
PHARMACOGNOSTIC EVALUATION OF ACHYRANTHES ASPERA LINN. WHOLE PLANT,,,,,
STABILITY ANALYSIS IN SOME ASHWAGANDHA WITHANIA SOMNIFERA (L.) DUNAL GENOTYPES,,,,,
COMPARATIVE PHARMACOGNOSTICAL STUDIES OF TERMINALIA ARJUNA USED IN AYURVEDIC DRUG ARJUNA WITH ITS ADULTERANT KAVALAMA URENS,,,,,
"COMPARATIVE AMINO ACID PROFILING OF PTEROCARPUS SANTALINUS AND BOSWELIA OVALIFOLIOLATA BARKS OF TIRUMALA HILLS, EASTERN GHATS, ANDHRA PRADESH",,,,,
YIELD AND PHYTOCHEMICAL EVALUATION OF WILD AND CULTIVATED SAMPLES OF ASHWAGANDHA,,,,,
PHARMACOGNOSTIC STUDIES OF THE SEED OF SYZYGIUM CUMINI LINN,,,,,
PHARMACOGNOSTICAL AND PHYSICOCHEMICAL ANALYSIS OF DRAKSHADI GHRITA - AN AYURVEDIC POLYHERBAL FORMULATION,,,,,
COMPARATIVE PHARMACEUTICAL STANDARDIZATION OF NAGA BHASMA (INCINERATED LEAD) PREPARED BY TWO DIFFERENT METHODS,,,,,
A REVIEW ON MEDICINAL PLANTS HAVING ANTIOXIDANT POTENTIAL,,,,,
A REVIEW ON GLORIOSA SUPERBA L AS A MEDICINAL PLANT,"1. D. Kavithamani, 1. M. Umadevi, 2. S. Geetha.",Indian Journal of Research in Pharmacy and Biotechnology,2013,1,4
PHARMACOGNOSTIC STUDIES AND CHROMATOGRAPHIC ANALYSIS OF THE GUM OF ANACARDIUM OCCIDENTALE L (ANACARDIACEAE),,,,,
ANALYTICAL STUDY OF TUVARAKA BEEJA TAILA,,,,,
ISOLATION OF CDNA ENCODING PHYTOENE SYNTHASE (CRTB) IN CARROT (DAUCUS CAROTA L. SSP. SATIVUS),,,,,
EVALUATION OF AN AYURVEDIC FORMULATION APAMARGAKSHARA,,,,,
PHYSICO-CHEMICAL STUDY OF VAIKRANTA BHASMA,,,,,
FORMULATION AND EVALUATION OF HERBAL ANTI-DANDRUFF SHAMPOO,,,,,
THE MORPHOLOGICAL MARKERS OF DIFFERENT PHENOTYPES ECHINACEA PURPUREA,,,,,
POTENTIAL ROLE OF TINOSPORA CORDIFOLIA IN PHARMACEUTICALS,,,,,
"PHARMACOGNOSTICAL, PRELIMINARY PHYTOCHEMICAL STUDIES AND ANALGESIC ACTIVITY OF AMOMUM SUBULATUM ROXB",,,,,
PRELIMINARY PHYTOCHEMICAL AND TOXICITY STUDIES OF OENOTHERA BIENNIS,"S. Lakshman, B. Asha Jyothi, V. Mounica, M. Shasidhar, D. Rahamthulla, A. Ravi Kumar.",Indian Journal of Research in Pharmacy and Biotechnology,2014,2,2
COMPARATIVE PHARMACOGNOSY OF PASHANBHED,,,,,
PHYTOCHEMICAL AND PHARMACOLOGICAL STUDIES ON WHOLE PLANT OF ASYSTASIA GANGETICA,,,,,
SYNTHESIS OF SILVER NANOPARTICLES FROM PHYLLANTHUS RETICULATUS: AN INVESTIGATION ON THE EFFECT OF BROTH (LEAVES AND ROOT) CONCENTRATION IN REDUCTION MECHANISM AND PARTICLE SIZE,,,,,
COMPARATIVE PHARMACOGNOSTICAL EVALUATION OF SOME IMPORTANT PHYLANTHUS HERBACEOUS COMPLEX,,,,,
"PHYTOCHEMICAL ANALYSIS OF ETHANOLIC EXTRACT OF DICHROSTACHYS CINEREA W AND ARN LEAVES BY A THIN LAYER CHROMATOGRAPHY, HIGH PERFORMANCE THIN LAYER CHROMATOGRAPHY AND COLUMN CHROMATOGRAPHY",,,,,
DETAILED PHARMACOGNOSTICAL STUDIES ON BERBERIS ARISTATA DC PLANT,,,,,
CHEMICAL COMPOSITION AND BIOACTIVE POTENTIAL OF ESSENTIAL OILS OF RHIZOMES OF ZINGIBER CAPITATUM ROXB,,,,,
DNA EXTRACTION OPTIMIZATION IN SORGHUM SORGHUM BICOLOR L. MOENCH FOR MARKER ANALYSIS,,,,,
PHARMACOGNOSTICAL AND PHYTOCHEMICAL EVALUATION OF THE LEAVES OF ZIZIPHUS XYLOPYRUS (RETZ) WILLD,,,,,
SIGNIFICANCE OF GINGERS (ZINGIBERACEAE) IN INDIAN SYSTEM OF MEDICINE - AYURVEDA: AN OVERVIEW,"Konickal Mambetta Prabhu Kumar, Gopinathan Ramanikutty Asish, 1. Mamiyil Sabu, Indira Balachandran.",Ancient Science of Life,2013,32,4
PHARMACOGNOSTICAL INVESTIGATIONS ON STEM OF BIOPHYTUM INTERMEDIUM WIGHT,,,,,
PRELIMINARY AND PHARMACOLOGICAL PROFILE OF MELIA AZEDARACH L.: AN OVERVIEW,,,,,
IN VITRO REGENERATION AND QUANTIFICATION OF ALIZARIN IN RUBIA CORDIFOLIA,,,,,
PHYTOCHEMICAL SCREENING AND BIOLOGICAL ATIVITIES OF IMPATIENS BALSAMINA. L SEEDS,,,,,
PHARMACOGNOSTIC STUDIES ON THE SELECTED PARTS OF STRYCHNOS POTATORUM L.F.,,,,,
PHARMACOGNOSTIC STUDIES OF DIFFERENT PARTS OF CRATEVA MAGNA (LOUR.) DC,,,,,
"FORMULATION, DEVELOPMENT AND EVALUATION OF ARTEMISIA PALLENS (DAVANA) OIL BASED TOPICAL MICROEMULSION",,,,,
ESSENTIAL OIL COMPOSITION OF BAUHINIA VARIEGATA L. FLOWERS,,,,,
"CHEMICAL AND BIOLOGICAL EVALUATION OF PUNARNAVASAVA, A POLYHERBAL AYURVEDIC FORMULATION",,,,,
HISTOCHEMICAL STUDIES OF SVENSONIA HYDEROBADENSIS (WALP.) MOLD - A RARE MEDICINAL PLANT TAXON,"M. Linga Rao, N. Savithramma.",World Journal of Pharmacy and Pharmaceutical Sciences,2013,2,5
PHYSIOLOGICAL AND BIOCHEMICAL CHARACTERIZATION OF SENNA ALATA (L.) ROXB. LEAF EXTRACT - A PLANT BASED FUNGICIDE AGAINST ALTERNARIA LEAF SPOT IN SESAME,,,,,
OPTIMIZATION OF BIOMASS YIELD AND ASIATICOSIDE ACCUMULATION IN THE CALLUS CULTURES FROM THE LEAVES OF CENTELLA ASIATICA (L). URBAN,,,,,
"PRELIMINARY PHYTOCHEMICAL STUDIES ON LEAVES OF VITEX SPECIES (VERBENACEAE), USED BY THE LOCAL ADIVASI COMMUNITIES OF ANDHRA PRADESH",,,,,
PREPARATION OF ANTARDHUMA RASASINDURA RED SULPHIDE OF MERCUR BY ADHASEKATA YANTRA VIS-A-VIS TRADITIONAL METHOD,,,,,
SCANNING ELECTRON AND LIGHT MICROSCOPIC CHARACTERS RELATED WITH TAXONOMIC TREATMENT OF THE MEDICINAL PLANT POGOSTEMON BENGHALENSIS (BURM.F.) KUNTZE IN COMPARISON TO PACHOULI (LAMIACEAE),,,,,
PRELIMINARY PHYTOCHEMICAL SCREENING OF THE VARIOUS EXTRACTS OF ROTULA AQUATICA LOUR.,,,,,
ISOLATION AND CHARACTERIZATION OF BIOACTIVE PHYTOCONSTITUENT FROM THE LEAVES OF CASSIA AURICULATA,,,,,
PHARMACOGNOSTICAL EVALUATION OF BIJAPURA (CITRUS MEDICA LINN.) LEAVES,,,,,
PHARMACOGNOSTICAL AND PHARMACEUTICAL ANALYSIS OF SHATAPUSHPADYA CHURNA,,,,,
HPTLC ANALYSIS OF THE ROOTS OF TAVERNIERA CUNEIFOLIA (ROTH) ALI,"1. Poonam Mangalorkar, 2. Sunita Shailajan,1. Padamnabhi Nagar.",Journal of Pharmaceutical and Scientific Innovation,2014,3,2
ANALYSIS OF THE MERCURY IN COMMONLY USED MEDICINAL PLANTS,,,,,
PHYTOCHEMICAL SCREENING IN LEAF EXTRACTS OF CASSIA ANGUSTIFOLIA (Vahl) GROWN IN DIFFERENT SOIL TREATMENTS,,,,,
ESTIMATION OF TOTAL PHENOLIC AND FLAVONOID CONTENT OF POLYHERBAL FORMULATION DASHANG LEPA,,,,,
PHARMACOGNOSTICAL AND PHARMACEUTICAL EVALUATION OF SHVETA PALANDU SWARASA BHAVITA YAVANI VATI,,,,,
INTERACTION BETWEEN HEMIPARASITIC- DENDROPHTHOE FALCATA (L.) ETTING. ON MANGIFERA INDICA LINN. - SOME OBSERVATIONS,,,,,
OXIDATIVE STABILISATION OF ANCHOVY (ENGRAULIS ENCRASICOLUS) OIL WITH POMEGRANATE (PUNICA GRANATUM) SEED EXTRACT,,,,,
"ZINC ESTIMATION IN HERBAL FORMULATIONS, BY COMPLEXOMETRIC METHOD: AN ALTERNATIVE TO ATOMIC ABSORPTION SPECTROMETRY",,,,,
"DESIGN, DEVELOPMENT AND EVALUATION OF CURCUMIN LIPOSOMES",,,,,
PHYSICOCHEMICAL PROPERTIES OF AGED SOYBEAN COMPONENTS,,,,,
STANDARDIZATION OF ABHYARISHTA AS PER WHO GUIDELINES,"Shreyansh S. Mutha, Veena S. Kasture, Seema A. Gosavi, Rasika D Bhalke., Sarita S. Pawar.",World Journal of Pharmacy and Pharmaceutical Sciences,2014,3,1
FORMULATION & EVALUATION OF TOPICAL ANTIBACTERIAL HERBAL GEL OF CORIANDER AND EUCALYPTUS OIL,,,,,
"MORPHOLOGICAL, MICROSCOPIC AND CHEMICAL COMPARISON BETWEEN NIGELLA SATIVA L. CV (BLACK CUMIN) AND NIGELLA DAMASCENA L. CV",,,,,
EFFECTS OF FREE LIPID ENRICHMENT ON THE QUALITY FACTORS OF WHEAT FLOUR,,,,,
QUANTITATIVE PHYTOCHEMICAL ANALYSIS OF OXALIS CORNICULATA L. (OXALIDACEAE),,,,,
PHYTOCHEMICAL SCREENING OF VARIOUS ETHANOLIC SEED EXTRACTS,,,,,
BIOSYNTHESIS OF GOLD NANOPARTICLES USING PIPER NIGURM AND THEIR ANTIBACTERIAL ACTIVITY,,,,,
FT-IR AND GC-MS DETERMINATION OF BIOACTIVE CONSTITUENTS OF ALOE BARBADENSIS MILLER (LILIACAE).,,,,,
EVALUATION OF PHYSICOCHEMICAL AND PYTOCHEMICAL STUDY OF POLYHERBAL FORMULATION,,,,,
NUTRITIONAL AND FUNCTIONAL PROPERTIES OF TAMARINDUS INDICA PULP AND ZIZYPHUS SPINA- CHRISTI FRUIT AND SEED,,,,,
PHARMACEUTICO ANALYTICAL STUDY OF BAHIRDHUM AND ANTARDHUM SAMEERPANNAG RASA,"1. Dr. Rajesh Dhaked, 2. Dr. Mahendra Singh, 3. Dr. Richa Singh, 4. Dr. Siddaram Arawatti.",World Journal of Pharmacy and Pharmaceutical Sciences,2014,3,1
PHARMACOGNOSTIC STANDARDIZATION AND HPTLC FINGERPRINT OF CRATAEVA TAPIA L. SEEDS,,,,,
PHYSICO-CHEMICAL STUDY OF ARSENIC TRIOXIDE (SOMAL) BEFORE AND AFTER DETOXIFICATION (SHODHAN),,,,,
ACCUMULATION OF ANTIOXIDATIVE VITAMINS AND MINERALS IN SEEDS OF OIL PUMPKIN (CUCURBITA PEPO L. VAR. STYRIACA) CULTIVARS,,,,,
PHYTOPARMACOGNOSTICAL AND ANATOMICAL STUDIES MOMORDICA DIOICA ROXB. (CUCURBITACEAE) LEAF,,,,,
MOLECULAR PHYLOGENY OF PTEROCARPUS MARSUPIUM AND PTEROCARPUS SANTALINUS,,,,,
DEVELOPMENT OF POLYHERBAL ANTIMALARIAL FORMULATION,,,,,
CHEMICAL CHARECTERIZATION OF VOLATILE OIL COMPONENTS OF CITRUS RETICULATA BY GC-MS ANALYSIS,,,,,
ALOE VERA: A PLANT FOR MANY USES,,,,,
EFFECT OF ACETYL SALICYLIC ACID ON FATTY ACID COMPOSITION OF GROUNDNUT (ARACHIS HYPOGAEA L.) SEEDS,,,,,
"A BRIEF STUDY ON PHYTOCHEMICAL COMPOUNDS PRESENT IN COCCINIA CORDIFOLIA FOR THEIR MEDICINAL, PHARMACOLOGICAL AND INDUSTRIAL APPLICATIONS","Sanskriti Gautam, Anju Meshram, Nidhi Srivastava.",World Journal of Pharmacy and Pharmaceutical Sciences,2014,3,2
PHARMACOGNOSTICAL AND QUALITY CONTROL PARAMETERS OF ORIGANUM MAJORANA LINN. STEM AND ROOT.,,,,,
THE EFFECTS OF MODIFIED ATMOSPHERE PACKAGING AND STORAGE TEMPERATURE ON QUALITY AND BIOCHEMICAL PROPERTIES OF DILL (ANETHUM GRAVEOLENS) LEAVES,,,,,
ACCEPTABILITY AND ANTIOXIDANT PROPERTIES OF A SEMI-DRIED AND SMOKED TOMATO PRODUCT,,,,,
RP- HPLC FOR THE DETECTION OF FLAVONOIDS IN THE METHANOL EXTRACT OF DOLICHANDRONE ATROVIRENS SPRGUE BARK,,,,,
"PROXIMATE ANALYSIS AND PHYSICO-CHEMICAL PROPERTIES OF SOME LEGUMINOUS SEEDS (MUCUNA VERACRUZ WHITE, MUCUNA PRUNIENS UTILIS AND MUCUNA RAJADA)",,,,,
QUALITATIVE AND PHYSIOLOGICAL RESPONSE OF MINIMALLY PROCESSED GARDEN CRESS (LEPIDIUM SATIVUM L.) TO HARVEST HANDLING AND STORAGE CONDITIONS,,,,,
"DEFLUORIDIZATION USING A NATURAL ADSORBENT, CISSUS QUADRANGULARIS",,,,,
"PHARMACOGNOSTICAL STUDIES ON THE TUBER OF BRACHYSTELMA EDULIS COLL. AND HELMSL. - AN ENDEMIC TO PENINSULAR, INDIA.",,,,,
STEM BARK OF MANILKARA HEXANDRA (ROXB.) DUBARD - PHARMACOGNOSY,,,,,
"EVALUATION OF PHARMACOGNOSTIC, PHYSICOCHEMICAL STUDIES AND HEAVY METAL ANALYSIS OF MEDICINAL PLANT SOLANUM ERIANTHUM D. DON","1. J.Sirajudeen, 2. J.Muneer Ahamath.",World Journal of Pharmacy and Pharmaceutical Sciences,2014,3,5
A STUDY ON PHYTOCHEMICAL AND CHROMOTOGRAPHIC ASSAY ON TRAGIA INVOLUCRATA,,,,,
GREEN SYNTHESIS OF SILVER NANOPARTICLES BY COCCINIA GRANDIS FLOWER EXTRACT,,,,,
PHYTOCHEMICAL ANALYSIS AND ANTIMICROBIAL ACTIVITY OF GALLS OF PISTACIA INTEGERRIMA STEW EX. BRAND,,,,,
ISOLATION AND CHARACTERIZATION OF NOVEL COMPOUNDS FROM FRUITS OF ZANTHOXYLUM LIMONELLA,,,,,
EFFECTS OF OLIVE PHENOLICS ON OXIDATIVE STABILITY OF SUNFLOWER OIL,,,,,
GCMS ANALYSIS OF BIOACTIVE CONSTITUENTS,,,,,
SYNTHESIS AND CHARACTERIZATION OF FATTY ACID,,,,,
PHARMACOGNOSTIC EVALUATION OF PIPPALI MULA (ROOT OF PIPER LONGUM LINN.) W.S.R. TO MICROMETRIC AND ISOLATION TECHNIQUES,,,,,
PHARMACOLOGICAL CHARACTERIZATION AND BENEFICIAL USES OF PUNICA GRANATUM,,,,,
EFFECT OF LANTANA MANURES ON NUTRIENT CONTENT OF FENUGREEK (TRIGONELLA - FOENUM GRAECUM L.).,"Sangita Ghadge,1. Bharati Jadhav.",Bioscience Discovery,2013,4,2
AMOMUM SUBULATUM ROXB: A CRITICAL REVIEW OF PHARMACOLOGICAL AND PHYTOCHEMICAL DATA,,,,,
OCIMUM SANCTUM LINN: A REVIEW ON PHYTOPHARMACOLOGY AND THERAPEUTIC POTENTIAL OF TULSI,,,,,
COMPARATIVE PHARMACOGNOSTICAL EVALUATION OF ROOTS OF FOUR RAUWOLFIA SPECIES,,,,,
REVERSED-PHASE HIGH-PERFORMANCE LIQUID CHROMATOGRAPHY METHOD FOR ANALYSIS OF CURCUMINOIDS AND CURCUMINOID-LOADED LIPOSOME FORMULATION,,,,,
DEVELOPMENT AND VALIDATION OF HIGH-PERFORMANCE THIN LAYER CHROMATOGRAPHIC METHOD FOR URSOLIC ACID IN MALUS DOMESTICA PEEL,,,,,
A VALIDATED HIGH-PERFORMANCE LIQUID CHROMATOGRAHY METHOD FOR ESTIMATION OF FERULIC ACID IN ASAFOETIDA AND POLYHERBAL PREPARATION,,,,,
COMPOSITION OF ESSENTIAL OIL AND PHENOLIC COMPOUNDS OF THE ANTI-ULCEROGENIC HERB TEA,,,,,
COMPARATIVE PRIMARY PHYTO AND PHYSICO-CHEMICAL PROPERTIES OF PHELLINUS SPP,,,,,
COMPARATIVE STUDIES ON PHYSICOCHEMICAL PROPERTIES AND GC ANALYSIS OF FATTY OIL OF THE TWO VARIETIES OF THE MYRISTICA FRAGRANS HOUTT (NUTMEG) SEED,,,,,
IN VITRO CALLUS CULTURE IN RAUVOLFIA TETRAPHYLLA L.: INDOLE ALKALOID PRODUCTION,"1. S. Anitha, 2. B.D. Ranjitha Kumari.",Asian Journal of Plant Sciences,2013,12,1
"QUALITY PARAMETERS, FATTY ACID PROFILING AND ESTIMATION OF UMBELLIFERONE IN GRAHANIMIHIRA TAILAM: AN AYURVEDIC OIL PREPARATION",,,,,
"EVALUATION OF PROXIMATE AND MINERAL COMPOSITION OF WILD EDIBLE LEAVES, TRADITIONALLY USED BY THE LOCAL PEOPLE OF MEGHALAYA STATE IN INDIA",,,,,
ANALYTICAL STUDY OF BALAASHWAGANDHA TAILA,,,,,
PHARMACOGNOSTICAL EVALUATION OF CARDIOSPERMUM HALICACABUM LINN. LEAF AND STEM,,,,,
PHARMACOGNOSTICAL EVALUATION ON TANNIN CONTENT IN HARITAKI LEAVES (TERMINALIA CHEBULA RETZ. -COMBRETACEAE) BEFORE AND AFTER FLOWERING-FRUITING,,,,,
SCIENTIFIC INSIGHTS IN THE PREPARATION AND CHARACTERISATION OF A LEAD-BASED NAGA BHASMA,,,,,
VALIDATION OF STANDARD MANUFACTURING PROCEDURE OF GUDUCISATTVA (AQUEOUS EXTRACT OF TINOSPORA CORDIFOLIA (WILLD.) MIERS) AND ITS TABLETS,,,,,
"HERBAL FORMULATIONS USED IN TREATMENT OF KIDNEY STONE BY NATIVE FOLKLORE OF NIZAMABAD DISTRICT, ANDHRA PRADESH, INDIA",,,,,
PHARMACOGNOSTIC AND PHYTOCHEMICAL INVESTIGATION OF THE LEAVES OF MALVASTRUM COROMANDELIANUM (L.) GARCKE,,,,,
FABRICATION AND EVALUATION OF CURCUMIN-LOADED NANOPARTICLES BASED ON SOLID LIPID AS A NEW TYPE OF COLLOIDAL DRUG DELIVERY SYSTEM,"J. CHEN, W. T. DAI, Z. M. HE, L. GAO, 1. X. HUANG, 1. J. M. GONG, H. Y. XING, 1. W. D. CHEN.",Indian Journal of Pharmaceutical Sciences,2013,75,2
DEVELOPMENT AND VALIDATION OF HPTLC METHOD FOR DETERMINATION OF 6-GINGEROL IN SOFT GELATIN CAPSULE CONTAINING GINGER OLEORESIN,,,,,
A PRELIMINARY PHYTOCHEMICAL AND HPTLC STUDY OF COTTON SEED (GOSSYPIUM HERBACEUM LINN.),,,,,
NUTRITIONAL POTENTIAL OF FICUS RACEMOSA L. FRUITS,,,,,
"MINERAL CONTENTS, FABACEOUS PLANT SPECIES, RAJASTHAN DESERT",,,,,
GC-MS AND MOLECULAR DOCKING STUDIES FOR IDENTIFICATION OF NOVEL MOSQUITO REPELLENT COMPOUNDS IN OCIMUM TENUIFLORUM VAR. CIM-AYU,,,,,
FORMULATION AND EVALUATION OF ALSTONIA BOONEI STEM BARK POWDER TABLETS,,,,,
SIMULTANEOUS ANALYSIS AND QUANTIFICATION OF MARKERS OF MANJISTHADI CHURNA USING HIGH PERFORMANCE THIN LAYER CHROMATOGRAPHY,,,,,
DETERMINATION OF STEROIDAL SAPONINS AND FIXED OIL CONTENT IN FENUGREEK (TRIGONELLA FOENUM-GRAECUM) GENOTYPES,,,,,
DETAIL PHYTOCHEMICAL STUDY OF APHANAMIXIS POLYSTACHYA (WALL) PARKER,,,,,
PHYSICOCHEMICAL AND PHYTOCHEMICAL EVALUATION OF AMARANTHUS CAUDATUS.,"GP. Viswa Preeth, Merina Paul Das.","Research Journal of Pharmaceutical, Biological and Chemical Sciences",2014,5,4
"BIOACTIVE AND NUTRACEUTICAL COMPOUND MANIPULATION IN HIBISCUS SABDARIFFA L. LEAVES: A COMMON UNDERSHRUB CONSUMED BY THE BODO TRIBES OF BTC, ASSAM, INDIA",,,,,
EXTRACTION OF TUVARAKA BEEJA TAILA,,,,,
DOCOSAHEXAENOIC ACID CONTENT IS SIGNIFI CANTLY HIGHER IN GHRITA PREPARED BY TRADITIONAL AYURVEDIC METHOD,,,,,
"PHYTOCHEMICAL SCREENING, ESTIMATION OF TOTAL PHENOL AND FLAVONOID CONTENT OF THE LEAVES OF SMILAX PERFOLIATA LOUR.",,,,,
PHYTOCHEMICAL SCREENING OF SOME TRADITIONAL MEDICINAL PLANTS.,,,,,
ANALYTICAL STUDY OF VANGA BHASMA,,,,,
DEVELOPMENT AND VALIDATION OF HPTLC METHOD FOR DETERMINATION OF VASICINE IN POLYHERBAL COUGH SYRUP,,,,,
STANDARD MANUFACTURING PROCEDURE OF CHATUSH-SHASHTI- PRAHARI PIPPALI CHURNA PREPARED BY DIFFERENT METHODS,,,,,
FORMULATION DEVELOPMENT AND PRELIMINARY PHYSICO-CHEMICAL CHARACTERIZATION OF KUSHTHA TAILA,,,,,
PHARMACOGNOSTIC AND PHYTOCHEMICAL EVALUATION OF FRUIT PULP OF TAMARINDUS INDICA LINN.,"1. Kalpesh Panara, 2. CR. Harisha, 3. VJ.Shukla.",International Journal of Ayurvedic Medicine,2014,5,1
SIGNIFICANCE OF STANDARD OPERATING PROCEDURE IN SAFETY PROFILE OF RASAUSHADHIES WITH SPECIAL REFERENCE TO KUPILU SHODHAN,,,,,
PHARMACOGNOSTICAL AND PHYSICOCHEMICAL EVALUATION OF CHITRAKA HARITAKI AVALEHA: A COMPOUND AYURVEDIC FORMULATION,,,,,
PRELIMINARY PHYTOCHEMICAL ANALYSIS OF AMARANTHUS POLYGONOIDES.,,,,,
PREPARATION AND PHYTOCHEMICAL EVALUATION OF NAVAKARSHIKA KASHAYA AND ITS GHANA,,,,,
USE OF KARANJ OIL (PONGAMIA GLABRA) IN TOPICAL FORMULATION.,,,,,
PHARMACOGNOSTIC STUDY AND PHYTOCHEMICAL INVESTIGATION OF LYCOPERSICON ESCULENTUM (TOMATO) FLOWER EXTRACTS.,,,,,
DEVELOPMENT AND EVALUATION OF POLYHERBAL FORMULATION FOR HAIR COLORANT,,,,,
ANATOMICAL STUDIES ON THE SEEDS OF ALTERNANTHERA SESSILIS LINN.,,,,,
A METHOD IN THE PREPARATION OF TEEKSHANA KSHARA AND IT'S PRACTICE IN HAEMORRHOIDS,,,,,
HPLC METHOD DEVELOPMENT FOR EMBELIN ESTERS DERIVATIVES,"1. Ayyavoo Kaliyan, 2. Vijay D Gangan, 1. Trupti Bamne.",International Research Journal of Pharmacy,2014,5,6
COMPARATIVE PHARMACOGNOSTICAL EVALUATION OF THREE SOURCE DRUGS OF TRIVRUT,,,,,
STANDARD MANUFACTURING PROCEDURE OF NAGA BHASMA BY USING ARKA DUGDHA (LATEX OF Calotropis procera),,,,,
A REVIEW ON MARINE ORIGINATED DRUG TRADITION IN AYURVEDA,,,,,
INGREDIENTS IDENTIFICATION AND QUALITY CONTROL EVALUATION OF SHWADANSHTRADI TAILA: AN AYURVEDIC FORMULATION,,,,,
"PHYSICOCHEMICAL EVALUATION, NUTRACEUTICAL COMPOSITION AND HPLC-UV FINGERPRINT OF HELICANTHUS ELASTICA (DESR.) DANSER (INDIAN MANGO MISTLETOE)",,,,,
ANALYTICAL AND CHEMICAL STANDARDISATION STUDIES ON TERMINALIA CATAPPA BARK,,,,,
MICROMORPHOLOGICAL AND HISTOCHEMICAL LOCALISATION STUDIES ON AERIAL PARTS OF CENTRATHERUM PUNCTATUM Cass. A TRADITIONAL DRUG SOURCE,,,,,
STUDIES ON PRELIMINARY PHYTOCHEMICAL SCREENING OF DIFFERENT EXTRACTS OF CENTRATHERUM PUNCTATUM Cass. - A TRADITIONAL WOUND HEALER,,,,,
CHEMICAL STANDARDIZATION STUDIES ON CAPPARIS SPINOSA L.,,,,,
QUALITY CONTROL STUDIES ON LUFFA ACUTANGULA L.,"2. S. ManikandaSelvi, 1. P. Brindha.",International Journal of Pharmacy and Pharmaceutical Sciences,2014,6,1
BOTANICAL STANDARDIZATION STUDIES ON TAMARINDUS INDICA-BARK,,,,,
CENTRATHERUM PUNCTATUM CASS. - A HERBAL DIETARY SUPPLEMENT IN THE MANAGEMENT OF CANCER,,,,,
QUALITY CONTROL STUDIES ON CHANDRAPRABHAVATI,,,,,
HERBAL NUTRACEUTICALS IN THE MANAGEMENT OF CANCER AND CHRONIC DISEASES-A SELECT STUDY,,,,,
PHYSICO-CHEMICAL PROFI LE OF PUGA KHANDA: A PRELIMINARY STUDY,,,,,
PROCESS STANDARDIZATION AND CHARACTERIZATION OF RAJATA SINDURA,,,,,
"QUALITY CONTROL EVALUATION OF KESHAMASI, KESHANJANA AND KESHAMASI EYE OINTMENT",,,,,
PHYTOCHEMICAL AND ANALYTICAL EVALUATION OF JYOTISHMATI (CELASTRUS PANICULATUS WILLD.) LEAF EXTRACTS,,,,,
COMPARATIVE EVALUATION OF ARKA LAVANA - AN AYURVEDIC HERBOMINERAL FORMULATION,,,,,
DETERMINATION OF BIOACTIVE COMPONENTS OF ASYSTATIA TRAVANCORICA BEDD (ACANTHACEAE) BY GC-MS ANALYSIS.,"1. T. Komalavalli, 2. M. Packia Lincy, 1. S.Muthukumarasamy, 2. V.R. Mohan.",International Journal of Pharmaceutical and Clinical Research,2014,6,2
ATOMIC ABSORPTION SPECTROSCOPIC DETERMINATION OF FEW MAJOR AND TRACE ELEMENTS IN NATURES FINEST MEDICINE (WHEATGRASS JUICE POWDER) TRITICUM AESTIVUM L. AND THEIR POSSIBLE CORRELATION WITH REPORTED THERAPEUTIC ACTIVITIES: PART-I,,,,,
DETERMINATION OF AFLATOXINS IN IRANIAN NUTS USING HPLC METHOD.,,,,,
STANDARDIZATION AND QUALITY EVALUATION OF CASSIA SURATTENSIS SEED EXTRACT.,,,,,
COMPARATIVE STUDY OF THE IN VITRO ANTIBACTERIAL ACTIVITY OF FRUIT EXTRACTS OF WILD (SMALL) AND BANARASI (BIG) VARIETIES OF EMBLICA OFFICINALIS GAERTN.,,,,,
DIVERSIFIED USES OF COW URINE,,,,,
ANALYSIS OF COW'S URINE FOR DETECTION OF LIPASE ACTIVITY AND ANTI-MICROBIAL PROPERTIES.,,,,,
SHATA-DHAUTA-GHRITA- A CASE STUDY,,,,,
TRIVIDHA SNEHAPAKA OF PANCHAGAVYA GHRITA: A CRITICAL COMPARATIVE EVALUATION,,,,,
MICROWAVE-ASSISTED EXTRACTION AND RAPID ISOLATION OF URSOLIC ACID FROM THE LEAVES OF EUCALYPTUSHYBRIDA MAIDEN AND ITS QUANTIFICATION USING HPLC-DIODE ARRAY TECHNIQUE,,,,,
MICROWAVE EXTRACTION AND RAPID ISOLATION OF ARJUNIC ACID FROM TERMINALIA ARJUNA (ROXB. EX DC.) STEM BARK AND QUANTIFICATION OF ARJUNIC ACID AND ARJUNOLIC ACID USING HPLC-PDA TECHNIQUE,"1. Subash Chandra Verma, 2. Chhoten Lal Jain, 1. Madan Mohan Padhi, 1. Ramesh Babu Devalla.",Journal of Separation science,2012,35,13
CHEMICAL ANALYSIS OF KASTURI,,,,,
STANDARDIZATION OF SHODHITA NAGA WITH SPECIAL REFERENCE TO THERMOGRAVIMETRY AND INFRA-RED SPECTROSCOPY,,,,,
PHARMACOGNOSTICAL AND PHYTOCHEMICAL EVALUATION OF AGASTYA HARITAKI RASAYANA - A COMPOUND AYURVEDIC FORMULATION,,,,,
"PHYTOCHEMICAL EVALUATION OF CHURNA OF VIDARI (PUERARIATUBEROSA, ROXB.)",,,,,
PHARMACOGNOSTICAL EVALUATION OF KUSHMANDA (BENINCASA HISPIDA (THUMB.) CONG) BEEJA,,,,,
PHARMACOGNOSTICAL STANDARDIZATION OF LEAVES OF PARNAYAVANI (COLEUS AMBOINICUS LOUR.),,,,,
MICROBIAL EVALUATION OF LIMNOPHILA RUGOSA ROTH. (MERR) LEAF,,,,,
SHELF-LIFE EVALUATION OF RASAYANA CHURNA: A PRELIMINARY STUDY,,,,,
MONITORING SEASONAL VARIATION OF EPICATECHIN AND GALLIC ACID IN THE BARK OF SARACA ASOCA USING REVERSE PHASE HIGH PERFORMANCE LIQUID CHROMATOGRAPHY (RP-HPLC) METHOD,,,,,
ROLE OF THIN-LAYER CHROMATOGRAPHY IN ASCERTAINING KASHAYA RASA (ASTRINGENT TASTE) IN MEDICINAL PLANTS ON THE CONCEPT OF SAMANA AND VICHITRA PRATYAYARABDHA PRINCIPLES OF AYURVEDA,"1. Rasika H Kolhe, 1. Rabinarayan Acharya, 2.Vinay J Shukla.",AYU,2014,35,2
GAS CHROMATOGRAPHY AND MASS SPECTROMETRIC ANALYSIS OF PADINA PAVONIA (L.) LAMOUR,,,,,
PHARMACOGNOSTIC EVALUATION OF WITHANIA COAGULANS DUNAL (SOLANACEAE) - AN IMPORTANT ETHNOMEDICINAL PLANT,,,,,
"SOME NEW REPORTS FOR THE FLORA OF YAVATMAL DISTRICT (M.S.), INDIA",,,,,
CRITICAL EVALUATION OF THE POTENT ANTIDIABETIC DRUG PLANT GYMNEMA SYLVESTRE (RETZ) R. BR. OF ASCLEPIDACEAE AND MERREMEIA DISSECTA (JACQUIN) HALLIER F. OF CONVOLVULACEAE,,,,,
PHARMACOGNOSTIC STUDY OF ADHATODA VASICA NEES,,,,,
ANTIFUNGAL ACTIVITY OF LEAF AND LATEX EXTRACTS OF CALOTROPIS PROCERA (AIT.) AGAINST DOMINANT SEED-BORNE STORAGE FUNGI OF SOME OIL SEEDS,,,,,
DOOSHIVISHARIAGADA - A HERBO-MINERAL COMPOUND AND ITS STANDARDIZATION,,,,,
DEVELOPMENT & EVALUATION OF HERBAL FAST DISSOLVING TABLET OF BAUHENIA VERIAGATA LINN,,,,,
DEVELOPMENT AND VALIDATION OF A RP-HPLC METHOD FOR THE SIMULTANEOUS DETERMINATION OF LUTEOLIN AND APIGENIN IN HERB OF ACHILLEA MILLEFOLIUM L.,,,,,
RESEARCH ON QUANTITATIVE CONTENT OF LECTINS IN PLANTS OF THE GERANIUM L. GENUS,"1. Lyubov Rybak, 2. Galina Rudik.",The Pharma Innovation,2013,2,6
ANTHOCYANINS PROFILING OF PRUNELLA VULGARIS L. GROWN IN UKRAINE,,,,,
EFFECT OF ELICITOR ON QUERCETIN PRODUCTION IN CELL CULTURES OF CITRULLUS COLOCYNTHIS (LINN.) SCHRAD,,,,,
RESEARCH PHENOLIC COMPOUNDS MALVA SYLVESTRIS BY HIGH PERFORMANCE LIQUID CHROMATOGRAPHY,,,,,
PRELIMINARY PHYTOCHEMICAL ANALYSIS OF LEAF AND BARK (MIXTURE) EXTRACT OF FICUS INFECTORIA PLANT,,,,,
MUCUNA NIVEA DC. A MEMBER OF FABACEAE: PRELIMINARY PHYTOCHEMICAL ANALYSIS,,,,,
SPECTROPHOTOMETRIC METHOD FOR SIMULTANEOUS ESTIMATION OF ORNIDAZOLE AND CURCUMIN IN PURE FORM,,,,,
FORMULATION DEVELOPMENT AND EVALUATION OF ANTIDIABETIC POLYHERBAL TABLET,,,,,
"MICROBIOLOGICAL, PHYSICOCHEMICAL ANALYSIS AND SENSORY EVALUATION OF HERBAL YOGURT",,,,,
RESEARCH OF COMPONENT COMPOSITION OF RUTA GRAVEOLENS L. HERB ESSENTIAL OIL,,,,,
RESEARCH OF THE AMINO ACID COMPOSITION OF AGRIMONIA EUPATORIA,"N. M. Huzio, A. R. Grytsyk.",The Pharma Innovation,2015,4,2
CRUDE DRUGS IDENTIFICATION: A CASE STUDY (PART-I).,,,,,
PHARMACOGNOSTICAL EVALUATION OF LEAF AND STEM OF LAUNAEA SARMENTOSA (WILLD.) SCHULTZ.-BIP.EX KUNTZE.,,,,,
"OXALATE CONTENT OF GREEN TEA OF DIFFERENT ORIGIN, QUALITY, PREPARATION AND TIME OF HARVEST",,,,,
ACCUMULATION AND TRENDS IN DISTRIBUTION OF THREE TRITERPENOIDS IN VARIOUS PARTS OF ACHYRANTHES COYNEI DETERMINED USING RP-UFLC ANALYSIS,,,,,
ORTHOGONAL TEST DESIGN FOR OPTIMIZING THE EXTRACTION OF TOTAL FLAVONOIDS FROM INULA HELENIUM,,,,,
STABILITY INDICATING STUDIES ON NMITLI 118RT(STANDARDIZED EXTRACT OF WITHANIA SOMNIFERA DUNAL),,,,,
PHARMACOLOGICAL INVESTIGATIONS OF ECLIPTA ALBA EXTRACT FRACTIONS (WHOLE PLANT),,,,,
MULTIPLE SHOOT REGENERATION AND EFFECT OF SUGARS ON GROWTH AND NITIDINE ACCUMULATION IN SHOOT CULTURES OF TODDALIA ASIATICA,,,,,
ASSAY METHOD FOR QUALITY CONTROL AND STABILITY STUDIES OF A NEW ANTI-DIABETIC AND ANTI-DYSLIPIDEMIC FLAVONE (S002-853),"1. Arshi Naqvi, 1. Anuja Pandey, 1. Varsha Gupta, 1. Richa Malasoni, 1. Akansha Srivastava, 1. Rishi Ranjan Pandey, 2.M Satyanarayana, 2. Ram Pratap, 1. Anil Kumar Dwivedi.",Pharmacognosy Magazine,2015,11,42
METHOD DEVELOPMENT AND VALIDATION FOR SIMULTANEOUS ESTIMATION OF QUERCETIN AND RUTIN IN BARK OF SARACA ASOCA AND HERBAL FORMULATION BY HPTLC,,,,,
PHYTOCHEMICAL AND HPTLC FINGERPRINT ANALYSIS OF TERMINALIA ARJUNA (ROXB) WIGHT & ARN. IN DIFFERENT SOLVENT EXTRACTS,,,,,
PHYTOCHEMICAL COMPOSITIONS OF VOLATILE OIL FROM BLUMEA BALSAMIFERA AND THEIR BIOLOGICAL ACTIVITIES,,,,,
THE FOLKLORE MEDICINAL ORCHIDS OF SIKKIM,,,,,
"RAPID, SENSITIVE, AND VALIDATED UPLC/Q-TOF-MS METHOD FOR QUANTITATIVE DETERMINATION OF VASICINE IN ADHATODA VASICA AND ITS IN VITRO CULTURE",,,,,
QUANTIFICATION OF ALLICIN BY HIGH PERFORMANCE LIQUID CHROMATOGRAPHY-ULTRAVIOLET ANALYSIS WITH EFFECT OF POSTULTRASONIC SOUND AND MICROWAVE RADIATION ON FRESH GARLIC CLOVES,,,,,
EVALUATION OF ANTIDIABETIC ACTIVITY OF TOMATO (SOLANUM LYCOPERSICUM) SEED EXTRACT,,,,,
USE OF BERGENIN AS AN ANALYTICAL MARKER FOR STANDARDIZATION OF THE POLYHERBAL FORMULATION CONTAINING SAXIFRAGA LIGULATA,,,,,
PHARMACEUTICAL STANDARDIZATION OF SVARNA VANGA,,,,,
PHARMACOGNOSTICAL AND PHYSIOCHEMICAL STUDY ON THE LEAVES OF ANNONA SQUAMOSA LINN.,"1. Pandey VK, 2. Giri IC, 3. Prakashdeep, 4. Singh S, 5. Srivastava A.",International Journal of Research in Pharmacy and Science,2014,4,2
PHARMACOGNOSTICAL CHARACTERIZATION ON THE LEAVES OF EUPHORBIA HIRTA,,,,,
"PHYSICO-CHEMICAL EVALUATION, PRELIMINARY PHYTOCHEMICAL INVESTIGATION AND MICROSCOPIC EVALUATION OF CITRUS MEDICA LINN. SEEDS",,,,,
PHYTOCHEMICAL STUDIES ON SEED AND LEAF EXTRACTS OF SOLANUM TORVUM SW,,,,,
DETERMINATION OF ARISTOLOCHIC ACID I CONCENTRATION IN THE FOUR SPECIES OF ARISTOLOCHIA USING HPLC,,,,,
"PRELIMINARY PHYTOCHEMICAL STUDIES OF LEAVES OF AZADIRCHTA INDICA, CASSIA FISTULA, EUCALYPTUS GLOBULUS AND BULBS OF ALLIUM SATIVUM",,,,,
COMPARATIVE PHYTOCHEMICAL STUDIES OF DIFFERENT SOLVENT EXTRACTS OF COMMELINA BENGALENESIS LINN.,,,,,
"PHYSICOCHEMICAL STANDARDIZATION, HPTLC PROFILING, AND BIOLOGICAL EVALUATION OF ASVAGANDHADYARISTA: A COMPARATIVE STUDY OF THREE FAMOUS COMMERCIAL BRANDS",,,,,
"QUANTIFICATION OF PERUVOSIDE (A CARDIOTONIC DRUG FOR CONGESTIVE HEART FAILURE) USING HPTLC FINGERPRINTING FROM WITHERED FLOWERS OF THEVETIA NERIIFOLIA, JUSS",,,,,
GC-MS STUDIES OF CLITORIA TERNATEA L. - A MEDICINALLY IMPORTANT PLANT,,,,,
GC-MS ANALYSIS OF METHANOL EXTRACT OF BUDS OF SYZYGIUM AROMATICUM,"C. Mercy Bastine, S. Mohanapriya, R. Caroline Jeba.",Indo American Journal of Pharmaceutical Research,2013,3,7
GAMMA AMINO BUTYRIC ACID ACCUMULATION IN MEDICINAL PLANTS WITHOUT STRESS,,,,,
ANATOMICAL INVESTIGATION OF FLOWER OF BUTEA MONOSPERMA LAM.,,,,,
PHYTOCHEMICAL INVESTIGATION OF NATURAL AND IN VITRO RAISED VRDDHADARUKA PLANTS,,,,,
PHARMACOGNOSTICAL EVALUATION OF CITRUS JAMBHIRI LUSH. FRUIT,,,,,
PHARMACOGNOSTIC EVALUATION OF STEM AND ROOT OF TAVERNIERA NUMMULARIA BAKER,,,,,
A PRELIMINARY PHARMACOGNOSTICAL AND PHARMACEUTICAL EVALUATION OF BALA CHATURBHADRA AVALEHA,,,,,
SYNTHESIS AND CHARACTERIZATION OF GUAR-GUM/ CLOISITE 30B NANOCOMPOSITE FOR CONTROLLED RELEASE OF ANTI-CANCER DRUG CURCUMIN,,,,,
DEVELOPMENT AND VALIDATION OF HPTLC METHOD FOR DETERMINATION OF ELLAGIC AND GALLIC ACID IN JAMBUL SEED (SYZYGIUM CUMINI),,,,,
FOURIER TRANSFORM INFRARED SPECTROSCOPY ANALYSIS OF ANISOMELES MALABARICA (LINN.),,,,,
"PRELIMINARY PHYTOCHEMICAL STUDIES ON LEAVES AND STEM OF COCCULUS HIRSUTUS, LINN.","Packialakshmi N, Fazila Beevi H.",Journal of Scientific Research in Pharmacy,2014,3,2
PHARMACOGNOSTIC AND PRELIMINARY PHYTOCHEMICAL SCREENING OF PLANT BRYONOPSIS LACINIOSA LINN. LEAVES,,,,,
COMPOSITION OF ESSENTIAL OIL FROM FRESH FLOWER OF CLOVE,,,,,
FORMULATION OF HIGHLY PURIFIED FENUGREEK GUM BASED SILICA LIPID DRUG DELIVERY SYSTEM FOR SIMVASTATIN WITH ENHANCED DISSOLUTION RATE AND IN VITRO CHARACTERIZATION,,,,,
SIMULTANEOUS ANALYSIS OF BIOACTIVE METABOLITES FROM ZIZIPHUS JUJUBA BY HPLC - DAD -ELSD-MS/MS.,,,,,
EVALUATION OF MUCOADHESIVE PROPERTY OF GUM GHATTI,,,,,
OPTIMIZED SUPERCRITICAL FLUID EXTRACTION AND EFFECT OF IONIC LIQUIDS ON PICROSIDE I AND PICROSIDE II RECOVERY FROM PICRORHIZA SCROPHULARIIFLORA RHIZOMES,,,,,
STRUCTURAL ELUCIDATION OF CHEMICAL CONSTITUENTS FROM BENINCASA HISPIDA SEEDS AND CARISSA CONGESTA ROOTS BY GAS CHROMATOGRAPHY: MASS SPECTROSCOPY,,,,,
NOVEL STRATEGIES FOR OPTIMIZED DELIVERY OF SELECT COMPONENTS OF ALLIUM SATIVUM,,,,,
"MINERALS SALT COMPOSITION AND SECONDARY METABOLITES OF EUPHORBIA HIRTA LINN., AN ANTIHYPERGLYCEMIC PLANT",,,,,
"CYCLOOLIVIL, A LIGNAN FROM THE ROOTS OF STEREOSPERMUM SUAVEOLENS","1. B Abdul wahab Sab, 2. Janani Jacob, 2. Gururaja Giligar Manjunath, 2. Vineet Kumar Singh, 2. Deepak Mundkinajeedu, 2. Shashidhara Shankarappa.",Pharmacognosy Research,2015,7,1
"ISOLATION, STRUCTURAL CHARACTERIZATION AND IN SILICO DRUG-LIKE PROPERTIES PREDICTION OF A NATURAL COMPOUND FROM THE ETHANOLIC EXTRACT OF CAYRATIA TRIFOLIA (L.)",,,,,
GC-MS ANALYSIS OF BIOACTIVE COMPOUNDS IN THE METHANOL EXTRACT OF CLERODENDRUM VISCOSUM LEAVES,,,,,
NUCLEOTIDE SEQUENCE OF PHASEOLUS VULGARIS L. ALCOHOL DEHYDROGENASE ENCODING CDNA AND THREE-DIMENSIONAL STRUCTURE PREDICTION OF THE DEDUCED PROTEIN,,,,,
"ANALYSIS OF COMMON BEAN (PHASEOLUS VULGARIS L., GENOTYPE BAT93) CALMODULIN CDNA USING COMPUTATIONAL TOOLS",,,,,
EXTRACTION AND ELEMENTAL ANALYSIS OF COLEUS FORSKOHLII EXTRACT,,,,,
PROTOCOL FOR IN VITRO CULTURE FROM LEAF AND NODAL EXPLANTS OF MUKIA MADERASPATANA (L.) M. ROEM. - AN IMPORTANT TRADITIONAL MEDICINAL CLIMBER,,,,,
DEVELOPMENT OF RESPONSE SURFACE METHODOLOGY FOR OPTIMIZATION OF EXTRACTION PARAMETERS AND QUANTITATIVE ESTIMATION OF EMBELIN FROM EMBELIA RIBES BURM BY HIGH PERFORMANCE LIQUID CHROMATOGRAPHY,,,,,
FRACTION AND CHEMICAL ANALYSIS OF ANTIOXIDANT ACTIVE POLYSACCHARIDE ISOLATED FROM FLUE-CURED TOBACCO LEAVES,,,,,
ALIPHATIC AND EUDESMALOLIDE ESTERS EXTRACTED FROM THE ROOTS OF INULA RACEMOSA HOOK,,,,,
SYNTHESIS OF SILVER NANOPARTICLES FROM MORINGA OLEIFERA: FORMULATION AND EVALUATION AGAINST CADIDIA ALBICANS,"Vibhute SK, Kasture VS, Kendre PN, Wagh GS.",Indo American Journal of Pharmaceutical Research,2014,4,3
THE EFFECTS OF EXTRACTION METHOD ON RECOVERY RUTIN FROM CALENDULA OFFICINALIS L. (ASTERACEAE),,,,,
ISOLATION AND CHARACTERIZATION OF MUCILAGE OBTAINED FROM COLOCASIA ESCULENTA,,,,,
"GC-MS ANALYSIS OF PHYTOCHEMICAL COMPOUNDS PRESENT IN ZEHNERIA SCABRA (L.F.) SOND. (TUBER), ORMOCARPUM SENNOIDES (WILLD) DC. (LEAF) AND BAUHINIA TOMENTOSA L. (LEAF)",,,,,
DEVELOPMENT AND EVALUATION OF HERBAL FAST DISSOLVING TABLETS OF TECTONA GRANDIS LINN,,,,,
"EXTRACTION, NANOFORMULATION AND EVALUATION OF CURCUMIN",,,,,
CHROMATOGRAPHIC FINGER PRINT ANALYSIS OF BUDMUNCHIAMINES IN ALBIZIA AMARA BY HPTLC TECHNIQUE,,,,,
GC MS ANALYSIS OF BIOACTIVE COMPONENTS FROM CUCUMIS MELO L. CUCURBITACEAE,,,,,
CHEMICAL EXAMINATION OF THE LEAVES OF GALINSOGA PARVIFLORA,,,,,
"COMPARATIVE PHYTOCHEMICAL SCREENING, NUTRITIONAL AND ANTI NUTRITIONAL POTENTIALS OF THE STEMS OF THREE NIGERIAN MEDICINAL PLANTS, IPOMOEA ALBA LAM., IPOMOEA NIL ROTH. IPOMOEA BATATAS LAM.",,,,,
"CHEMICAL PROFILES OF LEAF, STEM AND FLOWER OF THEVETIA PERUVIANA (PERS.) K. SCHUM","U. A. Essiett, I. S. Udofa.",European Journal of Biomedical and Pharmaceutical sciences,2014,1,3
FORMULATION AND EVALUATION OF POLYHERBAL WOUND HEALING OINTMENT,,,,,
ESTIMATION OF REDUCING SUGAR BY ACID HYDROLYSIS OF PUMPKIN (CUCURBITACEAE) PEELS BY STANDARD METHODS,,,,,
ANALYSIS OF PHYSICO-CHEMICAL AND QUALITATIVE INORGANIC ELEMENTS IN THE SELECTED HERBAL PLANTS,,,,,
A HPTLC REPORT ON DESMODIUM GANGETICUM,,,,,
GC-MS ANALYSIS AND PHYTOCHEMICAL SCREENING OF A RARE PTERIDOPHYTE NEPHROLEPIS CARDIFOLIA (L.) PRESL. FROM TIRUMALA HILLS,,,,,
GC-MS ANALYSIS OF BIOACTIVE COMPOUNDS PRESENT IN THE WHOLE PLANT OF ANDROGRAPHIS ECHIOIDES (L) NEES (ACANTHAECEAE),,,,,
PHARMACOGNOSTICAL STANDARDIZATION OF LEAVES OF AZADIRACHTA INDICA AN EFFECTIVE PANACEA FOR ALL DISEASE,,,,,
PHARMACOGNOSTICAL AND PHYTOCHEMICAL STANDARDISATION OF DHATAKYADI VARTI- AN AYURVEDIC POLYHERBOMINERAL FORMULATION,,,,,
DETERMINATION OF THE NUTRITIONAL VALUE OF URGINEA INDICA KUNTH,,,,,
SCIENTIFIC EVALUATION OF LAVANGADI CURNA - A CLASSICAL AYURVEDIC COMPOUND FORMULATION,"Manoj Kumar Tripathi, Neelesh Kumar Dwivedi, Ashok Kumar Tiwari.",European Journal of Biomedical and Pharmaceutical sciences,2015,2,2
"ROOT ANATOMICAL STUDIES IN URGINEA INDICA. KUNTH, HYACINTHACEAE",,,,,
COMPARISON OF IN VITRO NITRIC OXIDE ACTIVITY OF ARECA CATECHU LINN NUT BY SOXHLATION AND MICROWAVE EXTRACTION TECHNIQUE,,,,,
PHARMACOGNOSTIC EVALUATION OF STEM OF OPUNTIA ELATIOR MILL. (NAGAPHANI ),,,,,
APPLICATION AND ANALYSIS OF THE FOLIN CIOCALTEU METHOD FOR THE DETERMINATION OF THE TOTAL PHENOLIC CONTENT FROM EXTRACTS OF TERMINALIA BELLERICA,,,,,
PHARMACOGNOSTICAL AND PHYTO-PHYSICOCHEMICAL INVESTIGATION OF MANGIFERA INDICA LINN.,,,,,
PHARMACOGNOSTICAL STUDIES ON LEAVES OF PASSIFLORA FOETIDA LINN,,,,,
STUDIES ON PHYTOCHEMISTRY AND BIOEFFICACY OF CULTIVARS OF PIPER BETLE LINN.,,,,,
PHARMACOGNOSTICAL AND HIGH PERFORMANCE THIN LAYER CHROMATOGRAPHY STUDIES ON LEAVES OF CLERODENDRUM INFORTUNATUM L.,,,,,
STANDARD MANUFACTURING PROCEDURE OF SHADGUNA BALIJARITA MAKARADHWAJA,,,,,
A PRELIMINARY PHYSICOCHEMICAL EVALUATION OF DARVYADI YONI VARTI: A COMPOUND AYURVEDIC FORMULATION,"1. Amit V Rupapara, 2. Shilpa B Donga, 3. CR Harisha, 4. Vinay J Shukla.",AYU,2014,35,4
"VALIDATION AND CHARACTERIZATION OF SILVER NANOPARTICLES FROM STRYCHNOS NUX-VOMICA - AN IMPORTANT ETHNOMEDICINAL PLANT OF KURNOOL DISTRICT, ANDHRA PRADESH, INDIA.",,,,,
AROMA PROFILE OF TWO JUNIPERUS SPECIES FROM ALPINE REGION IN UTTARAKHAND.,,,,,
ISOLATION AND CHARACTERIZATION OF A NOVEL ESTER FROM SEEDS OF INDIGOFERA HETERANTHA (WALL),,,,,
CHEMICAL TRANSFORMATION OF EUGENOL ISOLATED FROM LEAVES OF SYZYGIUM AROMATICUM TO ITS NEW ISOTHIOCYANATE DERIVATIVES,,,,,
CHEMICAL EVALUATION OF MOSQUITO REPELLENT FORMULATION PREPARED FROM THE ESSENTIAL OIL OF PLANTS,,,,,
ANALYSIS OF OLEANDRIN IN OLEANDER EXTRACT (NERIUM OLEANDER) BY HPLC,,,,,
PRELIMINARY PHARMACOGNOSTIC SCREENING OF ACHYRANTHES COYNEI STEM,,,,,
NEW TRITERPENE COMPOUND DIOL ISOLATE FROM EXTRACT OF NIGELLA SATIVA SEEDS,,,,,
STUDIES ON LEAF SPOT DISEASE OF WITHANIA SOMNIFERA AND ITS IMPACT ON SECONDARY METABOLITES,,,,,
"RP-LC SIMULTANEOUS DETERMINATION OF ACONITINE, SOLANINE AND PIPERINE IN AN AYURVEDIC MEDICINE","Pallavi D. Rai, Ashutosh Pathak, Sadhana J. Rajput.",Chromatographia,2009,69,11-12
AUTHENTICATION AND QUALITY EVALUATION OF AN IMPORTANT AYURVEDIC DRUG AVERRHOA CARAMBOLA LINN LEAVES,,,,,
SEPARATION AND IDENTIFICATION OF CAROTENOIDS FROM DIFFERENT COLOURED PAPRIKA (CAPSICUM ANNUUM ) BY REVERSED-PHASE HIGH-PERFORMANCE LIQUID CHROMATOGRAPHY,,,,,
PHOSPHOLIPIDS FROM THE SEEDS OF RICINUS COMMUNIS AND DATURA INNOXIA,,,,,
QUANTITATIVE DETERMINATION OF PROTOBERBERINE ALKALOIDS IN TINOSPORA CORDIFOLIA BY RP-LC-DAD,,,,,
ISOLATION AND QUANTIFICATION OF BIOACTIVE COMPOUNDS FROM SIEGESBECKIA ORIENTALIS L. USING HPLC,,,,,
HYDROPHILIC-INTERACTION CHROMATOGRAPHY WITH UV DETECTION FOR ANALYSIS OF STRYCHNINE AND BRUCINE IN THE CRUDE SEEDS OF STRYCHNOS NUX-VOMICA AND THEIR PROCESSED PRODUCTS,,,,,
CHEMOPROFILING AND TISSUE CULTURE STUDIES ON PICRORHIZA KURROA ROYLE EX BENTH. FOR PRODUCTION OF PICROSIDE,,,,,
RP-HPLC METHOD FOR THE QUANTITATION OF GLABRIDIN IN YASHTI-MADHU (GLYCYRRHIZA GLABRA),,,,,
PRODUCTION AND ESTIMATION OF ASARONE IN IN VITRO CULTURES OF ACORUS CALAMUS LINN.,,,,,
MOLECULAR DIVERSITIES AMONG CARDIOSPERMUM HALICACABUM LINN.POPULATIONS IN KERALA ASSESSED USING RAPD MARKERS,"1. M.S. Sheeba, 2. K.H. Muneeb Hamza, 3. N. Krishna Radhika, 2. V.V Asha.",Annals of Phytomedicine,2014,3,2
A NEW ISOFLAVANE GLYCOSIDE FROM CICER ARIETINUM SEEDS,,,,,
"EXTRACTION AND TLC DESITOMETRIC DETERMINATION OF TRITERPENOID ACIDS (ARJUNGENIN, ARJUNOLIC ACID) FROM TERMINALIA ARJUNA STEM BARK WITHOUT INTERFERENCE OF TANNINS",,,,,
HPLC/UV DETERMINATION OF ORGANIC ACIDS IN FRUIT JUICES AND NECTARS,,,,,
"HPTLC DENSITOMETRIC QUANTIFICATION OF GLYCYRRHIZIN, GLYCYRRHETINIC ACID, APIGENIN, KAEMPFEROL AND QUERCETIN FROM GLYCYRRHIZA GLABRA",,,,,
"EVALUATION OF THE PHYSICO-CHEMICAL CHARACTERISTICS, MINERALS AND HEAVY METALS IN WILD AND CULTIVATED VARIETY OF AEGLE MARMELOS (L) CORREA LEAVES",,,,,
STABILITY-INDICATING LC-PDA METHOD FOR DETERMINATION OF PICROSIDES IN HEPATOPROTECTIVE INDIAN HERBAL PREPARATIONS OF PICRORHIZA KURROA.,,,,,
PHENYLALKANOIDS FROM ZINGIBER OFFICINALE,,,,,
NEW FLAVONOLIGNAN GLUCOSIDE FROM THE AERIAL PARTS OF ORYZA SATIVA,,,,,
"FACET OF ISOFLAVONE, PHENOL AND FLAVONOID CONTENT INSOYBEAN (GLYCINE MAXMERRILL) VARIETIES UNDER DISSIMILAR PROCESSING CONDITIONS",,,,,
CHEMICAL COMPONENTS OF THE TUBER OF ALOCASIA CUCULLATA,"1. Lei Xiao, 1. 2. Feng Yi, 2. Liang Shuang, 2. Zheng Xiang-Wei.",Chemistry of Natural Compounds,2014,50,1
"DEVELOPMENT AND VALIDATION OF IMPROVED REVERSED PHASE-HPLC METHOD FOR SIMULTANEOUS DETERMINATION OF CURCUMIN, DEMETHOXYCURCUMIN AND BIS-DEMETHOXYCURCUMIN",,,,,
CARDINAL IDENTIFICATION FEATURES OF BHARANGI AND ITS MARKET SAMPLES,,,,,
MORINDA TINCTORIA FRUIT ASSISTED BIOSYNTHESIS OF SILVER NANOPARTICLES,,,,,
A NEW PHENOLIC COMPOUND FROM THE FLOWERS OF JASMINUM MULTIFLORUM,,,,,
STABILITY OF CAROTENOIDS IN TOMATO JUICE DURING PROCESSINGCHROMATOGRAPHY,,,,,
STRUCTURE OF GALACTOMANNAN FROM SEEDS OF CROTALARIA ALATA,,,,,
STANDARDIZATION OF CRUDE EXTRACT OF NEEM SEED KERNELS (AZADIRACHTA INDICA A. JUSS) AND COMMERCIAL NEEM BASED FORMULATIONS USING HPTLC AND EXTENDED LENGTH PACKED-COLUMNS SFC METHOD,,,,,
DEVELOPMENT AND VALIDATION OF HPTLC METHOD FOR DETERMINATION OF DIOSGENIN IN POLYHERBAL TABLET,,,,,
FINGERPRINT ANALYSIS OF ZANTHOXYLUM NITIDUM BY NONAQUEOUS CE,,,,,
GENOMIC AND METABOLOMIC FINGERPRINTING OF PHYLLANTHUS AMARUS(SCHUMM & THONN) HAIRY ROOT CLONES,"Gauri Abhyankar, K.V. Rao, V.D. Reddy.",Annals of Phytomedicine,2013,2,1
SIMULTANEOUS ANALYSIS OF A MIXTURE OF IRIDOIDS IN WATER EXTRACTS OF PLANTAGO ASIATICA L. BY LC,,,,,
PRODUCTION AND QUANTIFICATION OF ASIATIC ACID FROM IN VITRO RAISED SHOOTS AND CALLUS CULTURES OF CENTELLA ASIATICA (L.) URBAN,,,,,
"EPIDERMAL STUDY OF MEDICINAL PLANTS WITH SPECIAL REFERENCE TO IDENTIFICATION, ADULTERATION AND AUTHENTIFICATION OF CRUDE LEAF DRUGS",,,,,
SIMULTANEOUS DETERMINATION OF ANTHRAQUINONES IN HEDYOTIS DIFFUSA BY LC COUPLED WITH UV DETECTION,,,,,
EFFECT OF DRYING TECHNIQUES ON THE PHYSICOCHEMICAL AND BIOACTIVE COMPONENTS OF SELECTED MEDICINAL HERBS,,,,,
"VALIDATED HPLC METHOD FOR SIMULTANEOUS QUANTITATION OF BERGENIN, ARBUTIN, AND GALLIC ACID IN LEAVES OF DIFFERENT BERGENIA SPECIES",,,,,
LC FINGERPRINT AND HIERARCHICAL CLUSTER ANALYSIS OF CROCUS SATIVUS L. FROM DIFFERENT LOCATIONS IN CHINA,,,,,
ISOLATION AND CHARACTERIZATION OF TRITERPENOIDS FROM BARK OF SYZYGIUM ALTERNIFOLIUM (WIGHT) WALP,,,,,
PHARMACOGNOSTICAL AND PHYTOCHEMICAL ANALYSIS OF STEM PART OF THE TRADITIONAL HERB: ZALEYA GOVINDIA,,,,,
A VALIDATED AND DENSITOMETRIC HPTLC METHOD FOR THE QUANTIFICATION OF WITHAFERIN-A AND WITHANOLIDE-A IN DIFFERENT PLANT PARTS OF TWO MORPHOTYPES OF WITHANIA SOMNIFERA,"1. Vivek Sharma, 2. Ajai P. Gupta, 2. Pamita Bhandari, 1. Raghbir C. Gupta, 2. Bikram Singh.",Chromatographia,2007,66,9-10
GC - MS ANALYSIS OF LEAF AND STEM BARK OF CLEIDION NITIDUM (MUELL. - ARG.) THW. EX KURZ. (EUPHORBIACEAE).,,,,,
CAPILLARY ELECTROPHORESIS OF THE ACTIVE INGREDIENTS OF DIOSCOREA BULBIFERA L. AND ITS MEDICINAL PREPARATIONS,,,,,
DETAILED PHARMCOGNOSTICAL EVALUATION OF FRESH AND PROCESSED FRUITS OF KHARJURA (PHOENIX DACTYLIFEROUS),,,,,
PRENYLATED XANTHONE COMPOSITION OF GARCINIA MANGOSTANA (MANGOSTEEN) FRUIT HULL,,,,,
QUANTITATIVE ANALYSIS OF TOTAL PHENOLS AND FLAVONOIDS IN IN VIVO AND IN VITRO SAMPLES OF OROXYLUM INDICUM (L.) VENT,,,,,
PHYTOCHEMICAL PROFILING OF MYRISTICA FRAGRANS SEED EXTRACT WITH DIFFERENT ORGANIC SOLVENTS,,,,,
PREPARATION AND EVALUATION OF SHAMPOO POWDER CONTAINING HERBAL INGREDIENTS,,,,,
"PHYSICO-CHEMICAL, PHYTOCHEMICAL AND HIGH PERFORMANCE THIN LAYER CHROMATOGRAPHY ANALYSIS OF THE WHOLE PLANT OF ORTHOSIPHON THYMIFLORUS (ROTH.) SLEESEN",,,,,
"NUTRITIONAL AND PHYTOCHEMICAL ASSESMENT OF WILD EDIBLE FRUIT OF AEGLE MARMELOS (LINN.) USED BY THE TRIBES OF BHIWAPUR TAHSIL NAGPUR DISTRICT, INDIA",,,,,
PHYTOCHEMICAL PROFILE STUDIES ON THE STEROIDS OF METHANOLIC LEAF EXTRACT OF MEDICINALLY IMPORTANT PLANT HOLOPTELEA INTEGRIFOLIA (ROXB.) PLANCH USING HIGH-PERFORMANCE THIN LAYER CHROMATOGRAPHY,"1. Ravindra C Sutar, 1. Sanjay B Kasture, 2. Kalaichelvan VK.",Asian Journal of Pharmaceutical and Clinical Research,2014,7,4
PHYTOCHEMICAL STUDIES ON THE GLYCOSIDES OF LEAF EXTRACTS OF MEDICINALLY IMPORTANT PLANT HOLOPTELEA INTEGRIFOLIA (ROXB.) PLANCH USING HIGH PERFORMANCE THIN LAYER CHROMATOGRAPHY,,,,,
FINGERPRINTING ANALYSIS OF THE PHYTOSTEROLS FROM HOLOPTELEA INTEGRIFOLIA (ROXB.) PLANCH LEAVES USING HIGH-PERFORMANCE THIN LAYER CHROMATOGRAPHY ANALYSIS,,,,,
QUANTITATIVE AND QUALITATIVE ANALYSIS OF VARIOUS PHYTO-CONSTITUENTS IN PHOENIX PUSILLA UNRIPE FRUIT ETHANOLIC EXTRACT,,,,,
"ENHANCED BIOTRANSFORMATION OF PHYTOSTEROLS, A BYPRODUCT OF SOYBEAN REFINERIES, TO A KEY INTERMEDIATE USED FOR SYNTHESIS OF STEROIDAL DRUGS",,,,,
ESSENTIAL OIL COMPOSITION OF OSMANTHUS FRAGRANS VARIETIES BY GC-MS AND HEURISTIC EVOLVING LATENT PROJECTIONS,,,,,
SIMULTANEOUS ISOLATION AND PURIFICATION OF MOLLUGIN AND TWO ANTHRAQUINONES FROM RUBIA CORDIFOLIA BY HSCCC,,,,,
LC-MS AND CZE OF DIANTHRONES FROM CASSIA ANGUSTIFOLIA AND ACUTIFOLIA,,,,,
QUANTITATIVE TLC ANALYSIS OF STEROL 24 BETHYLCHOLESTA 5 22E 25 TRIENE 3B OL IN AGNIMANTHA (CLERODENDRUM PHLOMIDIS LINN),,,,,
A VALIDATED LC METHOD FOR SIMULTANEOUS DETERMINATION OF THREE MAJOR COMPONENTS IN ENTADA PHASEOLOIDES,,,,,
LC DETERMINATION OF PODOPHYLLUM LIGNANS AND FLAVONOIDS IN PODOPHYLLUM EMODI WALL.VAR.CHINESIS SPRAGUE,"C. -L. Liu, B. -H. Jiao",Chromatographia,2006,64,9-10
DETERMINATION OF HYPERICIN AND PSEUDOHYPERICIN IN EXTRACTS FROM HYPERICUM PERFORATUM L. AND PHARMACEUTICAL PREPARATIONS BY LIQUID CHROMATOGRAPHY-FLUORESCENCE DETECTION,,,,,
HPLC-DAD AND TLC-DENSITOMETRY FOR QUANTIFICATION OF HYPERICIN IN HYPERICUM PERFORATUM L. EXTRACTS,,,,,
MINERAL ANALYSIS OF AVERRHOA BILIMBI L. - A POTENTIAL FRUIT,,,,,
EXTRACTION AND HYDROLYSIS PARAMETERS FOR DETERMINATION OF QUERCETIN IN HYPERICUM PERFORATUM,,,,,
POLYPHENOLIC CONTENTS IN CITRUS FRUIT JUICES: AUTHENTICITY ASSESSMENT,,,,,
ANALYSIS OF BIOLOGICALLY ACTIVE CONSTITUENTS IN CENTELLA ASIATICA BY MICROWAVE-ASSISTED EXTRACTION COMBINED WITH LC-MS.,,,,,
SEPARATION OF FLAVONOIDS FROM THE LEAVES OF OROXYLUM INDICUM BY HSCCC,,,,,
"EFFICIENT AND SENSITIVE METHOD FOR QUANTITATIVE DETERMINATION AND VALIDATION OF UMBELLIFERONE, CARVONE AND MYRISTICIN IN ANETHUM GRAVEOLENS AND CARUM CARVI SEED",,,,,
APPLICATION OF ENZYME IN AQUEOUS EXTRACTION OF SESAME OIL,,,,,
SEPARATION OF SESQUITERPENES FROM YARROW (ACHILLEA MILLEFOLIUM L. S. L.) BY LC-MS ON NON-POROUS COLUMNS,"1. Gergely Montsko, 2. Borbala Boros, 1. Aniko Takatsy, 1. Robert Ohmacht, 3. Sabine Glasl, 3. Liselotte Krenn, 1. Laszlo Mark, Gottfried Reznicek.",Chromatographia,2008,67,5-6
"SIMULTANEOUS DETERMINATION OF QUERCETIN, RUTIN AND COUMARIC ACID IN FLOWERS OF RHODODENDRON ARBOREUM BY HPTLC",,,,,
"ANALYSIS OF COMPLETE NUTRITIONAL PROFILE OF AMORPHOPHALLUS CAMPANULATUS TUBER CULTIVATED IN HOWRAH DISTRICT OF WEST BENGAL, INDIA",,,,,
"INFLUENCE OF ORIGIN SOURCE, DIFFERENT FRUIT TISSUE AND JUICE EXTRACTION METHODS ON ANTHOCYANIN, PHENOLIC ACID, HYDROLYSABLE TANNIN AND ISOLARICIRESINOL CONTENTS OF POMEGRANATE (PUNICA GRANATUM L.) FRUITS AND JUICES",,,,,
FLAVONE GLYCOSIDE BASED VALIDATED RP-LC METHOD FOR QUALITY EVALUATION OF PRISHNIPARNI (URARIA PICTA),,,,,
CHROMATOGRAPHIC PROFILES OF PHYLLANTHUS AQUEOUS EXTRACTS SAMPLES A PROPOSITION OF CLASSIFICATION USING CHEMOMETRIC MODELS,,,,,
PHARMACOGNOSTIC EVALUATION OF LEUCAS CEPHALOTES SPRENG LEAVES,,,,,
TYPES OF ENDOPHYTIC BACTERIA ASSOCIATED WITH TRADITIONAL MEDICINAL PLANT LANTANA CAMARA LINN,,,,,
QUALITATIVE STUDY ON METHANOL EXTRACT OF VETIVERIA LAWSONII,,,,,
ESTIMATION OF PRIMARY AND SECONDARY METABOLITES FROM LEAVES OF THREE MEDICINAL PLANTS,,,,,
QUALITY ASSESSMENT AND LIRIODENINE QUANTIFICATION OF NELUMBO NUCIFERA DRIED LEAF IN THAILAND,"1. Saranthinee Mongkolrat, 1. Chanida Palanuvej, 1. 2. Nijsiri Ruangrungsi.",Pharmacognosy Journal,2012,4,32
"ASSESSMENT OF AVAILABILITY, ECOLOGICAL FEATURE, AND HABITAT PREFERENCE OF THE MEDICINAL HERB HOUTTUYNIA CORDATA THUNB IN THE BRAHMAPUTRA VALLEY OF ASSAM, INDIA",,,,,
PHYTOCHEMICAL CONSTITUENTS AND ANTI INFLAMMATORY ACTIVITY OF LEAF EXTRACTS OF SCLEROPYRUM PENTANDRUM,,,,,
DETERMINATION OF HEAVY METAL IN MEDICINAL PLANTS BY ATOMIC ABSORPTION SPECTROSCOPY (AAS),,,,,
DETECTION OF TOXIC HEAVY METALS AND PESTICIDE RESIDUE IN HERBAL PLANTS WHICH ARE COMMONLY USED IN THE HERBAL FORMULATIONS,,,,,
ACETOGENINS FROM ANNONA MURICATA,,,,,
BARK REMOVAL AND POPULATION STRUCTURE OF TAXUS WALLICHIANA ZUCC. IN A TEMPERATE MIXED CONIFER FOREST OF WESTERN HIMALAYA,,,,,
"EFFECTS OF PLANT DENSITY AND VERMICOMPOST ON THE RATE OF TWO ACTIVE SUBSTANCES, ALOENIN AND ALOE EMODIN OF ALOE VERA (ALOE BARBADENSIS MILL)",,,,,
"ETHANOBOTANICAL, PHARMACOGNOSTICAL AND PHYSICO-CHEMICAL STUDIES OF STEM BARK OF BOMBAX CEIBA L., COMMONLY GROWING IN EASTERN UTTAR PRADESH REGION OF INDIA",,,,,
FOURIER TRANSFORM INFRARED IMAGING ANALYSIS IN DISCRIMINATION STUDIES OF ST. JOHN'S WORT (HYPERICUM PERFORATUM ),,,,,
ESTIMATION OF HEAVY METALS IN DIFFERENT BERBERIS SPECIES AND ITS MARKET SAMPLES,"Sharad Kumar Srivastava,Vartika Rai, Manjoosha Srivastava, A. K. S. Rawat, Shanta Mehrotra.",Environmental Monitoring and Assessment,2006,116,1
STUDIES ON STRYCHNOS POTATORUM SEED AND SCREENING THE WATER QUALITY ASSESSMENT OF DRINKING WATER,,,,,
PHARMACOGNOSTICAL EVALUATION OF APAMARGA (ACHYRANTHES ASPERA LINN.),,,,,
PHARMACOGNOSTIC AND PHYTOCHEMICAL EVALUATION OF CELOSIA ARGENTEA,,,,,
ANALYSIS OF LYSERGIC ACID AMIDE IN HUMAN SERUM AND URINE AFTER INGESTION OF ARGYREIA NERVOSA SEEDS,,,,,
CHROMIUM-INDUCED CHANGES IN ULTRAMORPHOLOGY AND SECONDARY METABOLITES OF PHYLLANTHUS AMARUS SCHUM & THONN. - AN HEPATOPROTECTIVE PLANT.,,,,,
FORMULATION AND EVALUATION OF TOPICAL GEL CONTAINING MICROSPHERES OF KSHEERABALA OIL,,,,,
"QUALITY ASSESSMENT AND DEVELOPMENT OF TLC FINGERPRINTING PROFILE OF DIFFERENT MARKETED BRANDS OF TWO AYURVEDIC FORMULATIONS, DRAKSHASAVA AND KUMARYASAVA",,,,,
PHARMACOGNOSTIC AND PHYTOCHEMICAL STUDIES ON THE RHIZOME OF NARDOSTACHYS JATAMANSI DC. USING DIFFERENT EXTRACTS,,,,,
NEW IDENTIFICATION OF PROANTHOCYANIDINS IN CINNAMON (CINNAMOMUM ZEYLANICUM L.) USING MALDI-TOF/TOF MASS SPECTROMETRY,,,,,
EFFECT OF NITROGEN AND PHOSPHORUS ON YIELD AND YIELD COMPONENTS OF SESAME (SESAMUMINDICUM L.),"1. Muhammad Ibrahim, 2. Manzoor Hussain, 2. Ahmad Khan, 1. Yousaf Jamal, 1. Muhammad Ali, 1. Muhammad Faisal Anwar Malik.",International Journal of Sciences: Basic and Applied Research,2014,18,1
FORMULATION & EVALUATION OF THE HERBAL ORAL DISSOLVING FILM FOR TREATMENT OF RECURRENT APHTHOUS STOMATITIS,,,,,
TOXIC METALS AND ORGANOCHLORINE PESTICIDES RESIDUE IN SINGLE HERBAL DRUGS USED IN IMPORTANT AYURVEDIC FORMULATION DASHMOOLA,,,,,
IDENTIFICATION AND QUANTIFICATION OF CANNABINOIDS IN CANNABIS SATIVA L. PLANTS BY HIGH PERFORMANCE LIQUID CHROMATOGRAPHY-MASS SPECTROMETRY,,,,,
COPPER AVAILABILITY AND ACCUMULATION BY PORTULACA OLERACEA LINN. STEM CUTTING,,,,,
COMPARATIVE ANALYTICAL STUDY OF SINGLE BULB AND MULTI BULB GARLIC (ALLIUM SATIVUM LINN.),,,,,
EXTRACTION OF GARLIC AND ENHANCING ANTIBIOTIC ACTIVITY OF ALLICIN,,,,,
A GREEN AND SOLVENT-FREE PROCESS FOR PREPARATION OF HIGHPURITY (BORNEOL FROM LEAVES OF BLUMEA BALSAMIFERA (L) DC,,,,,
PHARMACOGNOSTIC AND PRELIMINARY PHYTOCHEMICAL STUDIES OF GNETUM ULA BRONGN.,,,,,
EVALUATING THE LAST REMNANTS OF BUTEA MONOSPERMA (LAM.) KUNTZE FOREST FOR THEIR IN SITU CONSERVATION: A CASE STUDY,,,,,
"DRY GRANULATION TECHNIQUE FOR CONVERTING TRIPHALA CHURNA AS GRANULES, TABLETS AND ORGANOLEPTIC EVALUATION","Vibhushree Kumar TV, Kopparam Manjunath, Anantha Narayana.",International Research Journal of Pharmacy,2015,6,6
EFFECT OF METHYL JASMONATE AND SILVER NANOPARTICLES ON PRODUCTION OF SECONDARY METABOLITES BY CALENDULA OFFICINALIS L (ASTERACEAE),,,,,
"ETHNOBOTANICAL INVESTIGATIONS AMONG TRADITIONAL HEALERS IN WARANGAL DISTRICT OF ANDHRA PRADESH, INDIA",,,,,
"INSECTICIDAL ACTIVITY OF ESSENTIAL OIL OF CINNAMOMUM CASSIA AND ITS MAIN CONSTITUENT, TRANS-CINNAMALDEHYDE, AGAINST THE BOOKLICE, LIPOSCELIS BOSTRYCHOPHILA",,,,,
ONLINE MONITORING FOR STRYCHNOS NUX-VOMICA PARCHING IN SANDS AND CHEMICAL COMPOSITIONAL ANALYSIS BY ULTRA PERFORMANCE LIQUID CHROMATOGRAPHY - LINEAR TRAP QUADRUPOLE -ORBITRAP- MASS SPECTROMETRY,,,,,
PHYSICOCHEMICAL PROPERTIES OF SEEDS OF CAPPARIS SPECIES GROWING WILD IN TURKEY.,,,,,
ANTIOXIDANTS OF CLOVE (SYZYGIUM AROMATICUM) PREVENT METAL INDUCED OXIDATIVE DAMAGE OF BIOMOLECULES,,,,,
PHYSICOCHEMICAL AND NUTRITIONAL EVALUATION OF YAVA (HORDEUM VULGARE LINN.),,,,,
"ISOLATION, CHARACTERIZATION AND QUANTIFICATION OF BERGENIN FROM SYZYGIUM CUMINI STEM BARK",,,,,
GC-MS ANALYSIS OF BIOACTIVE PHYTOCONSTITUENTS FROM RUMEX VESICARIUS L,,,,,
ACCUMULATION OF HEAVY METALS IN SPINACIA OLERACEA IRRIGATED WITH PAPER MILL EFFLUENT AND SEWAGE,"Chakresh Pathak, A. K. Chopra, Sachin Srivastava.",Environmental Monitoring and Assessment,2013,185,9
QUANTITATIVE PHYTOCHEMICAL AND GC-MS ANALYSIS OF LEAVE AND BARK EXTRACT OF DOLICHANDRONE ATROVIRENS,,,,,
CHANGES IN THE CHARACTERISTICS OF WATER-IN-OIL-BASED HIGH INTERNAL PHASE EMULSION CONTAINING MORINGA LEAVES EXTRACT AT VARIOUS STORAGE CONDITIONS,,,,,
NATURAL BORNEOL RECYCLING FROM CINNAMOMUM CAMPHOR CHVAR. BORNEOL OIL RESIDUE BY FRACTIONAL DISTILLATION AND RECRYSTALLIZATION,,,,,
"CHEMOPROFILE OF TVAKPATRA, LEAVES OF CINNAMOMUM VERUM J.S. PRESL",,,,,
FUNCTIONAL GROUP ANALYSIS OF JAMUN (SZYGIUM CUMINI) PULP DRIED IN CROSS FLOW DRYER,,,,,
DEVELOPMENT OF PHARMACOGNOSTICAL PARAMETERS AND ESTIMATION OF QUERCETIN USING HPTLC IN LEAVES OF NELUMBO NUCIFERA GAERTN,,,,,
AN INVESTIGATION OF ARSENIC CONTAMINATION IN PENINSULAR MALAYSIA BASED ON CENTELLA ASIATICA AND SOIL SAMPLES,,,,,
COMPARATIVE PHYTO-PHARMACOGNOSTICAL EVALUATION OF SHYONAKA (OROXYLUM INDICUM VENT.) AND ARALU (AILANTHUS EXCELSA ROXB.) STEM BARKS,,,,,
COMPARITIVE STUDY OF SELFMADE AND MARKETED SAMPLE OF TRIBHUVAN KIRTI RAS WITH RESPECT TO THIN LAYER CHROMATOGRAPHY,,,,,
PHARMACOGNOSY AND PHYTOCHEMICAL EVALUATION OF ROOTS OF ECHINOPS ECHINATUS ROXB.,"Salve S. D, Bhuktar .A. S.",International Research Journal of Pharmacy,2015,6,3
PHARMACOGNOSTIC PARAMETERS OF EUCALYPTUS GLOBULUS LEAVES,,,,,
COMPARATIVE PHARMACOGNOSTICAL AND PHYTOCHEMICAL STUDY OF MESUA FERREA LINN. AND OCHROCARPUS LONGIFOLIUS BENTH AND HOOK – SOURCES OF NAGAKESARA,,,,,
PREPARATION AND STANDARIZATION OF SARASWATA CHURNA PREPARED BY POTENTIZED METHOD,,,,,
MINERAL CONTENTS OF SEED AND SEED OILS OF CAPPARIS SPECIES GROWING WILD IN TURKEY,,,,,
A STUDY OF VARIOUS MARKET SAMPLES OF PICRORHIZA/ HELLEBORE (PICRORHIZA KURROA ROYLE EX BENTH) WITH SPECIAL REFERENCE TO ITS PHARMACOGNOSTIC & PHYTOCHEMICAL ASPECTS,,,,,
"ARSENIC ACCUMULATION IN NATIVE PLANTS OF WEST BENGAL, INDIA: PROSPECTS FOR PHYTOREMEDIATION BUT CONCERNS WITH THE USE OF MEDICINAL PLANTS",,,,,
ELICITATION OF VALERENIC ACID IN THE HAIRY ROOT CULTURES OF VALERIANA OFFICINALIS L (VALERIANACEAE),,,,,
"HISTO-MORPHOLOGICAL, FLUORESCENT AND POWDER MICROSCOPIC CHARACTERIZATION OF CISSAMPELOS PAREIRA LINN.",,,,,
PHARMACOGNOSTIC STUDIES OF SHOREA TUMBUGGAIA ROXB. - A GLOBALLY THREATENED SPECIES,,,,,
PHARMACOGNOSTIC EVALUATION OF THE BARK OF ACACIA SUMA ROXB (FABACEAE),"1. Gouri Kumar Dash, 1. Mohd Syafiq Abdullah, 2. Suman Acharyya",Tropical Journal of Pharmaceutical Research,2014,13,6
3D-QSAR RESEARCH OF CURCUMIN DERIVATIVES,,,,,
BIOACTIVE CHEMICAL CONSTITUENTS FROM THE ROOT OF CLERODENDRUM PHLOMIDIS,,,,,
WITHANOLIDES ISOLATED FROM WITHANIA SOMNIFERA WITH A GLUCOSIDASE INHIBITION,,,,,
COMPONENT AUTHENTICATION AND STANDARDISATION OF AN ANTI-ATHEROSCLEROTIC HERBAL FORMULATION-GSTC3,,,,,
PHARMACOGNOSTICAL AND PRELIMINARY PHYTOCHEMICAL INVESTIGATIONS ON FRUIT OF VACCINIUM MACROCARPON AITON,,,,,
"HPLC METHOD FOR IDENTIFICATION AND QUANTIFICATION OF TWO POTENTIAL ANTI-INFLAMMATORY AND ANALGESIC AGENTS-1, 3-DIBENZYL UREA AND AURANTIAMIDE ACETATE IN THE ROOTS OF MORINGA OLEIFERA",,,,,
"GC-MS ANALYSIS OF PHYTOCOMPONENTS IN, PET ETHER FRACTION OF WRIGHTIA TINCTORIA SEED",,,,,
PHENOLIC AND IRIDOID GLYCOSIDES FROM THE RHIZOMES OF CYPERUS ROTUNDUS L.,,,,,
"ELUCIDATION OF B SITOSTEROL FROM BENINCASA HISPIDA SEEDS, CARISSA CONGESTA ROOTS AND POLYALTHIA LONGIFOLIA LEAVES BY HIGH PERFORMANCE THIN LAYER CHROMATOGRAPHY",,,,,
TASTE MASKING OF AYURVEDIC NUTRACEUTICAL FORMULATION BY PAN COATING PROCESS,"1. Alpana Kulkarni, 1. Shreya Rumalla, 1. Swati Andhale, 2. Ajit Kolatkar, 1. Bhanudas Kuchekar",Pharmacognosy Journal,2015,7,4
PHARMACOGNOSTIC INVESTIGATION OF CYNODON DACTYLON PERS ROOTS,,,,,
FREE RADICAL SCAVENGING AND CYTOTOXIC POTENTIAL OF CELOSIA ARGENTEA,,,,,
ANTIOXIDANT AND DNA DAMAGE PROTECTIVE EFFECTS OF ASPARAGUS RACEMOSUS IN HUMAN COLON AND MICE MUSCLE CELLS,,,,,
PHARMACOGNOSTIC STUDIES OF LAGENARIA SICERARIA (MOLINA) STANDLEY FRUITS,,,,,
PHARMACOGNOSTICAL STUDIES ON STEM BARK OF CANARIUM STRICTUM ROXB,,,,,
JACKFRUIT (ARTOCARPUS HETEROPHYLLUS) SEED EXTRACT EXHIBITS FIBRINO(GENO)LYTIC ACTIVITY,,,,,
CHEMICAL COMPOSITION OF PUMPKIN (CUCURBITA MAXIMA D.) FLESH FLOURS USED FOR FOOD,,,,,
EVALUATION OF PHYTOCONSTITUENTS IN AQUEOUS AND ORGANIC EXTRACTS OF AEGLE MARMELOS (L.) CORREA. AND PUNICA GRANATUM L.,,,,,
PHARMACOGNOSTIC AND FREE RADICAL SCAVENGING EVALUATION OF CYATHULA PROSTATA (BLUME) L.,,,,,
PHARMACOGNOSTICAL AND PHYTOCHEMICAL STANDARDIZATION OF HOUTTUYNIA CORDATA THUNB.: A POTENT MEDICINAL HERB OF NORTH–EASTERN INDIA AND CHINA,"Manish Kumar, Satyendra K. Prasad, Damiki Laloo, Apurva Joshi, Siva Hemalatha",Pharmacognosy Journal,2014,6,1
PHYTOCHEMICAL PROFILE OF THREE SELECTED PLANTS OF MILLINGTONIA HORTENENSIS BIGNONIA RADICANS BIGNONIA SUAVEOLENS,,,,,
QUALITY CONTROL STANDARDIZATION AND IN-VITRO ANTIOXIDANT ACTIVITY OF AGANOSMA DICHOTOMA K. SCHUM ROOT,,,,,
PHYTOCHEMICAL AND ANALYTICAL EVALUATION OF CORDIA DICHOTOMA LINN. LEAVES,,,,,
SCREENING OF BIOACTIVE COMPOUNDS OF SESBANIA GRANDIFLORA AND PISTIA STRATIOTES,,,,,
RP-HPLC DETERMINATION OF RUTIN AND ISOQUERCITRIN FROM LEAVES OF JASMINUM SAMBAC AIT,,,,,
PHYTOCHEMICAL INVESTIGATION AND HPTLC OF ALANGIUMSALVIFOLIUM,,,,,
GENETIC DIVERSITY ANALYSIS IN GYMNEMA SYLVESTRE R. BR.BY RAPD,,,,,
PHARMACOGNOSTIC EVALUATION OF INDIGENOUS MEDICINAL PLANT KEDROSTIS FOETIDISSIMA (JACQ.) COGN.,,,,,
PHARMACOGNOSTICAL AND PHYTOCHEMICAL STANDARDIZATION OF THE ROOTS OF POTENTILLA MOONIANA WIGHT,,,,,
PHARMACOGNOSTICAL STUDIES OF BRYOPHYLLUM PINNATUM (LAM.) KURZ.,"Abhishek J. Sharma, Chandra Naresh",Pharmacognosy Journal,2014,6,6
PHARAMCOGNOSTIC STUDIES OF MILLINGTONIA HORTENENSIS BIGNONIA RADICANS AND BIGNONIA SUAVEOLENS,,,,,
"PHYSICOCHEMICAL CHARACTERIZATION OF AN INDIAN TRADITIONAL MEDICINE, JASADA BHASMA DETECTION OF NANOPARTICLES CONTAINING NON STOICHIOMETRIC ZINC OXIDE",,,,,
HYDRODISTILLED VOLATILE CONSTITUENTS OBTAINED FROM THE ROOTS OF OPERCULINA TURPETHUM,,,,,
IDENTIFICATION OF MEDICINALLY ACTIVE INGREDIENTS IN ULTRADILUTED DIGITALIS PURPUREA: FTIR AND RAMAN SPECTROSCOPIC STUDIES,,,,,
PHARMACOGNOSTIC STUDY AND PHYSICOCHEMICAL ANALYSIS OF LEAVES OF TERMINALIA ARJUNA,,,,,
PHARMACOGNOSTIC EVALUATION OF LEAF AND FRUIT OF CAPSICUM FRUTESCENS (SOLANACEAE),,,,,
APPLICATION OF HPLC FINGERPRINTS FOR DEFINING IN VIVO SAFETY PROFILE OF TULSI (OCIMUM SANCTUM),,,,,
HIGH-PERFORMANCE THIN-LAYER CHROMATOGRAPHY FINGERPRINTING OF ETHNOPHARMACOLOGICAL IMPORTANT SEEDS OF WRIGHTIA TINCTORIA,,,,,
HPLC DETERMINATION OF COSTUNOLIDE AS A MARKEROF SAUSSUREA LAPPA AND ITS HERBAL FORMULATIONS,,,,,
"PHARMACOGNOSTICAL STUDIES ON THE BARK OF ODINA WODIER, ROXB., (ANACARDIACEAE)",MR. Rajendra Prasad and T. Tamiz Mani,International Journal of Research in Pharmacy and Chemistry,2014,4,1
OPTIMIZATION OF MICROWAVE-ASSISTED EXTRACTION OF SOLANESOL FROM POTATO LEAVES AND STEMS,,,,,
CHROMATOGRAPHIC STUDIES ON BENINCASA HISPIDA (THUNB.) COGN. SEED EXTRACT SCRUTINIZED BY HPLC AND HPTLC,,,,,
PHARMACOGNOSTICAL STUDIES ON THE FRUIT OF ELAEOCARPUS OBLONGUS GAERTN.,,,,,
PHARMACOGNOSTICAL AND PRELIMINARY PHYTOCHEMICAL STUDIES OF STEM BARK OF AILANTHUS EXCELSA ROXB,,,,,
PROXIMATE ANALYSIS OF PHYLLANTHUS AMARUS,,,,,
PHARMACOGNOSY AND PHYTOCHEMICAL ANALYSIS OF BRASSICA JUNCEA SEEDS,,,,,
DIOSGENIN CONTENT IN SOME TRIGONELLA SPECIES,,,,,
IXORA COCCINEA LINN: PHYTOCHEMICAL INVESTIGATION,,,,,
PHARMACOLOGICAL EVALUATION OF CUCUMBER FOR COGNITION ENHANCING EFFECT ON BRAIN OF MICE,,,,,
ESTIMATION OF HYDROXY CITRIC ACID (-HCA) CONTENT IN DIFFERENT FRUIT MORPHO TYPES OF GARCINIA INDICA CHOISY,"Krishna, A., Niveditha, M. and Vasudeva, R.",Indian journal of advances in plant research,2015,2,1
QUALITATIVE AND QUANTITATIVE ANALYSIS OF BIOACTIVE COMPOUNDS IN MORINDA CITRIFOLIA FRUIT,,,,,
ANALYSIS OF PHYTOCHEMICAL COMPOSITION OF WHITE AND PURPLE SWEET POTATO (IPOMOEA BATATAS L. LAM) ROOT,,,,,
PHARMACOGNOSTIC INVESTIGATION OF VALERIANA HARDWICKII WALL. A THREATENED HERB,,,,,
PHARMACOGNOSTIC AND PHYTOCHEMICAL STUDIES ON FLOWERS OF AERVA LANATA L.JUSS. EX. SCHULT,,,,,
ROLE OF BOSWELLIA OVALIFOLIOLATA BAL. HENRY EXTRACT ON HIGH FAT DIET INDUCED HYPERCHOLESTEROLEMIA,,,,,
PHYTOCHEMICAL AND GC-MS ANALYSIS OF COMMIPHORA CAUDATE (WT. & ARN.) ENG. BARK,,,,,
POTENTIAL OF DROUGHT STRESS IN TWO VARIETIES OF CAPSICUM ANNUM GROWN IN MAHARASHTRA,,,,,
QUALITY CONTROL STUDIES ON SHATAPATRAYADI CHURNA – AN ANTI-ULCERATIVE AYURVEDIC FORMULA,,,,,
PHYTOCHEMICAL ANALYSIS OF PETROLEUM ETHER EXTRACT OF SOME SELECTED MEDICINAL PLANTS LEAVES,,,,,
PHARMACOGNOSTIC EVALUATION AND CHRYSAZIN QUANTITATION OF XYRIS INDICA FLOWERING HEADS,"1. Chuanchom Khuniad, 2. Worathat Thitikornpong, 1. Chanida Palanuvej, 1. 3. Nijsiri Ruangrungsi",Pharmacognosy Journal,2014,6,4
PHARMACOGNOSTIC INVESTIGATIONS OF THE AERIAL PARTS OF CHENOPODIUM FOLIOSUM ASCH. AND RADICAL-SCAVENGING ACTIVITIES OF FIVE FLAVONOIDS ISOLATED FROM METHANOL EXTRACT OF THE PLANT,,,,,
SYNTHESIS OF CURCUMIN AND ETHYLCURCUMIN BIOCONJUGATES AS POTENTIAL ANTITUMOR AGENTS,,,,,
QUALITATIVE ANALYSIS OF VARIOUS PLANT EXTRACTS OF ALPINIA OFFICINARUM,,,,,
PRINCIPAL COMPONENT ANALYSIS OF AND CORRELATION AMONG FRUIT AND CHEMICAL PARAMETERS FOR DIFFERENT FRUIT MORPHO-TYPES IN GARCINIA INDICA CHOISY,,,,,
"SKIMMIANINE, A FUROQUINOLINE ALKALOID FROM ZANTHOXYLUM NITIDUM AS A POTENTIAL ACETYLCHOLINESTERASE INHIBITOR",,,,,
STANDARDIZATION OF MARKETED KUMARI ASAVA- A POLYHERBAL AYURVEDIC FORMULATION,,,,,
ISOLATION AND CHARACTERIZATION OF A SUBSTITUTED ANTHRAQUINONE:A BIOACTIVE COMPOUND FROM CASSIA AURICULATA L.,,,,,
PHARMACOGNOSTICAL AND PHYTOCHEMICAL STUDIES OF ANNONA RETICULATA LINN,,,,,
PRELIMINARY PHYTO CHEMICALS INVESTIGATION OF EMBELIA RIBES.,,,,,
EFFECT OF EXTRACTION METHOD ON PHENOLIC CONTENT AND ANTIOXIDANT ACTIVITY OF MISTLETOE EXTRACTS FROM VISCUM ALBUM SUBSP. ABIETIS,"Wioleta Pietrzak, Renata Nowak, Marta Olech",Chemical Papers,2014,68,7
ACCUMULATION AND DISTRIBUTION OF FREE FOLIC ACID CONTENT IN RED BEET (BETA VULGARIS L.),,,,,
OPTIMIZATION OF ULTRASONIC-ASSISTED EXTRACTION OF ANTIOXIDANT COMPOUNDS FROM GUAVA (PSIDIUM GUAJAVA L.) LEAVES USING RESPONSE SURFACE METHODOLOGY,,,,,
MOLECULAR DOCKING STUDIES OF PHYTOCHEMICAL CONSTITUENTS OF THE FRUITS OF CUCUMIS TRIGONUS ROXB. AGAINST HEPATOCARCINOMO RECEPTORS,,,,,
PHYTOCHEMICAL EXAMINATION OF CORCHORUS CAPSULARIS LEAVES,,,,,
"PLANT REGENERATION, GENETIC FIDELITY, AND ACTIVE INGREDIENT CONTENT OF ENCAPSULATED HAIRY ROOTS OF PICRORHIZA KURROOA ROYLE EX BENTH",,,,,
PHYSICOCHEMICAL AND ANTIOXIDANT CHARACTERISTICS OF KAPOK (CEIBA PENTANDRA GAERTN.) SEED OIL,,,,,
ANTIOXIDANT ENZYME GENE EXPRESSION IN RESPONSE TO COPPER STRESS IN WITHANIA SOMNIFERA L.,,,,,
SIMULTANEOUS QUANTIFICATION OF CROCETIN ESTERS AND PICROCROCIN CHANGES IN CHINESE SAFFRON BY HIGH-PERFORMANCE LIQUID CHROMATOGRAPHY-DIODE ARRAY DETECTOR DURING 15 YEARS OF STORAGE,,,,,
MOLECULAR ANALYSIS OF GENETIC FIDELITY IN CANNABIS SATIVA L. PLANTS GROWN FROM SYNTHETIC (ENCAPSULATED) SEEDS FOLLOWING IN VITRO STORAGE,,,,,
HAIRY ROOT BIOTECHNOLOGY OF RAUWOLFIA SERPENTINA: A POTENT APPROACH FOR THE PRODUCTION OF PHARMACEUTICALLY IMPORTANT TERPENOID INDOLE ALKALOIDS,"1. Shakti Mehrotra, 1. 2. Manoj K. Goel, 1. 3. Vikas Srivastava, 1. Laiq Ur Rahman.",Biotechnology Letters,2015,37,2
APPLICATION OF MICROSCOPY TECHNIQUE AND HIGH PERFORMANCE LIQUID CHROMATOGRAPHY FOR QUALITY ASSESSMENT OF THE FLOWER BUD OF TUSSILAGO FARFARA L. (KUANDONGHUA),,,,,
PHYTOCHEMICAL PROFILE OF CODIAEUM VARIEGATUM (L.) BL.,,,,,
FUNGAL ELICITOR-MEDIATED ENHANCEMENT IN GROWTH AND ASIATICOSIDE CONTENT OF CENTELLA ASIATICA L. SHOOT CULTURES,,,,,
PHARMACOGNOSTIC EVALUATION AND DETERMINATION OF APPROPRIATE METHODOLOGY FOR EXTRACTION OF IMPORTANT BIOACTIVE COMPOUNDS OF AERVA SANGUINOLENTA LEAVES,,,,,
ON-LINE QUANTITATIVE MONITORING OF LIQUID-LIQUID EXTRACTION OF LONICERA JAPONICA AND ARTEMISIA ANNUA USING NEAR-INFRARED SPECTROSCOPY AND CHEMOMETRICS,,,,,
COMPARISON OF ANTHOCYANINS PRESENT IN GRAPES OF VITIS VINIFERA L. VARIETIES AND INTERSPECIFIC HYBRIDS GROWN IN THE CZECH REPUBLIC,,,,,
"GENETIC FIDELITY OF IN VITRO REGENERANTS, ENCAPSULATION OF SHOOT TIPS AND HIGH DIOSGENIN CONTENT IN DIOSCOREA BULBIFERA L., A POTENTIAL ALTERNATIVE SOURCE OF DIOSGENIN",,,,,
PHENOLIC COMPOUNDS AND VITAMIN ANTIOXIDANTS OF CAPER (CAPPARIS SPINOSA),,,,,
ENHANCED PLUMBAGIN PRODUCTION FROM IN VITRO CULTURES OF DROSERA BURMANII USING ELICITATION,,,,,
SPROUT DIFFERENTIATION AND MUTATION INDUCTION OF GARLIC (ALLIUM SATIVUM L.) CALLUS EXPOSED TO GAMMA RADIATION,"1. 2. Hassan H. A. Mostafa, 1. Haiping Wang, 1. Di Shen, 1. Yang Qiu, 1. Xixiang Li.",Plant Growth Regulation,2015,75,2
TRITERPENOID SAPONIN CONTENT AND THE EXPRESSION LEVEL OF SOME RELATED GENES IN CALLI OF CENTELLA ASIATICA,,,,,
"ANALYSIS OF PHYSIOBIOCHEMICAL ATTRIBUTES, SOME KEY ANTIOXIDANTS AND ESCULIN CONTENT THROUGH HPLC IN IN-VITRO GROWN CICHORIUM INTYBUS L. TREATED WITH ETHYLMETHANE SULFONATE",,,,,
EFFECTS OF FOLIAR APPLICATION OF 6-BENZYLAMINOPURINE ON YIELD AND OIL CONTENT IN TWO SPRING SAFFLOWER (CARTHAMUS TINCTORIUS L.) CULTIVARS,,,,,
PSORALEN PRODUCTION IN HAIRY ROOTS AND ADVENTITIOUS ROOTS CULTURES OF PSORALEA CORYFOLIA,,,,,
RUTIN AND TOTAL QUERCETIN CONTENT IN AMARANTH (AMARANTHUS SPP.),,,,,
EFFECT OF DRYING METHODS ON NUTRITIONAL COMPOSITION OF DEHYDRATED AONLA FRUIT (EMBLICA OFFICINALIS GARTEN) DURING STORAGE,,,,,
ANALYSIS OF FLAVONOIDS FROM LEAVES OF CULTIVATED LYCIUM BARBARUM L.,,,,,
PRODUCTION OF TROPANE ALKALOIDS IN HYOSCYAMUS NIGER (BLACK HENBANE) HAIRY ROOTS GROWN IN BUBBLE-COLUMN AND SPRAY BIOREACTORS,,,,,
IMPROVEMENT OF ARTEMISININ PRODUCTION BY CHITOSAN IN HAIRY ROOT CULTURES OF ARTEMISIA ANNUA L.,,,,,
METHYL JASMONATE MEDIATES UPREGULATION OF BACOSIDE A PRODUCTION IN SHOOT CULTURES OF BACOPA MONNIERI,"Poojadevi Sharma, Sheetal Yadav, Anshu Srivastava, Neeta Shrivastava.",Biotechnology Letters,2013,35,7
"GUGGULSTERONE PRODUCTION IN CELL SUSPENSION CULTURES OF THE GUGGUL TREE, COMMIPHORA WIGHTII, GROWN IN SHAKE-FLASKS AND BIOREACTORS",,,,,
EFFECT OF LOW STORAGE TEMPERATURE ON SOME OF THE FLAVOUR PRECURSORS IN GARLIC (ALLIUM SATIVUM),,,,,
VITAMIN C ENRICHMENT OF FRUIT JUICE BASED READY-TO-SERVE BEVERAGES THROUGH BLENDING OF INDIAN GOOSEBERRY (EMBLICA OFFICINALIS GAERTN.) JUICE,,,,,
SUPERCRITICAL FLUID EXTRACTION OF PHENOLIC COMPOUNDS AND ANTIOXIDANTS FROM GRAPE (VITIS LABRUSCA B.) SEEDS,,,,,
MICELLAR ELECTROKINETIC CHROMATOGRAPHY USING A CATIONIC SURFACTANT FOR RAPID SEPARATION AND DETERMINATION OF BISBENZYLISOQUINOLINE ALKALOIDS FROM EMBRYO OF THE SEED OF NELUMBO NUCIFERA GAERTN,,,,,
STUDIES ON THE CHEMICAL AND FLAVOR QUALITIES OF WHITE PEPPER (PIPER NIGRUM L.) DERIVED FROM FIVE NEW GENOTYPES,,,,,
THE EFFECTIVE PARAMETERS FOR SUBCRITICAL WATER EXTRACTION OF SDG LIGNAN FROM FLAXSEED (LINUM USITATISSIMUM L.) USING ACCELERATED SOLVENT EXTRACTOR,,,,,
A RAPID AND SIMPLE UPLC-MS - MS BASED SIMULTANEOUS DETERMINATION OF THE MEDICINALLY IMPORTANT E - AND Z -GUGGULSTERONE FROM OLEOGUM-RESINS OF NATURALLY OCCURRING COMMIPHORA WIGHTII PLANTS.,,,,,
"QUANTITATION OF EUGENOL, CINNAMALDEHYDE AND ISOEUGENOL FROM CINNAMOMUM TAMALA NEES AND EBERM. LEAF POWDER AND CINNAMOMUM ZEYLANICUM BREYN STEM BARK POWDER BY LC",,,,,
CAROTENOID CONTENT IN VEGETATIVE AND REPRODUCTIVE PARTS OF COMMERCIALLY GROWN MORINGA OLEIFERA LAM. CULTIVARS FROM INDIA BY LC-APCI-MS.,"Ramesh Kumar Saini, Nandini Prasad Shetty, Parvatam Giridhar.",European Food Research and Technology,2014,238,6
STANDARDIZATION OF RAJANYADI CHURNA : AN AYURVEDIC PREPARATION,,,,,
DETOXIFICATION OF CROTON TIGLIUM L. SEEDS BY AYURVEDIC PROCESS OF SODHANA,,,,,
APPLICATION OF RANDOM AMPLIFIED POLYMORPHIC DNA MARKERS FOR AUTHENTIFICATION OF THREE DIFFERENT AVAILABLE SOURCE PLANT OF A FREQUENTLY USED AYURVEDIC DRUG - TRIVRUT,,,,,
PHYTOCHEMICAL ANALYSIS OF AYURVEDIC KASHAAYA RESIDUES TO ASSESS ITS REUSABILITY,,,,,
FORMULATION AND EVALUATION OF A FACE WASH GEL OF NARDOSTACHYS JATAMANSI,,,,,
"PHARMACOGNOSTIC STUDY AND DEVELOPMENT OF QUALITY CONTROL PARAMETERS FOR FRUIT, BARK AND LEAF OF ZANTHOXYLUM ARMATUM (RUTACEAE)",,,,,
ANALYSIS OF FLAVONOIDS BY HPTLC IN RHIZOME EXTRACTS OF CURCUMA PSEDOMONTANA J. GRAHAM,,,,,
NEW POTENTIAL ALLELOCHEMICAL FROM SEEDS OF TRIGONELLA FOENUM GRAECUM LINN,,,,,
STANDARDIZATION AND QUALITY CONTROL PARAMETERS FOR MUKTABHASMA (CALCINED PEARL),,,,,
EVALUATION THE QUANTITY OF TANNINS IN AILANTHUS EXCELSA ROXB,"1. Bhatt Shashank, 2. Dhyani Suresh, 3. Kumar Sandeep.",European Journal of Biomedical and Pharmaceutical sciences,2015,2,6
PHARMACOGNOSTICAL EVALUATION OF LEAF OF NIII (INDIGOFERA TINCTORIA L.),,,,,
PHARMACOGNOSTIC EVALUATION AND PRELIMINARY PHYTOCHEMICAL ANALYSIS OF LEAF OF PLAKSA (FICUS VIRENS AITON),,,,,
PHYTOCHEMICAL SCREENING AND TLC PROFILING OF TEPHROSIA PURPUREA LEAVES AND STEM,,,,,
ANTIOXIDANT AND ANTI-INFL AMMATORY ACTIVITIES OF GINGER AQUEOUS AND ETHANOLIC EXTRACTS,,,,,
PHARMACOGNOSTICAL AND PRELIMINARY PHYTOCHEMICAL STUDIES ON THE BARK EXTRACTS OF PTEROSPERMUM ACERIFOLIUM,,,,,
COMPARATIVE GC ANALYSIS OF SEED ESSENTIAL OILS FROM TUNISIAN AND GERMAN CARAWAY (CARUM CARVI L.) ECOTYPES,,,,,
OPTIMISATION OF SOLVENT EXTRACTION OF ANTIOXIDANTS (PHENOLIC COMPOUNDS) FROM ALGERIAN MINT (MENTHA SPICATA L.),,,,,
PHARMACOGNOSTICAL AND PHYTOCHEMICAL STUDY OF SHODHANA PROCESS OF RAKTAGUNJA (RED VARIETY OF ABRUS PRECATORIOUS),,,,,
QUANTIFICATION OF QUERCETIN AND RUTIN FROM BENINCASA HISPIDA SEEDS AND CARISSA CONGESTA ROOTS BY HIGH-PERFORMANCE THIN LAYER CHROMATOGRAPHY AND HIGH-PERFORMANCE LIQUID CHROMATOGRAPHY,,,,,
QUANTITATIVE AND QUALITATIVE ANALYSIS OF PHENOLIC AND FLAVONOID CONTENT IN MORINGA OLEIFERA LAM AND OCIMUM TENUIFLORUM L.,"Sangeeta Sankhalkar, Vrunda Vernekar.",Pharmacognosy Research,2016,8,1
EVALUATION OF THE IMPACT OF REGIONAL VARIATION ON B-SITOSTEROL CONTENT IN ASTERACANTHA LONGIFOLIA NEES. SEEDS USING HPTLC AND HPLC TECHNIQUE,,,,,
PREPARATION AND CHARACTERIZATION OF MERCURY BASED TRADITIONAL HERBOMINERAL FORMULATION : SHWAS KUTHAR RASA,,,,,
PHARMACOGNOSTIC AND PHYSICO-CHEMICAL STANDARDIZATION OF MACROTYLOMA UNIFLORUM (LAM.) VERDC. EDIBLE SEED,,,,,
PHYTOCHEMICAL AND PHARMACOGNOSTIC EVALUATION OF LEAVES OF PONGAMIA PINNATA L. (FABACEAE),,,,,
DETERMINATION OF CUCURBITACIN B IN TRICHOSANTHES DIOICA ROXB BY HPTLC,,,,,
"EFFECTS OF SHORT-TERM HEATING ON TOTAL POLYPHENOLS, ANTHOCYANINS, ANTIOXIDANT ACTIVITY AND LECTINS OF DIFFERENT PARTS OF DWARF ELDER (SAMBUCUS EBULUS L.)",,,,,
QUALITATIVE AND QUANTITATIVE ANALYSIS OF NYCTANTHES ARBORTRISTIS LINN LEAF EXTRACTS BY HPTLC,,,,,
PHARMACOGNOSTICAL ASPECTS OF GLYCYRRHIZA GLABRA,,,,,
GC-MS ANALYSIS OF BIOACTIVE COMPONENTS FROM CUCUMIS MELO L. (CUCURBITACEAE),,,,,
AMINO ACIDS COMPOSITION OF ARTEMISIA L. GENUS SPECIES SUBGENUS DRACUNCULUS BESS. FROM UKRAINIAN FLORA,"Oleksandr Ochkur, Alla Kovalyova, Natalya Sydora.",The Pharma Innovation,2013,2,3
"RAPID EXTRACTION, ISOLATION, AND QUANTIFICATION OF OLEANOLIC ACID FROM LANTANA CAMARA L. ROOTS USING MICROWAVE AND HPLC - PDA TECHNIQUES.",,,,,
"DEVELOPMENT AND VALIDATION OF RPHPLC METHOD FOR SIMULTANEOUS ESTIMATION OF PICROSIDE I, PLUMBAGIN, AND ZGUGGULSTERONE IN TABLET FORMULATION",,,,,
MINERAL CONTENTS FROM SOME FABACEOUS PLANT SPECIES OF RAJASTHAN DESERT,,,,,
TRADITIONAL MEDICINAL PLANTS USED FOR THE TREATMENT OF DIABETES,,,,,
EMBLICA OFFICINALIS (AMLA): PHYSICO-CHEMICAL AND FATTY ACID ANALYSIS FROM ARID ZONE OF RAJASTHAN,,,,,
"CHARACTERIZATION AND VALIDATION OF SILVER NANOPARTICLES FROM HOLARRHENA PUBESCENS - AN IMPORTANT ETHNOMEDICINAL PLANT OF KURNOOL DISTRICT, ANDHRA PRADESH, INDIA",,,,,
ANALYSIS OF BIOACTIVE COMPONENTS FROM CHLOROFORM AND HYDROALCOHOLIC EXTRACTS OF INDIGOFERA CORDIFOLIA SEEDS BY GC-MS,,,,,
ARTEMISININ FROM MINOR TO MAJOR INGREDIENT IN ARTEMISIA ANNUA CULTIVATED IN EGYPT,,,,,
EXTRACTION AND CHARACTERIZATION OF MICROCRYSTALLINE CELLULOSE OBTAINED FROM THE BACK OF THE FRUIT OF LAGERIANA SICERARIA (WATER GOURD,,,,,
PHARMACOGNOSTIC AND PHYTOCHEMICAL INVESTIGATIONS OF PLUMBAGO ZEYLANICA LINN. ROOT,"1. Pravin Sopan Borhade, 1. Tushar Atmaram Deshmukh, 1. Vijay Raghunath Patil, 2. Kishanchnad Radhesham Khandelwal.",Journal of Pharmacognosy and Phytochemistry,2014,2,6
OPTIMIZATION OF POLYHERBAL LAXATIVE TABLET,,,,,
QUANTIFICATION AND CHARACTERIZATION OF ALKALOIDS FROM ROOTS OF RAUWOLFIA SERPENTINA USING ULTRA-HIGH PERFORMANCE LIQUID CHROMATOGRAPHY-PHOTO DIODE ARRAY-MASS SPECTROMETRY,,,,,
FTIR SPECTROSCOPIC STUDIES ON CARICA PAPAYA,,,,,
MOLECULAR DOCKING AND MOLECULAR DYNAMICS TO IDENTIFY A NOVEL HUMAN IMMUNODEFICIENCY VIRUS INHIBITOR FROM ALKALOIDS OF TODDALIA ASIATICA,,,,,
PHARMACEUTICAL STANDARDIZATION OF SHANKHAPANI RASA AN EFFICATIOUS REMEDY IN KASHTARTAVA,,,,,
STANDARDIZATION OF RASAPARPATI,,,,,
PHARMACOGNOSTICAL AND PHYTOCHEMICAL STUDIES ON HEARTWOOD OF CAESALPINIA SAPPAN LINN,,,,,
MORPHOLOGICAL AND CHEMOPROFILE (LIQUID CHROMATOGRAPHY-MASS SPECTROSCOPY AND GAS CHROMATOGRAPHY-MASS SPECTROSCOPY) COMPARISONS OF CYPERUS SCARIOSUS R. BR AND CYPERUS ROTUNDUS L.,,,,,
STANDARDIZATION OF BHRINGARAJASAVA,,,,,
PHARMACOGNOSTICAL AND PRELIMINARY PHYSICO-CHEMICAL PROFILES OF BLEPHARISPERMUM SUBSESSILE DC. ROOT,"Amruta Jadhav, Rabinarayan Acharya, 1. Harisha C.R., 2. Vinay J. Shukla, 3. Harimohan Chandola.",AYU,2015,36,1
FOURIER TRANSFORM INFRARED ANALYSIS OF TAMRA BHASMA AT DIFFERENT LEVELS: A PRELIMINARY STUDY,,,,,
PILOT STUDY ON ANTARDHUMA RASASINDURA A FORGOTTEN AMBROSIA,,,,,
A STUDY OF VARIOUS MARKET SAMPLES OF SWEET FLAG (ACORUS CALAMUS LINN) WITH SPECIAL REFERENCE TO ITS PHARMACOGNOSTIC & PHYTOCHEMICAL ASPECTS,,,,,
ISOLATION OF PHYTOCONSTITUENTS FROM THE ROOTS OF BAMBUSA ARUNDINACEA,,,,,
"PHARMACOGNOSTICAL, PHYTOCHEMICAL AND NUTRITIONAL EVALUATION OF GLINUS OPPOSITIFOLIUS (L.) AUG. DC",,,,,
PHARMACOGNOSTIC EVALUATION ON SEEDS OF MADHUCA LONGIFOLIA (KOEN.) MACBR. VAR. LATIFOLIA (ROXB.) A. CHEVAL,,,,,
"FINGER PRINTING OF THE ANATOMICAL MARKERS, HPTLC PROFILE AND HEAVY METALS CONTENT IN THE LEAVES OF ARISTOLOCHIA INDICA LINN.",,,,,
VALIDATED ANALYTICAL RP-HPLC METHOD FOR QUANTITATION OF WEDELOLACTONE FROM ECLIPTA ALBA AND MARKETED AYURVEDIC FORMULATIONS,,,,,
ALKALINE PHOSPHATASE ACTIVITY-GUIDED ISOLATION OF ACTIVE COMPOUNDS AND NEW DAMMARANE-TYPE TRITERPENES FROM CISSUS QUADRANGULARIS HEXANE EXTRACT,,,,,
PHYTOCHEMICAL ANALYSIS AND PHARMACOGNOSTIC EVALUATION OF NILIROOT (INDIGOFERA TINCTORIA L.),"1. Ravi Sundar Prajapati, 2. G. P. Richhariya, 1. I. P. Tripathi, 1. Ravindra Singh, 5. Manoj Tripathi.",European Journal of Biomedical and Pharmaceutical sciences,2016,3,2
STANDARD MANUFACTURING PROCEDURE FOR LAGHU MALINI VASANTA RASA IN CONTEXT OF BHAVANA (LEVIGATION),,,,,
"HIGH PERFORMANCE THIN LAYER CHROMATOGRAPHY FINGERPRINTING, PHYTOCHEMICAL AND PHYSICO-CHEMICAL STUDIES OF ANTI-DIABETIC HERBAL EXTRACTS",,,,,
X-RAY DIFFRACTION OF DIFFERENT SAMPLES OF SWARNA MAKSHIKA BHASMA,,,,,
COMPARATIVE PHARMACOGNOSTICAL STUDY OF ROOT STOCK AND ROOT OF PYGMEAOPREMNA HERBACEA (ROXB.) MOLD NK. - SOURCE PLANT OF BHARANGI,,,,,
PRELIMINARY QUALITY CONTROL PARAMETERS OF KAMSAHARITAKI AVALEHA AND ITS GRANULES,,,,,
PREPARATION OF VIDA LAVANA AND ITS ENERGY DISPERSIVE X-RAY ANALYSIS,,,,,
A PRELIMINARY PHYTO-PHARMACOGNOSTICAL EVALUATION OF OPUNTIA ELATIOR MILL. (NAGAPHANI OR HATHALO-THORE) FRUIT,,,,,
SWEDANA SAMSAKARA OF HARITAKI (TERMINALIA CHEBULA RETZ) WITH JALA AND GOMUTRA: A COMPARATIVE PHYTO-PHARMACOGNOSTICAL STUDY,,,,,
PRELIMINARY PHARMACOGNOSTICAL AND PHYTOCHEMICAL EVALUATION OF SHUDDHA AND ASHUDDHA HARITAKI (TERMINALIA CHEBULA RETZ.),,,,,
EFFECT OF BHAVANA SAMSKARA ON PARTICLE SIZE DISTRIBUTION IN VARIOUS STAGES OF PREPARATION OF NIRUHA BASTI WITH SPECIAL REFERENCE TO MADHUTAILIKA BASTI,"1. Sumitha L, 2. Gudaganatti K S, 3. Prasad B S.",International Journal of Ayurvedic Medicine,2014,5,4
TRADITION AND TECHNOLOGY WITH SPECIAL RESPECT TO DHOUTA SAMSKARA OF SHATADHOUTA GHRITA,,,,,
DEVELOPMENT AND VALIDATION OF STABILITY INDICATING HPLC METHOD FOR ESTIMATION OF EMBELIN IN EMBELIA TSJERIAM COTTAM(VIDANGA),,,,,
PHYSICO-CHEMICAL PROPERTIES AND CHROMATOGRAPHIC FINDINGS OF DIFFERENT NATURAL SOLVENT EXTRACTS OF VITEX NEGUNDO LINN.,,,,,
PHYSICO-CHEMICAL CHARACTERIZATION OF ASHODHIT (UNPROCESSED) AND SHODHIT (PROCESSED) NILANJANA,,,,,
A PRELIMINARY PHYTO-PHARMACOGNOSTICAL EVALUATION OF CALOTROPIS GIGANTEA (L.) R. BR. ( ALARKA OR MANDARA ) ROOT,,,,,
"PHARMACOGNOSTICAL & PHYSICOCHEMICAL ANALYSIS OF MUSTA-TRIPHALADI AVALEHYA, USED IN THE MANAGEMENT OF THALASSEMIA MAJOR",,,,,
COMPARATIVE PHYSICOCHEMICAL AND NUTRITIONAL ANALYSIS OF 1 YEAR OLD AND NEW (MUDGA )VIGNA RADIATA(L)R WILCZEK,,,,,
SHELF LIFE EVALUATION OF KAMSAHARITAKI AVALEHA AND ITS GRANULES A PRELIMINARY STUDY,,,,,
EFFECT OF SEASONAL VARIATIONS ON THE PHYTOCONSTITUENTS OF ASVAGANDHA W.R. TO LUNAR CYCLES,,,,,
FUNCTIONAL CHARACTERIZATION OF ENT-COPALYL DIPHOSPHATE SYNTHASE FROM ANDROGRAPHIS PANICULATA WITH PUTATIVE INVOLVEMENT IN ANDROGRAPHOLIDES BIOSYNTHEISS,"1. Qinqin Shen, 3. Lixia Li, 1. Yu Jiang, 1, 2. Qiang Wang.",Biotechnology Letters,2016,38,1
DISSIPATION KINETICS AND EFFECT OF PROCESSING ON IMIDACLOPRID AND ITS METABOLITES IN CARDAMOM (ELETTARIA CARDAMOMUM MATON),,,,,
DISCRIMINATION BASED ON CHANGES IN THE PHYSICAL PROPERTIES OF FENUGREEK (TRIGONELLA FOENUM-GRAECUM L.) SEEDS SUBJECTED TO VARIOUS CULTIVATION CONDITIONS,,,,,
COMPARATIVE ANALYSIS OF VOLATILE FLAVOR COMPOUNDS OF POPPY SEED OIL EXTRACTED BY TWO DIFFERENT METHODS VIA GAS CHROMATOGRAPHY/MASS SPECTROMETRY,,,,,
EVALUATION OF SUN PROTECTION FACTOR OF ZINGIBER OFFICINALE ROSCOE EXTRACT BY ULTRAVIOLET SPECTROSCOPY METHOD,,,,,
IDENTIFICATION OF SAFRANAL IN VOLATILE OIL EXTRACTED FROM TUBULAR CALYX OF NYCTANTHES ARBOR-TRISTIS : A SUBSTITUTE TO SAFFRON AROMA,,,,,
PHYSICOCHEMICAL AND EXCIPIENT CHARACTERISTICS OF A POLYMER ISOLATED FROM THE SEEDS OF WATERMELON (CITRULLUS LANATUS),,,,,
ENHANCED CAMPTOTHECIN PRODUCTION INDUCED BY ELICITORS IN THE CELL SUSPENSION CULTURES OF OPHIORRHIZA MUNGOS LINN.,,,,,
PHARMACOGNOSTIC SPECIFICATIONS AND QUANTIFICATION OF OLEANOLIC ACID AND LUPEOL IN MOLLUGO OPPOSITIFOLIA LINN.,,,,,
REVERSE PHASE ULTRA FLOW LIQUID CHROMATOGRAPHY DIODE ARRAY DETECTOR QUANTIFICATION OF ANTICANCEROUS AND ANTIDIABETIC DRUG MANGIFERIN FROM 11 SPECIES OF SWERTIA FROM INDIA,,,,,
PHARMACEUTICAL STANDARDIZATION OF SWARNA BHASMA (INCINERATED GOLD) BY ADOPTING TRADITIONAL METHOD,"1. Sanjay B Khedekar, 2. Biswajyoti Patgiri, 3. Pradeep Kumar Prajapati.",Annals of Ayurvedic Medicine,2015,4,3-4
HIGH PERFORMANCE THIN LAYER CHROMATOGRAPHY QUALITATIVE DENSITOMETRY AS A SENSITIVE METHOD TO ASSESS SHELF LIFE OF POLYHERBAL FORMULATIONS: A STUDY ON HUTABHUGADI CHURNA,,,,,
AYURVEDIC HYDRO-ALCOHOLIC ANTI-ASTHMATIC MEDICINE VASARISHTA BUILT UPON MRITASANJEEVANI SURA: DEVELOPMENT AND EVALUATION,,,,,
"A CONTEMPORARY APPROACH ON DESIGN, DEVELOPMENT, AND EVALUATION OF AYURVEDIC FORMULATION - TRIPHALA GUGGULU",,,,,
"MONITORING AND ASSESSMENT OF TREATED RIVER, RAIN, GULLY POT AND GREY WATERS FOR IRRIGATION OF CAPSICUM ANNUUM",,,,,
QUANTITATIVE PHYTOCHEMICAL EVALUATION OF INDIGOFERA HIRSUTA L. PLANT PARTS,,,,,
SUPERCRITICAL CO2 EXTRACTION OF ACTIVE COMPONENTS OF FENUGREEK (TRIGONELLA FOENUM-GRAECUM L.) SEED,,,,,
"EVALUATION OF PIPERINE CONTENT FROM ROOTS OF PIPER LONGUM LINN., ORIGINATED FROM DIFFERENT SOURCES WITH COMPARISON OF ZONAL VARIATION IN ODISHA, INDIA",,,,,
EFFECT OF ADANSONIA DIGITATA GUM ON SOME PHYSICOCHEMICAL PROPERTIES OF PARACETAMOL PEDIATRIC SUSPENSION FORMULATIONS,,,,,
IN VITRO INDUCTION AND CHARACTERIZATION OF TETRAPLOID PATCHOULI (POGOSTEMON CABLIN BENTH.) PLANT,,,,,
ACIDIC POTASSIUM PERMANGANATE CHEMILUMINESCENCE FOR THE DETERMINATION OF ANTIOXIDANT POTENTIAL IN THREE CULTIVARS OF OCIMUM BASILICUM,"1, 2. Shivani Srivastava, 1. Alok Adholeya, 2. Xavier A. Conlan, 2. David M. Cahill.",Plant Foods for Human Nutrition,2016,71,1
COMPREHENSIVE EVALUATION OF ANTIOXIDANT POTENTIAL OF 10 SALVIA SPECIES USING HIGH PRESSURE METHODS FOR THE ISOLATION OF LIPOPHILIC AND HYDROPHILIC PLANT FRACTIONS,,,,,
"PHYSICOCHEMICAL, NUTRITIONAL, AND FUNCTIONAL CHARACTERISTICS OF SEEDS, PEEL AND PULP OF GREWIA TENAX (FORSSK) FIORI FRUITS",,,,,
PURIFICATION AND CHARACTERIZATION OF ASPARAGINASE FROM PHASEOLUS VULGARIS SEEDS,,,,,
EFFECTS OF SELECTED PHYSICOCHEMICAL PARAMETERS ON ZERUMBONE PRODUCTION OF ZINGIBER ZERUMBET SMITH CELL SUSPENSION CULTURE,,,,,
PHYTOCHEMICAL AND PHYSICOCHEMICAL EVALUATION OF MOCHARASA WITH REFERENCE TO ADULTERATION,,,,,
PHARMACOGNOSTICAL PROFILES OF TRIPHALA MASI PREPARED AT DIFFERENT LEVELS OF TEMPERATURE,,,,,
SHODHANA OF VANG BY THREE DIFFERENT METHODS AND ITS ANALYTICAL STUDY,,,,,
SPECTROSCOPIC FINGERPRINT OF TEA VARIETIES BY SURFACE ENHANCED RAMAN SPECTROSCOPY,,,,,
FLAVAN-3-OL ISOMERS ISOLATED FROM EUPHORBIA THYMIFOLIA LINN,,,,,
SHELF LIFE EVALUATION AND COMPARATIVE HPTLC PROFILE OF HRIDYA YOGA CHURNA,"1. Vidhya Unnikrishnan, 2. Karra Nishteswar, 3. Bhupesh R. Patel",Pharmacognosy Journal,2016,8,3
PHARMACOGNOSTIC EVALUATION OF MELILOTUS OFFICINALIS LINN.,,,,,
PHARMACOGNOSTIC EVALUATION OF EPILOBIUM HIRSUTUM LINN.,,,,,
CHEMICAL COMPOSITION OF ESSENTIAL OILS FROM PLANTAGO LANCEOLATA L. LEAVES EXTRACTED BY HYDRODISTILLATION,,,,,
"ASSESSMENT OF TOTAL PHENOLIC, FLAVONOID, TANNIN CONTENT AND PHYTOCHEMICAL SCREENING OF LEAF AND FLOWER EXTRACTS FROM PELTOPHORUM PTEROCARPUM (DC.) BACKER EX K.HEYNE: A COMPARATIVE STUDY",,,,,
PHARMACOGNOSTIC SCREENING OF PIPER TRICHOSTACHYON FRUITS AND ITS COMPARATIVE ANALYSIS WITH PIPER NIGRUM USING CHROMATOGRAPHIC TECHNIQUES,,,,,
DNA-BASED SIMULTANEOUS IDENTIFICATION OF THREE TERMINALIA SPECIES TARGETING ADULTERATION,,,,,
ELICITATION BASED ENHANCEMENT OF SECONDARY METABOLITES IN RAUWOLFIA SERPENTINA AND SOLANUM KHASIANUM HAIRY ROOT CULTURES,,,,,
ENHANCED SYNTHESIS OF CURCULIGOSIDE BY STRESS AND AMINO ACIDS IN STATIC CULTURE OF CURCULIGO ORCHIOIDES GAERTN (KALI MUSLI),,,,,
PHYTOCHEMICAL POTENTIALS OF WRIGHTIA TINCTORIA (ROXB.) R.BR AND DYEROPHYTUM RUBRUM (GIBS. EX WT.),,,,,
SCAR MOLECULAR MARKERS FOR IDENTIFICATION AND AUTHENTICATION OF MEDICINAL PLANTS PODOPHYLLUM HEXANDRUM ROYLE,"1. Waleed M. Al-Shaqha, 2. Mohsin Khan, 1. Anis Ahmad Chaudhary.",Asian Journal of Biochemical and Pharmaceutical Research,2014,4,4
PRODUCTION OF BEER BY USING ANDROGRAPHIS AS BITTERING AGENT AND ITS ALCOHOL ESTIMATION,,,,,
BIOCHEMICAL CHARACTERIZATION OF SPATHE AND PEDUNCLE DURING AGEING OF FLOWERS IN SCREWPINE (PANDANUS FASCICULARIS LAM.),,,,,
SALICYLIC ACID AND PHENOLIC COMPOUNDS UNDER CADMIUM STRESS IN CUCUMBER PLANTS (CUCUMIS SATIVUS L.),,,,,
ANALYSIS OF ELEMENTS AND BACOSIDES IN IN VITRO SHOOT CULTURE OF BACOPA MONNIERI,,,,,
ANTIOXIDANT POOL OPTIMIZATION IN CARTHAMUS TINCTORIUS L. LEAVES UNDER DIFFERENT NACL LEVELS AND TREATMENT DURATIONS,,,,,
"HEAVY METAL CONTENT IN TEA SOILS AND THEIR DISTRIBUTION IN DIFFERENT PARTS OF TEA PLANTS, CAMELLIA SINENSIS (L). O. KUNTZE",,,,,
BIOEFFICACY AND PERSISTENCE OF ACEPHATE IN MUNGBEAN VIGNA RADIATA (L.) WILCZEK,,,,,
EFFECT OF CRYOGENIC GRINDING ON VOLATILE AND FATTY OIL CONSTITUENTS OF CUMIN (CUMINUM CYMINUM L.) GENOTYPES,,,,,
"ULTRASOUND TREATMENT: EFFECT ON PHYSICOCHEMICAL, MICROBIAL AND ANTIOXIDANT PROPERTIES OF CHERRY (PRUNUS AVIUM)",,,,,
EVALUATION OF NUTRACEUTICAL AND ANTINUTRITIONAL PROPERTIES IN BARNYARD AND FINGER MILLET VARIETIES GROWN IN HIMALAYAN REGION,"Priyankar Panwar, Ashutosh Dubey, A. K. Verma.",Journal of Food Science and Technology,2016,53,6
"PHARMACOGNOSTIC, PHYSICOCHEMICAL AND CHROMATOGRAPHIC CHARACTERIZATION OF SAMASHARKARA CHURNA",,,,,
STANDARD MANUFACTURING PROCEDURE OF TEEKSHNA LAUHA BHASMA,,,,,
ASPERGILLUS FLAVUS FUNGUS ELICITATION IMPROVES VINCRISTINE AND VINBLASTINE YIELD BY AUGMENTING CALLUS BIOMASS GROWTH IN CATHARANTHUS ROSEUS,,,,,
COMPARATIVE POWDER MICROSCOPIC AND HPTLC STUDIES ON STEM BARKS OF SYMPLOCOS RACEMOSA ROXB. AND SYMPLOCOS CRATAEGOIDES HAM,,,,,
"GC- MS ANALYSIS OF MUSSAENDA ROXBURGHII HK.F.: A FOLK FOOD PLANT USED AMONG TRIBES OF ARUNACHAL PRADESH, INDIA",,,,,
QUALITY CONTROL STANDARDIZATION OF WILD HIMALAYAN PEAR: PYRUS PASHIA,,,,,
"ANALYSIS OF PROPAGATION OF BACOPA MONNIERI (L.) FROM HAIRY ROOTS, ELICITATION AND BACOSIDE A CONTENTS OF RI TRANSFORMED PLANTS",,,,,
"CALLUS INDUCTION AND ORGANOGENESIS FROM RAY FLORETS OF TAGETES ERECTA, L",,,,,
"YEAST EXTRACT INDUCTION OF SANGUINARINE BIOSYNTHESIS IS PARTIALLY DEPENDENT ON THE OCTADECANOIC ACID PATHWAY IN CELL CULTURES OF ARGEMONE MEXICANA L., THE MEXICAN POPPY",,,,,
LC-ESI-MS/MS METHOD FOR SIMULTANEOUS DETERMINATION OF TRITERPENOID GLYCOSIDES AND AGLYCONES IN CENTELLA ASIATICA L.,"Narendra A. Gajbhiye, Jayanti Makasana, Ajoy Saha, Iren Patel, R. S. Jat.",Chromatographia,2016,79,11
HEALTH HAZARDS AND HEAVY METALS ACCUMULATION BY SUMMER SQUASH (CUCURBITA PEPO L.) CULTIVATED IN CONTAMINATED SOILS,,,,,
"IN VITRO FLOWERING, GLANDULAR TRICHOMES ULTRASTRUCTURE, AND ESSENTIAL OIL ACCUMULATION IN MICROPROPAGATED OCIMUM BASILICUM L.",,,,,
IN VITRO SLOW-GROWTH STORAGE OF CHLOROPHYTUM BORIVILIANUM SANT. ET FERNAND: A CRITICALLY ENDANGERED HERB,,,,,
FORTIFICATION OF DAHI (INDIAN YOGHURT) WITH OMEGA-3 FATTY ACIDS USING MICROENCAPSULATED FLAXSEED OIL MICROCAPSULES,,,,,
"CHARACTERISATION OF VISCOSITY, COLOUR, 5-HYDROXYMETHYLFURFURAL CONTENT AND DIASTASE ACTIVITY IN RAW RAPE HONEY (BRASSICA NAPUS) AT DIFFERENT TEMPERATURES",,,,,
EXTRACTION AND CHARACTERIZATION OF MONTMORENCY SOUR CHERRY (PRUNUS CERASUS L.) PIT OIL,,,,,
FATTY ACID PROFILES OF SOME FABACEAE SEED OILS,,,,,
A COMPARATIVE STUDY OF VASA AVALEHA PREPARED BY VASA WSARASA AND VASA KWATHA,,,,,
FUNCTIONAL CHARACTERIZATION AND DIFFERENTIAL EXPRESSION STUDIES OF SQUALENE SYNTHASE FROM WITHANIA SOMNIFERA,,,,,
METABOLITE PROFILING BY UPLC-PDA-ESI/HDMS AND ANTIBACTERIAL ACTIVITY OF MEMECYLON TALBOTIANUM BRANDIS,"1. Tumkur Ramasetty Bharathi, 2. Shailasree Sekhar, 1. Kigga Kadappa Sampath Kumara, 1. Mudalabeedu Chandregowda Madhusudhan, 1. Harishchandra Sripathy Prakash.",Pharmacognosy Communications,2016,6,4
"HIGH-PERFORMANCE THIN LAYER CHROMATOGRAPHY METHOD DEVELOPMENT, VALIDATION, AND SIMULTANEOUS QUANTIFICATION OF FOUR COMPOUNDS IDENTIFIED IN STANDARDIZED EXTRACTS OF ORTHOSIPHON STAMINEUS",,,,,
PHARMACOGNOSTICAL STANDARDIZATION OF GORAKSHA PODS: AN IMPORTANT NUTRITIVE AND ANTIDIABETIC PLANT,,,,,
"MACRO-MICROSCOPIC EVALUATION, PHYSICOCHEMICAL ANALYSIS AND HPTLC FINGER PRINTING OF CURCULIGO ORCHIOIDES GAERTN. RHIZOME",,,,,
"CALLUS INDUCTION AND ELICITATION OF TOTAL PHENOLICS IN CALLUS CELL SUSPENSION CULTURE OF CELASTRUS PANICULATUS - WILLD, AN ENDANGERED MEDICINAL PLANT IN INDIA",,,,,
IDENTIFICATION OF INDIAN SIDA THROUGH MERICARP,,,,,
PREPARATION AND ANALYTICAL STUDIES ON SOME BHASMAS USED IN AYURVEDA,,,,,
STANDARDIZATION OF THE CONDITIONS FOR EXTRACTION OF POLYPHENOLS FROM POMEGRANATE PEEL,,,,,
PHYSICOCHEMICAL AND PHYTOCHEMICAL ANALYSIS OF DIFFERENT PARTS OF INDIAN KESAR MANGO - A UNIQUE VARIETY FROM SAURASHTRA REGION OF GUJARAT.,,,,,
"ELUCIDATION OF FLAVONOIDS FROM CARISSA CONGESTA, POLYALTHIA LONGIFOLIA, AND BENINCASA HISPIDA PLANT EXTRACTS BY HYPHENATED TECHNIQUE OF LIQUID CHROMATOGRAPHY-MASS SPECTROSCOPY",,,,,
STANDARDIZATION OF KUPIPAKWA RASA - A PHARMACEUTICAL APPROACH,"1. A.K. Choudhary, 2. Shailesh Nawkar.",Bulletin of Medico-Ethno-Botanical Research,2000,21,3-4
EFFECTS OF GROWTH REGULATORS ON GROWTH AND METABOLISM OF SOLANUM KHASIANUM CLARKE.,,,,,
IN VITRO PROPAGATION OF PAEDERIA FOETIDA LINN. (PRASARANI) THROUGH STEM AND LEAF CULTURE.,,,,,
PHARMACOGNOSTIC STUDIES ON THE LEAVES OF AEGLE MARMELOS (LINN.) CORR.,,,,,
PHARMACOGNOSTIC STANDARDS OF BAL RASAYAN.,,,,,
PHARMACOGNOSTICAL STUDIES ON VANA HARIDRA CURCUMA AROMATICA SALISB. (ZINGIBERACEAE) AND COMPARISON WITH COSCINIUM FENESTRATUM GAERTN. (MENISPERMACEAE).,,,,,
PHARMACOGNOSTIC STANDARDIZATION OF DRAVANTI.,,,,,
VEGETATIVE PROPAGATION OF DESMODIUM GANGETICUM (L.) DC. (SHALAPARNI) BY STEM CUTTINGS.,,,,,
CHEMICAL INVESTIGATION OF ANGELICA ARCHANGELICA LINN.,,,,,
COMPARATIVE ANALYTICAL STUDY OF SRNGYADI CURNA PREPARED WITH TWO DIFFERENT INGREDIENTS.,,,,,
ANALYSIS OF PHENOLIC ACIDS IN DIFFERENT PARTS OF MALLOTUS PHILIPPINENSIS MUELL. ARG AND THEIR CORRELATION WITH THERAPEUTIC USES IN AYURVEDA.,"1. B. S. Shradha, 2. V. K. Joshi, 3. S. Maurya, 4. U.P. Singh.",Bulletin of Medico-Ethno-Botanical Research,2005,26,3-4
PHYSICO- CHEMICAL STANDARDIZATION OF NARCHA CHURNA - AN AYURVEDIC FORMUALTION.,,,,,
STANDARDISATION OF HINGVASTAKA CURNA USING CHEMICAL METHODS.,,,,,
OBSERVATIONS ON LEAF CULTURE OF BRAHMI - BACOPA MONNIER (L.) PENNELL.,,,,,
CHEMICAL CONSTITUENTS OF FLOWERS OF CLERODENDRON SPLENDENS G. DON.,,,,,
STANDARDISATION OF HINGVASTAKA CURNA.,,,,,
ANTIBACTERIAL ACTIVITY OF THE LEAF EXTRACT OF HELIANTHUS ANNUS L.,,,,,
PHARMACOGNOSTIC AND PRELIMINARY PHYTOCHEMICAL STUDIES ON THE FLOWERS OF KOVIDARA: BAUHINIA PURPUREA L.,,,,,
MICRO-BIOLOGICAL SCREENING OF MADHUCA FLOWERS.,,,,,
PHARMACEUTICAL STANDARDIZATION OF KAMSAHARITAKI GRANULES.,,,,,
SHODHANA SANSKARA OF RED GUNJA (ABRUS PRECATORIUS L.) KERNELS: A PHARMACEUTICAL STUDY.,Dev Nath Singh Gautam.,International Journal of Ayurvedic Medicine,2016,7,3
PHARMACOGNOSTIC AND PRELIMINARY PHYTOCHEMICAL ANALYSIS OF ACTINIOPTERIS DICHOTOMA BEDD.,,,,,
PHARMACOGNOSTICAL AND PHARMACEUTICAL ANALYSIS OF GANDHAKADI YOGA VATI.,,,,,
CHILLING-INDUCED CHANGES IN THE ANTIOXIDANT STATUS OF BASIL PLANTS.,,,,,
PHARMACOGNOSTICAL STANDARDIZATION OF UPODIKA- BASELLA ALBA L.: AN IMPORTANT AYURVEDIC ANTIDIABETIC PLANT.,,,,,
PREPARATION OF ARJUNARISTA - USING MICROBES ISOLATED FROM WOODFORDIA FRUTICOSA FLOWERS (DHAYATI).,,,,,
LEVELS OF CURCUMINOID AND ESSENTIAL OIL COMPOSITIONS IN TURMERICS (CURCUMA LONGA L.) GROWN IN KOREA.,,,,,
"DETERMINATION OF FREE FATTY ACIDS OF CHINESE CORIANDRUM SATIVUM L. USING BENZIMIDAZO (2,1-B) QUINAZOLIN-12(6H)-ONE-5-ETHYL-P-TOLUENESULFONATE AS PRECOLUMN LABELING REAGENT BY LC WITH FLUORESCENCE DETECTION.",,,,,
DEVELOPMENT OF A FAST AND SENSITIVE UPLC-MS/MS METHOD FOR QUANTITATION OF DILIGNOLS IN AGED GARLIC EXTRACT.,,,,,
SEPARATION AND PURIFICATION OF ANGIOTENSIN-I-CONVERTING ENZYME (ACE) INHIBITORY PEPTIDES FROM WALNUTS (JUGLANS REGIA L.) MEAL.,,,,,
PHENOLIC PROFILING OF GREEN LENTIL (LENS CULINARIS MEDIC.) SEEDS SUBJECTED TO LONG-TERM STORAGE.,"Mahla Mirali, Randy W. Purves, Albert Vandenberg.",European Food Research and Technology,2016,242,12
SIMULTANEOUS DETERMINATION OF SELECTED ANTI-NUTRITIONAL COMPONENTS IN ASIATIC PLANTS USING ION CHROMATOGRAPHY.,,,,,
CALIBRATION OF NIRS FOR THE ESTIMATION OF FATTY ACIDS IN BRASSICA JUNCEA.,,,,,
PHARMACOGNOSTRIC STUDIES ON THE LEAVES OF TINTIDIKA RHUS PARVIFLORA ROXB.,,,,,
A COMPARATIVE STUDY OF NUTMEG (MYRISTICA FRAGRANS HOUTT.) OLEORESINS OBTAINED BY CONVENTIONAL AND GREEN EXTRACTION TECHNIQUES.,,,,,
NUTRACEUTICAL PROPERTIES OF CUMIN RESIDUE GENERATED FROM AYURVEDIC INDUSTRIES USING CELL LINE MODELS.,,,,,
APPLICATION OF RESPONSE SURFACE METHODOLOGY FOR THE OPTIMIZATION OF SUPERCRITICAL FLUID EXTRACTION OF ESSENTIAL OIL FROM POMEGRANATE (PUNICA GRANATUM L.) PEEL.,,,,,
EFFECT OF DIFFERENT STORAGE TEMPERATURE ON CHEMICAL COMPOSITION OF ONION (ALLIUM CEPA L.) AND ITS ENZYMES.,,,,,
"COMPARATIVE TRANSCRIPTOME ANALYSIS IN DIFFERENT TISSUES OF A MEDICINAL HERB, PICRORHIZA KURROA PINPOINTS TRANSCRIPTION FACTORS REGULATING PICROSIDES BIOSYNTHESIS.",,,,,
ESTABLISHMENT OF AN IN VITRO PROPAGATION AND TRANSFORMATION SYSTEM OF BALANITES AEGYPTIACA.,,,,,
GC-MS ANALYSIS OF N-HEXANE EXTRACT OF STEM BARK OF SYMPLOCOS CRATAEGOIDES BUCH.-HAM. EX D.DON.,"1. Nartunai Govindarajan, 2. Uma Maheswara Reddy Cheekala, 3. Shantha Arcot, 1. Susikumar Sundaramoorthy, 4. Ramasamy Duraisamy, 5. Ilavarasan Raju.",Pharmacognosy Journal,2016,8,6
PHYTOCHEMICAL EVALUATION OF POLYHERBAL FORMULATION OF CLINACANTHUS NUTANS AND ELEPHANTOPUS SCABER TO IDENTIFY FLAVONOIDS.,,,,,
"REVELATION OF B-SITOSTEROL FROM BENINCASA HISPIDA SEEDS, CARISSA CONGESTA ROOTS AND POLYALTHIA LONGIFOLIA LEAVES BY HIGH PERFORMANCE LIQUID CHROMATOGRAPHY.",,,,,
MICROSCOPIC AND PHYSICOCHEMICAL EVALUATION OF LEAVES OF SPHAERANTHUS INDICUS LINN.,,,,,
SCREENING OF ANTIDEPRESSANT ACTIVITY OF PUNICA GRANATUM IN MICE.,,,,,
MICRO-MORPHOANATOMICAL APPROACH FOR COMPARATIVE ANALYSIS OF TINOSPORA CORDIFOLIA (WILLD.) MIERS AND ITS ADULTERANT PLANT USING SEM AND CRYOSTAT.,,,,,
GC-MS ANALYSIS OF INDRAKEELADRI NATIVE MEDICINE USED IN THE TREATMENT OF STROKE.,,,,,
"IDENTIFICATION AND EXPRESSION PROFILING OF A NOVEL KUNITZ TRYPSIN INHIBITOR (KTI) GENE FROM TURMERIC, CURCUMA LONGA, BY REAL-TIME QUANTITATIVE PCR (RT-QPCR).",,,,,
HYDROPONIC CULTIVATION OF MENTHA SPICATA AND COMPARISON OF BIOCHEMICAL AND ANTIOXIDANT ACTIVITIES WITH SOIL-GROWN PLANTS.,,,,,
DETERMINATION OF ORGANIC ACIDS IN FERMENTATION PRODUCTS OF MILK WITH HIGH PERFORMANCE LIQUID CHROMATOGRAPHY/ON-LINED MICRO-DIALYSIS.,,,,,
"IMPACT OF PRECURSORS AND PLANT GROWTH REGULATORS ON IN VITRO GROWTH, BIOACTIVE LIGNANS, AND ANTIOXIDANT CONTENT OF PHYLLANTHUS SPECIES.","1. Annamalai Muthusamy, 1. Huliyar Narasimhamurthy Nagendra Prasad, 1. Erathodi Ramachandran Sanjay, 1. Mattu Radhakrishna Rao, 2. Kapaettu Satyamoorthy",In Vitro Cellular and Developmental Biology - Plant,2016,52,6
CHARACTERIZATION OF FIXED OIL FROM SEEDS OF MOMORDICA TUBEROSA (ROXB) COGN. (CUCURBITACEAE) FRUITS BY GC-MS.,,,,,
A SIMPLE METHOD FOR ISOLATION OF MARMELOSIN (IMPERATORIN) FROM FRUITS OF AEGLE MARMELOS CORREA.,,,,,
STABILITY STUDY OF TRIPHALA CHURNA.,,,,,
PHARMACEUTICAL ANALYSIS STUDY OF MAYUR PUCCHA BHASMA.,,,,,
PHARMACOGNOSTICAL EVALUATION OF JUSTICIA GENDARUSSA BURM.,,,,,
PHARMACEUTICAL ANALYSIS STUDY OF GANDHAKAPUSHPA.,,,,,
AFZELECHIN FROM THE RHIZOME OF CALAMUS ROTANG LINN.,,,,,
NEW FATTY ACID DERIVATIVES FROM OCIMUM SANCTUM L. LEAVES.,,,,,
EVALUATION OF TRAPA BISPINOSA STARCH AS AN ALTERNATIVE TABLET EXCIPIENT TOMAIZE STARCH: ASSESSMENT BY PREFORMULATION AND FORMULATION STUDIES.,,,,,
ISOLATION AND CHARACTERIZATION OF BETAINE FROM DRIED SEEDS OF ACHYRANTHES ASPERA.,"Desai S. S., Tatke P.A., Gabhe S.Y",Indian Drugs,2013,50,4
NEW LANOSTENE- LINKED DEHYDROABIETIC ACID DERIVATIVES FROM THE OLEO-RESIN OF PINUS ROXBURGHII SARG. (PINACEAE).,,,,,
A METHOD FOR PREPARATION OF DROSERONE FROM PLUMBAGIN.,,,,,
A NOVEL METHOD FOR ISOLATION OF MANGIFERIN FROM MANGIFERA INDICA L. BARK.,,,,,
SYNTHESIS OF ALKYL DERIVATIVES OF PLUMBAGIN.,,,,,
ISOLATION AND CHARACTERIZATION OF ARISTOLOCHIC ACID - I FROM ARISTOLOCHIA INDICA LINN. LEAVES.,,,,,
PHARMACEUTICO ANALYTICAL STUDY OF GANDHAKA TAILA.,,,,,
"ISOLATION, IDENTIFICATION AND CHARACTERIZATION OF ROTENOIDS FROM CAJANUS CAJAN (L.) MILLSP. (LEGUMINOSEAE).",,,,,
METHOD OF IDENTIFICATION AND STANDARDISATION OF VAMSALOCHANA (BAMBOO MANNA).,,,,,
PREPARATION AND ANALYSIS OF VEERYASTHAMBHA VATI.,,,,,
STIGMASTEROL VARIATION IN A MEDHYA RASAYAN PLANT (CENTELLA ASIATICA L.: APIACEAE) COLLECTED FROM DIFFERENT REGIONS.,"Chowdhary A., Chaturvedi P., Memon R.",Indian Drugs,2014,51,3
CYTOMORPHOLOGICAL AND PHYTOCHEMICAL ANALYSIS OF ABRUS PRECATORIUS LINN.,,,,,
QUALITATIVE ASSESSMENT OF PARADA BHASMA (CALX) USING NAMBURI PHASED SPOT TEST.,,,,,
ISOLATION AND CHARACTERIZATION OF A NEW AROMATIC ESTER FROM THE SEEDS OF LENS CULINARIS MEDIK.,,,,,
DEVELOPMENT AND EVALUATION OF VYOSHADI SUSPENSION - A POLYHERBAL FORMULATION.,,,,,
QUANTIFICATION OF TWO MARKER COMPOUNDS IN GMELINA ARBOREA ROXB. STEM BARK USING VALIDATED THIN LAYER CHROMATOGRAPHIC-DENSITOMETRIC METHOD.,,,,,
FORMULATION AND EVALUATION OF CURCUMIN LOADED NANOCRYSTAL FOR DIABETES THERAPY.,,,,,
VARIATION IN VOLATILE AROMA CONSTITUENTS OF CULINARY HERBS.,,,,,
DEVELOPMENT OF HINGWASTAK CHURNA GRANULES AND TABLETS BY DRY GRANULATION TECHNIQUE FOR IMPROVING PATIENT COMPLIANCE.,,,,,
"STANDARDIZATION OF HYGROPHILA SPINOSA AND ITS FORMULATION WITH REFERENCE TO LUPEOL, BY DEVELOPED AND VALIDATED HPTLC AND RP-HPLC METHODS.",,,,,
QUANTIFICATION OF B-AMYRIN IN BAUHINIA RACEMOSA LAM. FLOWER BUDS USING HPTLC.,"Mulik M. B., Katekhaye S.D., Laddha K. S.",Indian Drugs,2015,52,3
COMPARISON OF DYEING ACTIVITY OF AQUEOUS EXTRACT AND BUTANOLIC FRACTION OF ETHANOLIC EXTRACT OF FRUITS OF GARCINIA INDICA CHOISY.,,,,,
PHYSICO CHEMICAL EVALUATION OF AVIPATTIKARA CHURNA AND ITS DEVELOPED FORM OF SYRUP.,,,,,
EVALUATION OF TRIBULUS TERRESTRIS MUCILAGE AS BINDER IN TABLET FORMULATIONS.,,,,,
ANALYTICAL METHOD DEVELOPMENT AND VALIDATION OF NEW UFLC METHOD FOR DETERMINATION OF QUERCETIN IN ALCOHOLIC AND AQUEOUS EXTRACTS OF CAMELLIA SINENSIS.,,,,,
APPLICATION OF RATIO DERIVATIVE SPECTROPHOTOMETRIC METHOD FOR SIMULTANEOUS DETERMINATION OF ARTEMISININ AND CURCUMIN.,,,,,
"DEVELOPMENT OF RP-HPLC METHOD FOR DETERMINATION OF URSOLIC ACID IN THE LEAF EXTACTS OF ALSTONIA SCHOLARIS, OCIMUM SANCTUM AND MENTHA PIPERATA.",,,,,
MICROWAVE GENERATED SOLID DISPERSION OF REPAGLINIDE WITH NOVEL NATURAL CARRIER MODIFIED GUM KONDAGOGU.,,,,,
DEVELOPMENT AND VALIDATION OF HPLC METHOD FOR QUANTITATIVE ESTIMATION OF NUCIFERINE FROM LOTUS LEAVES.,,,,,
ISOLATION AND IDENTIFICATION OF POLYPHENOLIC COMPOUND FROM IPOMOEA AQUATICA FORSK. (CONVOLVULACEAE).,,,,,
STUDIES ON FORMULATION AND EVALUATION OF ORALLY DISINTEGRATING TABLETS USING MUSA ACUMINATA AS A NATURAL DISINTEGRANT FOR PAEDIATRIC USE.,"Vishwasrao S. S., Jadhav A.",Indian Drugs,2016,No.,12
"A SIMPLE, FACILE METHOD FOR ISOLATION OF EMBELIN FROM FRUITS OF EMBELIA RIBES BURM.F (VIDANG).",,,,,
MEIOTIC AND PHYTOCHEMICAL STUDIES OF THREE MORPHOTYPES OF SOLANUM NIGRUM L. FROM PUNJAB (INDIA).,,,,,
INVESTIGATION AND CONTENT ESTIMATION OF QUERCETIN IN PSIDIUM GUAJAVA LEAVES EXTRACT.,,,,,
STANDARDIZATION OF SHADDHARANA CHURNA USING HIGH PRESSURE LIQUID CHROMATOGRAPHY.,,,,,
COMPARATIVE TLC AND RP-HPLC FINGERPRINTING ANALYSIS OF THREE SOURCES OF MAYURASIKHA: AN AYURVEDIC DRUG.,,,,,
20-HYDROXYECDYSONE DETERMINATION FROM ACHYRANTHES ASPERA LINN BY HIGH PERFORMANCE THIN LAYER CHROMATOGRAPHIC METHOD.,,,,,
GC-MS ANALYSIS OF PREMNA LATIFOLIA ROXB. VAR. MOLLISSIMA (ROTH) C.B.CLARKE.,,,,,
"ISOLATION, CHARACTERIZATION AND ESTIMATION OF MARKER COMPOUND OF VISCUM ALBUM L.",,,,,
EXTRACTION AND ISOLATION OF EMBELIN USING FLASH CHROMATOGRAPHY.,,,,,
DEVELOPMENT AND VALIDATION OF STABILITY INDICATING RP-HPLC METHOD FOR THE SIMULTANEOUS DETERMINATION OF BERBERINE AND CURCUMIN IN AN AYURVEDIC FORMULATION.,"Parekh K. P., Jadhav A. P.",Indian Drugs,2016,53,8
PHARMACOGNOSTIC STANDARDIZATION OF CALOTROPIS GIGANTEA (L.) DRYAND R.,,,,,
EVALUATION FOR SUBSTITUTION OF STEM BARK WITH SMALL BRANCHES OF MYRICA ESCULENTA FOR MEDICINAL USE - A COMPARATIVE PHYTOCHEMICAL STUDY.,,,,,
"COMPOSITION, BIOACTIVE COMPOUNDS AND ANTIOXIDANT ACTIVITY OF COMMON INDIAN FRUITS AND VEGETABLES.",,,,,
PHYTOCONSTITUENTS AND STABILITY OF BETALAINS IN FRUIT EXTRACTS OF MALABAR SPINACH (BASELLA RUBRA L.),,,,,
COMPARISON OF THE OXIDATIVE STABILITY OF LINSEED (LINUM USITATISSIMUM L.) OIL BY PRESSURE DIFFERENTIAL SCANNING CALORIMETRY AND RANCIMAT MEASUREMENTS.,,,,,
IN VITRO PLANT REGENERATION OF CAPER (CAPPARIS SPINOSA L.) FROM FLORAL EXPLANTS AND GENETIC STABILITY OF REGENERANTS.,,,,,
QUANTITATIVE DETERMINATION OF ALLIIN IN DRIED GARLIC CLOVES AND PRODUCTS BY HIGH-PERFORMANCE THIN-LAYER CHROMATOGRAPHY.,,,,,
EXTRACTION AND CHARACTERIZATION OF RAPHANUS SATIVUS SEED OIL OBTAINED BY DIFFERENT METHODS.,,,,,
DETERMINATION OF BORNEOL AND OTHER CHEMICAL COMPOUNDS OF ESSENTIAL OIL OF DRYOBALANOPS AROMATICA EXUDATE FROM MALAYSIA.,,,,,
LEAF EPIDERMIS CHARACTERS OF IRANIAN PYRUS L. (ROSACEAE) AND THEIR TAXONOMIC IMPLICATIONS.,"1. Asghar Zamani, 1. Farideh Attar, 2. Laure Civeyrel.",Genetic Resources and Crop Evolution,2017,64,1
MORPHOLOGICAL CHARACTERIZATION OF TRADITIONAL CACAO (THEOBROMA CACAO L.) PLANTS IN CUBA.,,,,,
AN EFFICIENT AGROBACTERIUM RHIZOGENES-MEDIATED TRANSFORMATION PROTOCOL OF WITHANIA SOMNIFERA.,,,,,
STEPHARINE PRODUCTION IN MORPHOGENIC CELL CULTURES OF STEPHANIA GLABRA (ROXB.) MIERS.,,,,,
HIGH PERFORMANCE LIQUID CHROMATOGRAPHY-DIODE ARRAY DETECTOR METHOD FOR THE SIMULTANEOUS DETERMINATION OF FIVE COMPOUNDS IN THE PULP AND SEED OF SEA BUCKTHORN.,,,,,
TECHNOLOGICAL EVALUATION OF EMULSIONS CONTAINING THE VOLATILE OIL FROM LEAVES OF PLECTRANTHUS AMBOINICUS LOUR.,,,,,
ANALYSIS OF SOLUBLE PROTEINS IN NATURAL CORDYCEPS SINENSIS FROM DIFFERENT PRODUCING AREAS BY SODIUM DODECYL SULFATE-POLYACRYLAMIDE GEL ELECTROPHORESIS AND TWO-DIMENSIONAL ELECTROPHORESIS.,,,,,
PHARMACOGNOSTIC SPECIFICATIONS AND LAWSONE CONTENT OF LAWSONIA INERMIS LEAVES.,,,,,
EXTRACTION AND CHARACTERIZATION OF RADISH SEED OILS USING DIFFERENT METHODS.,,,,,
COMPARING DIFFERENT EXTRACTION METHODS OF SESAME OIL.,,,,,
ISOLATION AND EXTRACTION OF CURCUMIN FROM THREE DIFFERENT VARIETIES OF CURCUMA LONGA L - A COMPARATIVE STUDY.,"1. Gokhul. V, 1. S. Yuvapriya, 2. M. Chandramohan, 1. P. Muthukumaran.",International Journal of Pharmaceutical Research&Allied Sciences,2015,4,2
NUTRITIONAL COMPOSITION OF SUNFLOWER SEEDS FLOUR AND NUTRITIVE VALUE OF PRODUCTS PREPARED BY INCORPORATING SUNFLOWER SEEDS FLOUR.,,,,,
OPTIMIZATION AND CHARACTERIZATION OF PURIFIED POLYSACCHARIDE FROM TERMINALIA BELARICA GUM AS PHARMACEUTICAL EXCIPIENT.,,,,,
PRELIMINARY EVALUATION OF EULOPHIA HERBACEA TUBERS MUCILAGE AS GELLING AGENT.,,,,,
FORMULATION AND EVALUATION OF GLIPIZIDE BUCCAL ADHESIVE TABLETS USING NATURAL EDIBLE MUCOADHESIVES.,,,,,
PHARMACOGNOSTICAL AND PRELIMINARY PHYTOCHEMICAL PROFILES OF POD OF SHIRISHA (ALBIZIA LEBBECK BENTH.).,,,,,
PRELIMINARY PHYSIO-CHEMICAL ANALYSIS OF LEKHANIYA MAHAKASHAYA SIDDHA TAILA: AN AYURVEDIC FORMULATION.,,,,,
MATURATION AND PICKING TIME FOR SWEET CHERRIES (PRUNUS AVIUM) AND SOUR CHERRIES (PRUNUS CERASUS L.).,,,,,
DROUGHT STRESS-INDUCED ENZYME ACTIVITY AND MDAR AND APX GENE EXPRESSION IN TOLERANT AND SUSCEPTIBLE GENOTYPES OF ELEUSINE CORACANA (L.).,,,,,
OPTIMIZATION OF A BACOPA MONNIERI-BASED GENETIC TRANSFORMATION MODEL FOR TESTING THE EXPRESSION EFFICIENCY OF PATHWAY GENE CONSTRUCTS OF MEDICINAL CROPS.,,,,,
ISOLATION OF ALKALOID FROM ABIES WEBBIANA LEAVES AND ITS ACTIVITY.,"Yadav K. D., Mohammed A., Ghosh K. A., Kumar B.",Indian Drugs,2017,54,1
EXTRACTION AND ISOLATION OF NUCIFERINE FROM LOTUS LEAVES USING FLASH CHROMATOGRAPHY.,,,,,
FABRICATION OF CURCUMIN LOADED GUAR GUM MICROPARTICLES FOR CONTROLLED RELEASE BY EMULSION GELATION TECHNIQUE.,,,,,
ESTIMATION OF BIOACTIVE PHENOLIC COMPOUNDS OF ABIES PINDROW AERIAL PARTS USING TLC DENSITOMETRY.,,,,,
EFFECT OF SPRAY DRYING ON PHYSICAL PROPERTIES OF SUGARCANE JUICE POWDER (SACCHARUM OFFICINARUM L.).,,,,,
RAPID QUANTITATIVE DETERMINATION OF MALTOSE AND TOTAL SUGARS IN SWEET POTATO (IPOMOEA BATATAS L. LAM.) VARIETIES USING HPTLC.,,,,,
"ULTRASOUND ASSISTED EXTRACTION OF POLYPHENOLS AND THEIR DISTRIBUTION IN WHOLE MUNG BEAN, HULL AND COTYLEDON.",,,,,
A COMPLETE PHARMACOGNOSTICAL PROFILE OF RUNGIA REPENS.,,,,,
"VIBRATIONAL ANALYSIS AND THERMAL BEHAVIOR OF SALVIA HISPANICA, NIGELLA SATIVA AND PAPAVER SOMNIFERUM SEEDS.",,,,,
PHARMACOGNOSTIC STANDARDIZATION AND CHROMATOGRAPHIC FINGERPRINT ANALYSIS ON TRITERPENOIDS CONSTITUENTS OF THE MEDICINALLY IMPORTANT PLANT PLUMERIA RUBRA F. RUBRA BY HPTLC TECHNIQUE.,,,,,
DETERMINATION OF RUBRAXANTHONE IN THE LATEX OF ASAM KANDIS (GARCINIA COWA ROXB) BY REVERSE PHASE HIGH PERFORMANCE LIQUID CHROMATOGRAPHY.,"Dachriyanus, Nova Susanti Asjar, Meri Susanti.",Pharmacognosy Journal,2017,9,2
APPLICATION OF IONIC LIQUID BASED MICROWAVE-ASSISTED EXTRACTION OF THE SECONDARY METABOLITE FROM PEPEROMIA PELLUCIDA (L) KUNTH.,,,,,
PHARMACOGNOSTIC AND PHYTOCHEMICAL STANDARDIZATION OF WHITE TEA LEAF (CAMELLIA SINENSIS L. KUNTZE) ETHANOLIC EXTRACTS.,,,,,
BOTANICAL PHARMACOGNOSY OF HOLOSTEMMA ADA-KODIEN SCHULT.,,,,,
BOTANICAL FEATURES FOR TAXONOMIC EVIDENCE OF ERYTHROXYLUM MONOGYNUM DRIED LEAF.,,,,,
PHARMACOGNOSTICAL AND PHYSICOCHEMICAL ANALYSIS OF CLEOME VISCOSA L. SEEDS.,,,,,
GENETIC VARIABILITY AND RELATIONSHIP STUDIES OF BER ZIZIPHUS NUMMULARIA (BURM. F.) USING MORPHOLOGICAL AND MOLECULAR MARKERS.,,,,,
THE MEALINESS AND QUALITY OF HERBAL MEDICINE: LICORICE FOR EXAMPLE.,,,,,
BOTANICAL AND CHEMICAL FINGERPRINTING OF MEDICINAL ROOTS OF JUSTICIA GENDARUSSA BURM F.,,,,,
ENHANCED PLUMBAGIN PRODUCTION IN PLUMBAGO INDICA ROOT CULTURES BY L-ALANINE FEEDING AND IN SITU ADSORPTION.,,,,,
TRENDS IN ACCUMULATION OF PHARMACOLOGICALLY IMPORTANT ANTIOXIDANT- SECONDARY METABOLITES IN CALLUS CULTURES OF LINUM USITATISSIMUM L.,"1. Sumaira Anjum, 1. Bilal Haider Abbasi, 2. Christophe Hano.","Plant Cell, TIssue and Organ Culture (PCTOC)",2017,129,1
HAIRY ROOT CULTURE OPTIMIZATION AND RESVERATROL PRODUCTION FROM VITIS VINIFERA SUBSP. SYLVESTERIS.,,,,,
PRELIMINARY PHARMACOGNOSTIC AND PHYTOCHEMICAL INVESTIGATION OF BLEPHARIS SINDICA-T. ANDERS SEEDS.,,,,,
CRUDE DRUGS IDENTIFICATION: A CASE STUDY (PART 2).,,,,,
POWDER MICROSCOPE AND TLC PROFILES OF SOME STEM AND BARK DRUGS USED IN AYURVEDA.,,,,,
"MACRO MICROSCOPIC AND PRELIMINARY ANALYTICAL EVALUATION OF ROOT, STEM AND LEAF OF COMBRETUM DECANDRUM JACQ. - AN EXTRAPHARMACOPOEIAL DRUG OF AYURVEDA.",,,,,
PHARMACEUTICAL STANDARDISATION OF SWARNA VANGA- A TRADITIONAL AYURVEDIC PREPARATION.,,,,,
POLLINATION BIOLOGY OF CYMBIDIUM ALOIFOLIUM (L.) SW. A MEDICINAL ORCHID FROM NORTH-EAST INDIA.,,,,,
STANDARDIZATION OF MUKTA SHUKTI BHASMA- AN AYURVEDIC MEDICINE.,,,,,
PHARMACOGNOSTICAL AND HISTOCHEMICAL STUDIES ON APAKVA KADALI (UNRIPE BANANA FRUIT): MUSA PARADISIACA L.,,,,,
MICROSCOPICAL AND PRELIMINARY PHYSICOCHEMICAL STUDIES OF TWO IMPORTANT ENDANGERED AYURVEDIC MEDICINAL PLANTS KUTKI AND TRAYAMANA TO ESTABLISH THEIR IDENTITY.,"1. Anupam K Mangal, 2. Chinmay Rath, 3. Devesh Tewari, 4. Sreya Dutta, 5. Narayanam Srikanth, 6. Kartar S Dhiman.",Journal of Drug Research in Ayurvedic Sciences,2017,2,1
MICROMETRIC STUDY AND RANDOM AMPLIFIED POLYMORPHIC DEOXYRIBONUCLEIC ACID ANALYSIS OF WATTAKAKA VOLUBILIS (LINN. F.) STAPF. LEAVES.,,,,,
"INFLUENCE OF FARM YARD MANURE, FARM YARD MANURE PLUS UREA, AND UREA ON CROP YIELD IN PRISHNAPARNI ( URARIA PICTA DESV. EX DC.)",,,,,
ANALYSIS OF GENETIC DIVERSITY AMONG MEDICINAL THERAPIST TRIGONELLA FOENUM-GRAECUM L. GENOTYPES THROUGH RAPD AND SSR MARKERS.,,,,,
PHENOTYPIC VARIATION BETWEEN HIGH AND LOW ELEVATION POPULATIONS OF RUMEX NEPALENSIS IN THE HIMALAYAS IS DRIVEN BY GENETIC DIFFERENTIATION.,,,,,
GENE EXPRESSION ANALYSIS IN DROUGHT TOLERANT AND SUSCEPTIBLE BLACK PEPPER (PIPER NIGRUM L.) IN RESPONSE TO WATER DEFICIT STRESS.,,,,,
INCREASES IN LEAF NITROGEN CONCENTRATION AND LEAF AREA DID NOT ENHANCE SPUR SURVIVAL AND RETURN BLOOM IN ALMONDS (PRUNUS DULCIS (MILL.) DA WEBB).,,,,,
"PRODUCTION OF EICOSAPENTAENOIC ACID (EPA, 20:5N-3) IN MAIZE (ZEA MAYS L.) THROUGH THE ALTERNATIVE 8 DESATURATION PATHWAY MEDIATED BY PARTICLE BOMBARDMENT.",,,,,
APPLICATION OF PHYTOHORMONES DURING SEED HYDROPRIMING AND HEAT SHOCK TREATMENT ON SUNFLOWER (HELIANTHUS ANNUUS L.) CHILLING RESISTANCE AND CHANGES IN SOLUBLE CARBOHYDRATES.,,,,,
PROTEOMIC SIGNATURE OF FENUGREEK TREATED BY METHYL JASMONATE AND CHOLESTEROL.,,,,,
"NUTRITIONAL PROPERTIES, MINERALS, AND SELECTED HEAVY METAL CONTENTS IN HERBY CHEESE PLANTS OF LAMIACEAE.","1. Murat Tuncturk, 2. Tamer Eryigit, 3. Ali Rahmi Kaya.",Applied Biological Chemistry,2017,60,1
QUALITATIVE PHTOCHEMISTRY PROFILE OF WATERMELON (CITRULLUS VULGARIS SCHRAD)RIND EXTRACTS WITH DIFFERENT SOLVENTS.,,,,,
FORMULATION AND EVALUATION OF CONTROLLED RELEASE MUCOADHESSIVE MATRIXTABLETS OF LEVAMISOLE: ASSEMENT OF PURIFIED FRUIT PULP POLYSACCHARIDEISOLATED FROM AEGLE MARMELOS AS MUCOADHESIVE EXCIPIENT.,,,,,
OPTIMIZATION OF BIOMASS CULTURE YIELD AND L-DOPA COMPOUND IN THE CALLUSCULTURE FROM COTYLEDONARY LEAVES OF MUCUNA PRURIENS.,,,,,
PHYSICO CHEMICAL STUDIES ON SOAP NUT (SAPINDUS TRIFOLIATUS) OIL FOR SOURCE ASBIODIESEL.,,,,,
GREEN SYNTHESIS OF SILVER NANOPARTICLES FROM THE LEAF EXTRACT OF ADHATODAVASICA NEES. AND ASSESSMENT OF ITS ANTIBACTERIAL ACTIVITY.,,,,,
NOVEL IN SILICO APPROACH OF ANTI-CANCER ACTIVITY BY INHIBITING HEMOPEXIN PROTEINS WITH INDIGOFERA ASPALATHOIDES PLANT CONSTITUENTS AT ACTIVE SITE.,,,,,
DETERMINATION OF NUTRITIVE VALUE AND MINERAL ELEMENTS OF FICUS BENGHALENSISLINN. SEED.,,,,,
"AZADIRACHTIN, CARDIOFOLIOSIDE, AND KUTKIN CAN BE VITAL PHYTOCHEMICALS FORTHE MODULATION OF SECRETASE ENZYMES FOR THE TREATMENT OF ALZHEIMERS: ANIN-SILICO ANALYSIS.",,,,,
IDENTIFICATION AND DETERMINATION OF BIOACTIVE PHYTOCHEMICAL CONSTITUENTS FROM THE HYDRO-ALCOHOLIC EXTRACT OF ACHYRANTHES ASPERA WHOLE PLANT BY GAS CHROMATOGRAPHY-MASS SPECTROMETRY ANALYSIS.,,,,,
QUANTITATIVE ANALYSIS OF BIOACTIVE COMPOUNDS FROM TAGETES ERECTA (LINN.).,"1,2. Devika R, 3. Justin Koilpillai.",Asian Journal of Pharmaceutical and Clinical Research,2015,8,6
"INFLUENCE OF PROCESSING ON PHYSIOCHEMICAL, NUTRITIONAL AND PHYTOCHEMICAL COMPOSITION OF CARISSA SPINARUM (KARONDA) FRUIT.",,,,,
MULTI-ELEMENTAL ANALYSIS OF EXTRACT FROM PONGAMIA PINNATA.,,,,,
A NEW BIPHENANTHRENE GLUCOSIDE WITH CYTOTOXIC ACTIVITY FROM CREMASTRA APPENDICULATA.,,,,,
A NEW LACTONE FROM THE TWIGS OF CINNAMOMUM CASSIA.,,,,,
A NEW ISOFLAVAN FROM ABRUS PRECATORIUS.,,,,,
A NEW CERAMIDE FROM THE FLORETS OF CARTHAMUS TINCTORIUS.,,,,,
"MONITORING OF AFLATOXIN G1, B1, G2, AND B2 OCCURRENCE IN SOME SAMPLES OF WALNUT.",,,,,
AROMA-ACTIVE COMPOUNDS IN SPONDIAS MOMBIN L. FRUIT PULP.,,,,,
"CHUTA (EDIBLE JATROPHA CURCAS L.), THE NEWCOMER AMONG UNDERUTILIZED CROPS: A RICH SOURCE OF VEGETABLE OIL AND PROTEIN FOR HUMAN CONSUMPTION.",,,,,
NUTRITIONAL COMPOSITION AND COOKING CHARACTERISTICS OF TEPARY BEAN (PHASEOLUS ACUTIFOLIUS GRAY) IN COMPARISON WITH COMMON BEAN (PHASEOLUS VULGARIS L.).,"1. Timothy G. Porch, 2. Karen Cichy, 3. Weijia Wang, 4. Mark Brick, 5. James S. Beaver, 6. Damaris Santana-Morant, 7. Michael A. Grusak.",Genetic Resources and Crop Evolution,2017,64,5
"PHENETIC AND GENETIC DIVERSITY IN INDIAN LUFFA (CUCURBITACEAE) INFERRED FROM MORPHOMETRIC, ISSR AND DAMD MARKERS.",,,,,
"OXIDATIVE STABILITY, THERMAL STABILITY AND ACCEPTABILITY OF COCONUT OIL FLAVORED WITH ESSENTIAL OILS FROM BLACK PEPPER AND GINGER.",,,,,
"INFLUENCE OF SODIUM CHLORIDE TREATMENT AND POLYSACCHARIDES AS DEBITTERING AGENT ON THE PHYSICOCHEMICAL PROPERTIES, ANTIOXIDANT CAPACITY AND SENSORY CHARACTERISTICS OF BITTER GOURD (MOMORDICA CHARANTIA) JUICE.",,,,,
"PHYSICOCHEMICAL, FUNCTIONALITY AND STORAGE STABILITY OF HOG PLUM (SPONDIA PINNATA) JUICE POWDER PRODUCED BY SPRAY DRYING.",,,,,
EFFECTS OF ETHYL OLEATE AND MICROWAVE BLANCHING ON DRYING KINETICS OF BITTER GOURD.,,,,,
PRODUCTION OF ISOPROPYL AND METHYL ESTERS FROM YELLOW MUSTARD OIL/ IPA MISCELLAS.,,,,,
PRODUCTION OF HIGH-MELTING SYMMETRICAL MONOUNSATURATED TRIACYLGLYCEROL-RICH FATS FROM MANGO KERNEL FAT BY ACETONE FRACTIONATION.,,,,,
"EFFECTS OF STEAM DISTILLATION AND SCREW-PRESSING ON EXTRACTION, COMPOSITION AND FUNCTIONAL PROPERTIES OF PROTEIN IN DEHULLED CORIANDER (CORIANDRUM SATIVUM L.).",,,,,
"HYDROLYTIC ACTIVITY OF CASTOR BEAN POWDER: EFFECT OF GUM ARABIC, LIPASE AND OIL CONCENTRATIONS.",,,,,
"BIOACTIVES, AROMATICS AND SENSORY PROPERTIES OF COLD-PRESSED AND HEXANE - EXTRACTED LEMON (CITRUS LIMON L.) SEED OILS.","Buket Aydeniz Guneser, Emin Yilmaz.",Journal of the American Oil Chemists' Society,2017,94,5
PHYSICOCHEMICAL CHARACTERIZATION OF A NEW RAW MATERIAL OBTAINED FROM LEAVES OF SYZYGIUM CUMINI (L.) SKEEL (MYRTACEAE).,,,,,
PHOTOSYNTHETIC AND PHYSIOLOGICAL RESPONSES OF FOXTAIL MILLET (SETARIA ITALICA L.) TO LOW-LIGHT STRESS DURING GRAIN-FILLING STAGE.,,,,,
NITRIC OXIDE AS A BIOACTIVE MOLECULE IN THE REGULATION OF CHALCONE SYNTHASE DURING JASMONIC ACID MEDIATED DEFENSE SIGNALING IN GINGER.,,,,,
OVEREXPRESSION OF THE GIBBERELLIN 20-OXIDASE GENE FROM TORENIA FOURNIERI RESULTED IN MODIFIED TRICHOME FORMATION AND TERPENOID METABOLITIES OF ARTEMISIA ANNUA L.,,,,,
PROMOTION OF ARTEMISININ CONTENT IN ARTEMISIA ANNUA BY OVEREXPRESSION OF MULTIPLE ARTEMISININ BIOSYNTHETIC PATHWAY GENES AUTHORS.,,,,,
"COMPARISON OF TWO ADSORBENT BASED DE-BITTERING PROCEDURES FOR NEEM (AZADIRACHTA INDICA A. JUSS) TEA- EFFECT ON POLYPHENOLS, ANTI-OXIDANT CAPACITY, COLOR AND VOLATILE PROFILE.",,,,,
"AMINO ACID COMPOSITION OF LEAF, GRAIN AND BRACTS OF JAPONICA RICE (ORYZA SATIVA SSP. JAPONICA) AND ITS RESPONSE TO NITROGEN FERTILIZATION.",,,,,
"PHYSIOLOGICAL, BIOCHEMICAL, AND MOLECULAR DIFFERENCES IN CHLOROPLAST SYNTHESIS BETWEEN LEAF AND COROLLA OF CABBAGE (BRASSICA RAPA L. VAR. CHINENSIS) AND RAPESEED (BRASSICA NAPUS L.).",,,,,
"PUMPKIN ROOTSTOCK IMPROVES NITROGEN USE EFFICIENCY OF WATERMELON SCION BY ENHANCING NUTRIENT UPTAKE, CYTOKININ CONTENT, AND EXPRESSION OF NITRATE REDUCTASE GENES.",,,,,
PHYLOGENETIC AND FUNCTIONAL ANALYSIS OF THE BASIC TRANSCRIPTION FACTOR GENE BTF3 FROM JATROPHA CURCAS.,"1. Xianjun Peng, 1, 2. Qi Wang, 1. Hui Liu, 1. Shihua Shen.",Plant Growth Regulation,2017,82,2
RESPONSES OF ANTIOXIDANT GENE AND ENZYMES TO SALINITY STRESS IN THE CUMINUM CYMINUM L.,,,,,
"VALIDATED HPTLC METHOD FOR QUANTIFICATION OF LUTEOLIN AND APIGENIN IN PREMNA MUCRONATA ROXB., VERBENACEAE.",,,,,
A NEW NAPHTHALENIC LACTONE GLYCOSIDE FROM THE SEEDS OF CASSIA OBTUSIFOLIA.,,,,,
NEW NEOLIGNAN GLUCOSIDE AND NEW BIPHENYL ETHER LIGNAN FROM THE FRUITS OF CORDIA LATIFOLIA.,,,,,
HIGH PERFORMANCE THIN LAYER CHROMATOGRAPHY AND HIGHPERFORMANCE LIQUID CHROMATOGRAPHY DETERMINATION OF QUERCETIN FROM POLYALTHIA LONGIFOLIA LEAVES.,,,,,
MICROSCOPIC AND PHYTOCHEMICAL EVALUATION OF CALOTROPIS GIGANTEA.,,,,,
PREPARATION OF GLIMEPIRIDE SUSTAINED RELEASE MATRIX TABLETS USING HIBISCUS ROSA-SINENSIS LEAVES MUCILAGE AND POVIDONE.,,,,,
THE POTENTIAL OF TRIGONELLA FOENUM- GRAECUM L. SEED MUCILAGE AS SUSPENDING AGENT.,,,,,
ISOLATION OF LONG CHAIN ALIPHATIC HYDROCARBONS FROM MOMORDICA TUBEROSA (ROXB) COGN. (CUCURBITACEAE) FRUITS.,"Kale M.S, Laddha K.S.",Indian Journal of Pharmaceutical Education and Research,2013,47,1
CHARACTERIZATION OF PSYLLIUM (PLANTAGO OVATA) POLYSACCHARIDE AND ITS USE AS A BINDER IN TABLETS.,,,,,
IN SILICO ANTIGENICITY SCREENING OF MORINGA COAGULANT.,,,,,
DETERMINATION AND QUANTIFICATION OF FERULIC ACID IN FERULA ASAFOETIDA BY A VALIDATED HPTLC METHOD.,,,,,
MODIFIED XANTHAN GUM AS HYDROPHILIC DISINTEGRATING EXCIPIENT FOR RAPIDLY DISINTEGRATING TABLETS OF ROXITHROMYCIN.,,,,,
COMPARISON OF CONVENTIONAL AND NOVEL EXTRACTION TECHNIQUES FOR THE EXTRACTION OF SCOPOLETIN FROM CONVOLVULUS PLURICAULIS.,,,,,
CHARACTERIZATION OF BIO-ACTIVE NANOPARTICLES - BHASMA AN INDIAN AYURVEDIC DRUG.,,,,,
"QUANTITATIVE ESTIMATION OF ASIATIC ACID, ASIATICOSIDE & MADECASSOSIDE IN TWO ACCESSIONS OF CENTELLA ASIATICA (L) URBAN FOR MORPHO-CHEMOTYPIC VARIATION.",,,,,
RAPD BASED ASSESSMENT OF GENETIC DIVERSITY OF ADHATODA VASICA LEAVES FROM DIFFERENT SUB- CONTINENTS OF INDIA.,,,,,
QUANTIFICATION OF FLAVONOIDS AND NUCLEOSIDE BY UPLC-MS IN INDIAN CORDYCEPS SINENSIS AND ITS IN VITRO CULTURES.,,,,,
PREPARATION AND ANALYTICAL STUDY OF RASA MARIT TAMRA BHASMA.,Pallavi Prabhakar Jamnekar.,International Journal of Ayurvedic Medicine,2017,8,2
PHARMACOGNOSTICAL EVALUATION AND CONSERVATION OF THREATENED SPECIES CURCUMA CAESIA ROXB.,,,,,
"IMMATURE WILD HARVESTING AND ITS IMPACT ON RAW MATERIAL QUALITY: A CASE OF KATNI FOREST, MADHYA PRADESH.",,,,,
EXTRACTION OF BIO-ACTIVE COMPOUNDS EXTRACTED FROM INULA HELENIUM ROOTS BY LEACHING PROCESS.,,,,,
CHEMICAL CONSTITUENTS OF COIX LACRYMA-JOBI.,,,,,
ANALYSIS OF RASA PARPATI THROUGH ADVANCED ANALYTICAL TECHNIQUES.,,,,,
DEVELOPMENT AND VALIDATION OF A HPLC-UV METHOD FOR THE EVALUATION OF ELLAGIC ACID IN LIQUID EXTRACTS OF EUGENIA UNIFLORA L. (MYRTACEAE) LEAVES AND ITS ULTRASOUND-ASSISTED EXTRACTION OPTIMIZATION.,,,,,
ANTIDIABETIC COMPOUNDS IN SYZYGIUM CUMINI DECOCTION AND READY TO SERVE HERBAL DRINK.,,,,,
A NEW NAPHTHYL SUBSTITUTED B-SITOSTEROL AND FATTY ACIDS FROM THE BARK OF FICUS RELIGIOSA L,,,,,
SECONDARY VOLATILES AND METABOLITES FROM NIGELLA SATIVA L. SEED.,,,,,
PHARMACOGNOSTIC AND PRELIMINARY PHYTOCHEMICAL EVALUATION OF CINNAMOMUM BEJOLGHOTA (BUCH.-HAM.) SWEET BARK,"Barnali Gogoi, Bibhuti Bhusan Kakoti, Nilutpal Sharma, Sudarshana Borah.",Indian Journal of Natural Products and Resources,2017,7,1
PHARMACOGNOSY AND QUALITY CHARACTERIZATION OF BALANITES AEGYPTIACA (L.) DELILE FRUITS.,,,,,
"ISOLATION AND IDENTIFICATION OF WITHASOMNINE, WITHANOLIDES AND BUTEIN FROM INDUSTRIAL HERBAL MARC OF WITHANIA SOMNIFERA (L.) DUNAL.",,,,,
THE COMPARISON AND ANALYSIS OF TWO EXTRACTION METHODS FOR POLYSACCHARIDES IN PSIDIUM GUAJAVA L. FRUITS.,,,,,
"ASSESSMENT OF PHARMACOGNOSTIC, PHYTOCHEMICAL AND PHYSICOCHEMICAL STANDARDS OF ARALIA RACEMOSA (L.) ROOT.",,,,,
CHROMATOGRAPHIC FINGERPRINT ANALYSIS OF HYDROALCOHOLIC EXTRACT OF MEDICINALLY IMPORTANT PLANT ELEPHANTOPUS SCABER L. USING HPTLC TECHNIQUE.,,,,,
PHARMACEUTICAL MODIFICATION OF VICHARCHIKARI TAILA TO VICAHARCHIKARI MALAHARA: A QUICK APPROACH.,,,,,
EFFECT OF BHAVANA SAMSKARA ON EXTRACTIVE VALUE.,,,,,
QUALITATIVE PHYTOCHEMICAL ANALYSIS OF BARLERIA PRATTENSIS SANT (ACANTHACEAE).,,,,,
PHARMACEUTICAL STANDARDIZATION OF BAKUCHI VATI: A MODIFIED DOSAGE FORM OF DHATRYADI YOGA.,,,,,
PHYSICOCHEMICAL AND PHYTOCHEMICAL STUDIES OF PSIDIUM GUAJAVA L.,"1. Namrata Dwivedi, 1. Geeta Patel, 2. Neelesh Dwivedi, 3. I.P. Tripathi.",International Journal of Research in Ayurveda and Pharmacy,2017,8,1
MORPHOLOGICAL & MICROSCOPICAL FEATURES OF LEAF AND STEM OF CYPERUS ROTUNDUS LINN. AND CYPERUS PROCERUS ROTTB. : A COMPARATIVE ANALYSIS.,,,,,
CHAKRAMARDA TAILA PREPARATION AND PHYSICO-CHEMICAL EVALUATION.,,,,,
QUANTITATIVE ESTIMATION OF PROTEIN AND ESSENTIAL OIL CONTENT OF MUTANTS OF TWO MEDICINAL SPICES OF UMBELLIFERAE.,,,,,
NEW PHYTOCONSTITUENTS FROM THE AERIAL PARTS OF FUMARIA PARVIFLORA LAM.,,,,,
NOVEL EXTRACTION AND APPLICATION OF OKRA GUM AS A FILM COATING AGENT USING THEOPHYLLINE AS A MODEL DRUG.,,,,,
PASTEURIZATION AS A TOOL TO CONTROL THE BIO-BURDEN IN SOLID HERBAL DOSAGE FORMS: A PILOT STUDY OF FORMULATING ASHOKA TABLETS WITH AN INDUSTRIAL PERSPECTIVE.,,,,,
A REVERSE PHASED HIGH-PRESSURE LIQUID CHROMATOGRAPHIC METHOD FOR THE ESTIMATION OF A POISONOUS MATTER IN STRYCHNOS NUX-VOMICA.,,,,,
"CHARACTERIZATION OF MANGIFERA INDICA CULTIVARS IN THAILAND BASED ON MACROSCOPIC, MICROSCOPIC, AND GENETIC CHARACTERS.",,,,,
PHARMACOGNOSTIC SPECIFICATION OF ZANTHOXYLUM LIMONELLA (DENNST.) ALSTON: FRUITS AND SEEDS IN THAILAND.,,,,,
ISOLATION AND CHARACTERIZATION OF QUININE FROM POLYGONATUM VERTICILLATUM: A NEW MARKER APPROACH TO IDENTIFY SUBSTITUTION AND ADULTERATION.,"1. Jaswinder Kaur Virk, 2. Sanjiv Kumar, 3. Ranjit Singh, 4. Avinash C Tripathi, 4. Shailendra K Saraf, 1. Vikas Gupta, 1. Parveen Bansal.",Journal of Advanced Pharmaceutical Technology and Research,2016,7,4
PHYTO-PHARMACOGNOSTICAL STUDIES AND HPTLC FINGERPRINTING PROFILE OF UVARIA NARUM (DUNAL) WALL. EX WIGHT.,,,,,
"MORPHOLOGICAL AND ANATOMICAL STUDY OF THE LEAVES OF LAURUS NOBILIS L. (LAURACEAE), GROWING IN THE INTRODUCTION OF THE NORTHERN CAUCASUS REGION (RUSSIA).",,,,,
SIMULTANEOUS-HPLC QUANTIFICATION OF PHENOLIC ACIDS IN TRADITIONALLY USED AYURVEDIC HERB DIPLOCYCLOS PALMATUS (L.) JEFFRY.,,,,,
PHARMACOGNOSTIC STUDIES AND HPLC ANALYSIS OF ROOTS OF HELICTERES ISORA (L.).,,,,,
BOTANICAL PHARMACOGNOSY OF CENTELLA ASIATICA (LINN.)URBAN.,,,,,
STANDARDIZATION AND CHEMICAL ANALYSIS OF RASAM: A SOUTH INDIAN TRADITIONAL FUNCTIONAL FOOD.,,,,,
PHARMACOGNOSTIC AND PHYTOCHEMICAL CHARACTERISTICS OF AILANTHUS ALTISSIMA (MILL.) SWINGLE STEM AND ROOT BARK: A COMPARATIVE STUDY.,,,,,
INDONESIAN MIRABILIS JALAPA LINN. : A PHARMACOGNOSTICAL AND PRELIMINARY PHYTOCHEMICAL INVESTIGATIONS.,,,,,
PHARMACOGNOSTICAL AND PHYSICO-CHEMICAL STANDARDIZATION OF EUPHORBIA NERIIFOLIA LEAVES.,,,,,
MOLECULAR AUTHENTICATION OF THE TRADITIONAL MEDICINAL PLANT LAKSHMAN BOOTI (SMITHIA CONFERTA SM.) AND ITS ADULTERANTS THROUGH DNA BARCODING.,"1. Suraj D. Umdale, 2. Parthraj R. Kshirsagar, 3. Manoj M. Lekhak, 2. Nikhil B. Gaikwad.",Pharmacognosy Magazine,2017,13,50
RESOLVING IDENTIFICATION ISSUES OF SARACA ASOCA FROM ITS ADULTERANT AND COMMERCIAL SAMPLES USING PHYTOCHEMICAL MARKERS.,,,,,
COMPARISON OF ULTRASOUND-ASSISTED EXTRACTION AND DYNAMIC MACERATION OVER CONTENT OF TAGITININ C OBTAINED FROM TITHONIA DIVERSIFOLIA (HEMSL.) A. GRAY LEAVES USING FACTORIAL DESIGN.,,,,,
"ANTI-DIFFERENTIATION EFFECT OF B, D-SECO LIMONOIDS OF SWIETENIA MAHOGANY.",,,,,
HIGH PERFORMANCE THIN LAYER CHROMATOGRAPHY: DENSITOMETRY METHOD FOR DETERMINATION OF RUBRAXANTHONE IN THE STEM BARK EXTRACT OF GARCINIA COWA ROXB.,,,,,
"SPECTROPHOTOMETRIC QUANTIFICATION OF FLAVONOIDS IN HERBAL MATERIAL, CRUDE EXTRACT, AND FRACTIONS FROM LEAVES OF EUGENIA UNIFLORA LINN.",,,,,
DEVELOPMENT OF VALIDATED HIGH-PERFORMANCE THIN-LAYER CHROMATOGRAPHY METHOD FOR SIMULTANEOUS DETERMINATION OF QUERCETIN AND KAEMPFEROL IN THESPESIA POPULNEA.,,,,,
ROOT EXUDATES OF CYPERUS ALTERNIFOLIUS IN PARTIAL HYDROPONIC CONDITION UNDER HEAVY METAL STRESS.,,,,,
COMPARISON BETWEEN HPLC AND HPTLC DENSITOMETRY FOR THE DETERMINATION OF 11-KETO-BETA-BOSWELLIC ACID AND 3-ACETYL-11-KETO-BETA-BOSWELLIC ACID FROM BOSWELLIA SERRATA EXTRACT.,,,,,
PHYSICOCHEMICAL SCREENING AND SHELF LIFE EVALUATION OF KUNKUMADI GHRTA PREPARED USING KESARA AND NAGAKESARA.,,,,,
PHARMACOGNOSTICAL AND PHYTOCHEMICAL STUDIES OF HELLEBORUS NIGER L ROOT.,"1. V. Kishor Kumar, 2. K.G. Lalitha.",Ancient Science of Life,2017,36,3
STEROIDAL CONSTITUENTS AND A FATTY ACID ESTER FROM THE FRUIT PEELS OF CITRUS SINENSIS (L.) OSBECK.,,,,,
PHARMACOGNOSTIC STUDIES ON PLAKSA (FICUS VIRENS AIT.) STEM BARK.,,,,,
STUDY ON TRADITIONAL FOOD PLANT RESOURCES AND BIOACTIVITIES OF PRODUCT AS DYE FROM FRUITS OF BASELLA ALBA L. (CEYLON SPINACH) PLANT.,,,,,
MICROCRYSTALLINE CELLULOSE POWDER FROM BANANA PSEUDOSTEM FIBRES USING BIO-CHEMICAL ROUTE.,,,,,
FATTY ACID COMPOSITION OF SONCHUS ARVENSIS L. ROOT.,,,,,
INTRASPECIFIC CHEMICAL VARIABILITY IN ESSENTIAL OIL OF CYMBOPOGON DISTANS (NEES EX STEUD.) W.WATSON FROM UTTARAKHAND HIMALAYA (INDIA).,,,,,
VOLATILE CONSTITUENTS OF ENDANGERED SPECIES NARDOSTACHYS GRANDIFLORA DC. RHIZOMES FROM UTTARAKHAND HIMALAYA (INDIA).,,,,,
PHARMACOGNOSTIC EVALUATION AND ESTABLISHMENT OF QUALITY PARAMETERS OF SEEDS OF CUMINUM CYMINUM L.,,,,,
PHARMACOGNOSTICAL STANDARDIZATION OF ARISAEMA LESCHENAULTII BLUME.,,,,,
"ISOLATION, CHARACTERIZATION AND QUANTIFICATION OF BIOACTIVE DIBENZYLBUTYROLACTONE LIGNAN (-)-CUBEBIN FROM FRUITS OF PIPER CUBEBA L.F.","Mulik M B, Laddha K S.",Indian Journal of Natural Products and Resources,2015,6,3
"DEVELOPMENT AND QUALITY EVALUATION OF BOTTLE GOURD, LAGENARIA SICERARIA (MOL.) STANDL. BASED BLEND JUICE.",,,,,
DEVELOPMENT OF TECHNOLOGY FOR BAMBOO SEEDS PAYASAM- A TRADITIONAL PRODUCT OF TRIBALS IN WAYANAD DISTRICT OF KERALA.,,,,,
"INDIGENOUS PROCESSING OF TIKHUR (CURCUMA ANGUSTIFOLIA ROXB.) FOR THE EXTRACTION OF STARCH IN BASTER, CHHATTISGARH.",,,,,
HIGH PERFORMANCE LIQUID CHROMATOGRAPHY PROTOCOL FOR GLUCOSINOLATE PROFILING IN BRASSICA L. SPECIES.,,,,,
PRODUCTION TECHNOLOGY FOR ENDANGERED MEDICINAL PLANTS OF KASHMIR HIMALAYAS II. CULTIVATION PROFILE OF INULA RACEMOSA HOOK.F.,,,,,
PHYTOCHEMICAL STANDARDIZATION OF DIPLOKNEMA BUTYRACEA (ROXB.) H.J. LAM. SEEDS BY HPTLC TECHNIQUE.,,,,,
VALIDATION OF AN ANALYTICAL METHODOLOGY FOR DETERMINATION OF TETRACYCLINES RESIDUES IN HONEY BY UPLC-MS/MS DETECTION.,,,,,
"DEVELOPMENT AND EVALUATION OF DIFFERENT BEVERAGES FROM ALOE VERA (L.) BURM.F.FOR THEIR NUTRITIONAL, FUNCTIONAL AND SENSORY QUALITIES.",,,,,
ISOLATION OF TANNIN AS CALCIUM SALT (CALCIUM TANNATE) AND AS FREE TANNIN FROM DE-OILED SEEDS OF SHOREA ROBUSTA GAERTN. AND EVALUATION OF ITS IN VITRO ANTIOXIDANT PROPERTIES.,,,,,
NUTRITIONAL COMPOSITION AND VALUE ADDED PRODUCTS OF CHINESE BER (ZIZIPHUS JUJUBA MILL.) GROWING IN NORTHERN HILL REGIONS OF INDIA.,"1. Rakesh Sharma, 2. JC Rana.",Indian Journal of Natural Products and Resources,2016,7,4
"ANATOMICAL, PHYSICO-CHEMICAL, AND PHYTOCHEMICAL INVESTIGATIONS OF CEROPEGIA BULBOSA VAR. LUSHII.",,,,,
STANDARDIZATION AND QUALITY CONTROL OF KUTAJASTAKA KVATHA GHANA VATI: AN AYURVEDIC FORMULATION.,,,,,
EVALUATION OF SHADDHARANA CHURNA: AN AYURVEDIC FORMULATION.,,,,,
HYGROPHILA RINGENS (L.) R. BR. EX SPRENG. - A NEW RECORD FROM RAJASTHAN.,,,,,
SCIENTIFIC EVALUATION OF DARVYADI KVATHA CURNA - A CLASSICAL AYURVEDIC COMPOUND FORMULATION.,,,,,
TAMARIND SEED POLYSACCHARIDE: AN EMERGING EXCIPIENT FOR PHARMACEUTICAL USE.,,,,,
GC-MS ANALYSIS OF YOUNG LEAVES OF ALLOPHYLUS COBBE (L.) RAEUSCH. AND ALLOPHYLUS SERRATUS (ROXB.) KURZ.,,,,,
INFLUENCE OF DEMOGRAPHIC LOCATION AND SOLVENT EXTRACTION ON PHARMACOGNOSTICAL ASSESSMENT AND IDENTIFICATION OF CONESSINE CONTENT IN DIFFERENT PARTS OF HOLARRHENA ANTIDYSENTRICA THROUGH HPTLC ANALYSIS.,,,,,
AN OPTIMIZATION OF THE EXTRACTION AND THE PHYSICOCHEMICAL PROPRIETIES OF THE ESSENTIAL OIL OF LAWSONIA INERMIS L. CULTIVATED IN BISKRA (DEPARTMENT OF ALGERIA).,,,,,
VALIDATION OF CAPSAICIN IN INDIAN CAPSICUM SPECIES THROUGH RP-HPLC.,"1. Mrinmoy Nag, 1. Joydeb Chanda, 1. Rajarshi Biswas, 2. Naif Abdullah Al-Dhabi, 2. V. Duraipandiyan, 3. Pratim Banerji, 1. Pulok K. Mukherjee.",Indian Journal of Pharmaceutical Education and Research,2017,51,2
ISOLATION AND CHARACTERIZATION OF TOTAL VOLATILE COMPONENTS FROM LEAVES OF CITRUS LIMON LINN.,,,,,
PHARMACOGNOSTIC EVALUATION OF TOONA CILIATA BARK.,,,,,
STUDIES ON SOME PHYSICOCHEMICAL PROPERTIES OF LEUCAENA LEUCOCEPHALA BARK GUM.,,,,,
EVALUATION OF SPINACIA OLERACEA L. LEAVES MUCILAGE AS AN INNOVATIVE SUSPENDING AGENT.,,,,,
COMPARATIVE PHARMACOGNOSTICAL INVESTIGATION ON FOUR ETHANOBOTANICALS TRADITIONALLY USED AS SHANKHPUSHPI IN INDIA.,,,,,
PHARMACOGNOSTIC PARAMETERS FOR EVALUATION OF THE RHIZOMES OF CURCUMA CAESIA.,,,,,
BETA- SITOSTEROL IN DIFFERENT PARTS OF SARACA ASOCA AND HERBAL DRUG ASHOKARISTA: QUALI-QUANTITATIVE ANALYSIS BY LIQUID CHROMATOGRAPHY-MASS SPECTROMETRY.,,,,,
FORMULATION AND EVALUATION OF CONTROLLED RELEASE MATRIX MUCOADHESIVE TABLETS OF DOMPERIDONE USING SALVIA PLEBEIAN GUM.,,,,,
ANTIOXIDANT MARKERS BASED TLC-DPPH DIFFERENTIATION ON FOUR COMMERCIALIZED BOTANICAL SOURCES OF SHANKHPUSHPI (A MEDHYA RASAYANA): A PRELIMINARY ASSESSMENT.,,,,,
"PREPARATION AND PHYSICOCHEMICAL CHARACTERIZATION OF INGREDIENTS OF INDIAN TRADITIONAL MEDICINE, MAHAMRUTYUNJAYA RASA.","1. Pallavi Rai, 2. Sadhana J. Rajput.",Journal of Ayurveda and Integrative Medicine,2017,8,3
CONSERVATION AND SUSTAINABLE UTILIZATION OF MEDICINAL PLANTS OF CHANDAULI AND OBRA FORESTS OF UTTAR PRADESH.,,,,,
STANDARDIZATION OF PANCAGUNA TAILA.,,,,,
ANALYSIS OF THE FIXED OIL FROM THE ROOTS OF IXORA COCCINEA LINN.,,,,,
FATTY ACIDS COMPOSITION FROM THE SEEDS OF CROTALARIA LABURNIFOLIA LINN.,,,,,
CHEMICAL INVESTIGATION OF ONOSMA HISPIDUM WALL.,,,,,
THE CHEMICAL INVESTIGATION OF THE SEED FAT OF DIOSPYROS PEREGRINA.,,,,,
CHEMICAL STUDIES ON THE ROOTS OF THE SAUDI DATE PALM TREE - PHOENIX DACTYLIFERA L.,,,,,
PROTEIN BOUND AMINO-ACIDS OF THEVETIA PERUVIANIA LEAVES.,,,,,
CHEMICAL COMPOSITION AND NUTRITIVE VALUE OF BOTHRICHLOA PERTUSA (LINN) A. CAMUS.,,,,,
FREE AMINO ACIDS AND SUGARS OF ANNONA SQUAMOSA LINN.,"H. D. Joshi, G. A. Baxi, A. J. Baxi.",Asian Journal of Chemistry,1992,4,1
FATTY ACID COMPOSITION OF THE SEED OIL OF TERMINALIA PALLIDA.,,,,,
B-SITOSTERROL-3-O-B-D-ARBINOFURONOSYL (1-4)-O-L-RHAMNOPYRANOSYL (1-4)-O-B-D-GLUCOPYRANOSIDE FROM ROOTS OF AGAVE AERICANA LINN.,,,,,
"GOSSYPETIN-7-0-B-D-GLUCOPYRANOSIDE, A NOVEL FLAVONOID GLYCOSIDE FROM IMPATIENS SCABRIDA D.C.",,,,,
A NOVEL ANTHRAQUINONE GLYCOSIDE FROM IMPATIENS BALSAMINA LINN. SEEDS.,,,,,
ANALYSIS OF THE FIXED OIL FROM THE STEM OF CROTALARIA VERRUCOSA.,,,,,
"A FLAVONE GLYCOSIDE, ROBINITIN-7-O-B-D-GLUCOPYRANOSIDE FROM ALTERNANTHERA SESSILIS.",,,,,
"UV AND IR SPECTRAL STUDIED OF ESSENTIAL OIL OF A. INDICA, M. HORTENSIS AND E. TRIPLINERVE LEAVES.",,,,,
NEUTRAL TAILA CONTENT STUDY OF DASMULA TAILA.,,,,,
CHEMICAL EXAMINATION OF THE FRUITS OF CITRUS RETICULATE BLANCO.,,,,,
CHEMICAL EXAMINATION OF THE SEEDS OF TRICHOSANTHES ANGUINA LINN.,"R.N. Yadav, Yasmeen Syeda.",Asian Journal of Chemistry,1994,6,1
NON-SAPONIFIABLE COMPONENTS OF XANTHIUM STRUMARIUM LEAVES (LINN.).,,,,,
EFFECT OF POLLUTED WATER ON SEEDS OF PHASEOLUS RADIATUS L.,,,,,
THE SEED OIL OF WITHANIA SOMNIFERA W.S.-20 VARIETY.,,,,,
CHEMICAL CONSTITUENTS FROM THE FRUITS OF COTONEASTER MICROPHYLLA WALL EX LINDL.,,,,,
CHEMICAL STRUCTURE OF CASSIA AURICULATA LINN. SEEDS POLYSACCHARIDE.,,,,,
CONSTITUENT ACIDS OF CUCUMIS SATIVUS FRUIT CUTIN.,,,,,
A NEW STEROIDAL SAPONIN FROM TRICHOSANTHES DIOICA (ROXB.).,,,,,
CARBOHYDRATE CONTENTS OF BOSWELLIA SERRATA.,,,,,
FLAVONOIDS FROM THE FLOWER EXTRACT OF TECOMA STANS.,,,,,
"IDENTIFICATION AND ESTIMATION OF AMINO ACIDS, SUGARS AND ASCORBIC ACID IN THE FRUITS OF CARYOTA URENS.","M.K. Geetha Nambiar, P. Mohamed Shafi.",Asian Journal of Chemistry,1996,8,3
ANALYSIS OF CARBOHYDRATES FROM THE SEEDS OF CENTRATHERUM ANTHELMINTICUM KUNTZE.,,,,,
PHYTOCHEMICAL INVESTIGATION ON GENTIANA DAHURICA.,,,,,
CHEMICAL INVESTIGATION OF FRESH ROOTS OF BALANITES ROXBURGHII (PLANCH).,,,,,
FLAVONOIDS OF MELILOTUS INDICA.,,,,,
"CHEMICAL CONSTITUENT FROM THE PODS OF CASSIA GLAUCA, LAM.",,,,,
ALKALOIDAL CONTENT OF GENUS FUMARIA.,,,,,
INVESTIGATION OF HIMALAYAN NEPETA SPECIES VII: ESSENTIAL OIL OF NEPETA SPICATA BENTH.,,,,,
CHEMICAL INVESTIGATION ON THE LEAVES OF HIBISCUS FURCATUS.,,,,,
"NUTRITIONAL POTENTIAL OF WILD EDIBLE FRUITS, TRADITIONALLY USED BY THE LOCAL PEOPLE OF MEGHALAYA STATE IN INDIA.",,,,,
ISOLATION AND EXTRACTION OF MEDICINALLY USEFUL DYE FROM THE HEARTWOOD OF CAESALPINILL SAPPAN LINN. USING DIFFERENT SOLVENTS.,"1. B.S. Guleria, 2. A.K. Manav, 1. A.K. Indrayan.",Asian Journal of Chemistry,1997,9,4
FLAVONOIDS FROM PSIDIUM GUAIJAVA.,,,,,
A NEW ANTHRAQUINONE GLYCOSIDE FROM THE HEARTWOOD OF CASSIA AURICULATA LINN.,,,,,
FLAVONOID GLYCOSIDES FROM LAGONYCHIUM FARCATUM AND HERMINIERA ELAPHROXYLON.,,,,,
POLYALCOHOLS FROM CASSIA ALATA LINN. SEEDS,,,,,
PHARMACEUTICO-ANALYTICAL STUDY OF NAGA BHASMA (INCINERATED LEAD) PREPARED BY TWO DIFFERENT METHODS.,,,,,
A NEW ANTHRAQUINONE FROM THE ROOT BARK OF CASSIA NODOSA.,,,,,
CHEMICAL STUDY OF THE SEEDS OF DOLICHOS BIFLORUS.,,,,,
INVESTIGATIONS ON SECONDARY METABOLITES FROM CRATEVA RELIGIOSA G. FORST.-A RARE MEDICINAL PLANT OF VIDARBHA REGION (M.S.) INDIA.,,,,,
PHYTOCHEMICAL STUDY OF GUAR (CYAMOPSIS TETRAGONOLOBA L. TAUB).,,,,,
CHEMICAL EXAMINATION OF THE LEAVES OF BUTEA SUPERBA ROXB.,"R. N. Yadava, K. Indra Sena Reddy.",Asian Journal of Chemistry,1998,10,3
ESTIMATION OF DIFFERENT VALUES IN DASMULA TAIL.,,,,,
VOLATILE OILS AND PECTINS FROM CITRUS AURANTIFOLIA (LIME) AND CITRUS LIMONIA (LEMON).,,,,,
ISOLATION AND EXTRACTION OF MEDICINALLY IMPORTANT OIL FROM THE SEEDS OF MELIA COMPOSITA WILLD.,,,,,
IMPROVEMENT OF QUALITY CONTROL PARAMETERS FOR THE STANDARDIZATION OF CALOTROPIS PROCERA L. LEAF AND FLOWER.,,,,,
CHEMICAL EXAMINATION OF THE SEEDS OF TECOMA UNDULATA.,,,,,
CHEMICAL INVESTIGATION OF UVARIA NARUM LEAVES.,,,,,
PHYSICOCHEMICAL COMPOSITION AND ANTIOXIDANT ACTIVITY OF SEVERAL POMEGRANATE (PUNICA GRANATUM L.) CULTIVARS GROWN IN SPAIN.,,,,,
TRITON X-100 AND DMSO INDUCED CELL PERMEABILITY FOR THE RELEASE OF CAMPESTEROL AND FLAVONOIDS IN CULTURED CELLS OF BLUMEA LACERA (BURM. F.) DC.,,,,,
ENHANCED EXTRACTION OF ANTIOXIDANT POLYPHENOLS FROM MORINGA OLEIFERA LAM. LEAVES USING A BIOMOLECULE-BASED LOW-TRANSITION TEMPERATURE MIXTURE.,,,,,
THE GENUS CORCHORUS L. (MALVACEAE) IN INDIA: SPECIES DISTRIBUTION AND ETHNOBOTANY.,"Shashi Bhushan Choudhary, Hariom Kumar Sharma, A. Anil Kumar, R. T. Maruthi, Pran Gobinda Karmakar.",Genetic Resources and Crop Evolution,2017,64,7
PHYTOCHEMICAL ANALYSIS OF ROOTS AMONG VARIOUS GENOTYPES ACROSS DIFFERENT AGE GROUPS IN RAUWOLFIA SERPENTINA (L.) BENTH BY HIGH PERFORMANCE LIQUID CHROMATOGRAPHY.,,,,,
SYSTEMIC STANDARDISATION OF LOHASAVA - AN ANTI ANEMIC POLYHERBAL FORMULATION.,,,,,
FINGER PRINTING ANALYSIS OF THE PHENOLS FROM HOLOPTELEA INTEGRIFOLIA (ROXB.) PLANT LEAVES USING HPTLC.,,,,,
DEVELOPMENT OF NEW ISOLATION TECHNIQUE AND VALIDATED HPLC METHOD DEVELOPMENT FOR KHELLIN- A MAJOR CONSTITUENT OF AMMI VISNAGA LAM. FRUITS.,,,,,
PHARMACOGNOSTICAL PHYTOCHEMICAL SCREENING OF ANDROGRAPHIS PANICULATA (ACANTHACEAE).,,,,,
ANALYSIS OF DIFFERENT GRADES OF AGARWOOD (AQUILARIA MALACCENSIS LAMK.) OIL THROUGH GC-MS.,,,,,
"A NOTE ON DISTRIBUTION, ETHNOBOTANY AND ECONOMIC POTENTIAL OF HODGSONIA HETEROCLITA (ROXB.) HOOK. F . & THOMS. IN NORTH-EASTERN INDIA.",,,,,
HIGH PERFORMANCE LIQUID CHROMATOGRAPHIC METHOD FOR SIMULTANEOUS ESTIMATION OF RUTIN AND MYRICETIN FROM DRIED LEAF POWDER OF SYZYGIUM JAMBOS (L.) ALSTON.,,,,,
PHARMACOGNOSTICAL STUDIES ON THE LEAVES OF SARCOCHLAMYS PULCHERRIMA (ROXB.) GOUD.,,,,,
"PHARMACOGNOSTICAL, PHYTOCHEMICAL INVESTIGATIONS AND HPTLC FINGERPRINTING OF PENTAPETES PHOENICEA L. LEAVES.","1, 2. Nisha Sharma, 1. Prakash Chandra Gupta, 1. Anju Singh, 3. Ch.V Rao.",Indian Journal of Natural Products and Resources,2014,5,2
PHARMACOGNOSTIC STUDIES ON ETHNO-MEDICINAL PLANT AERVA LANATA (L.) JUSS.,,,,,
ADULTERATION OF ARGYREIA NERVOSA (BURM.F.) BOJ. WITH RIVEA HYPOCRATERIFORMIS CHOISY- A NEW REPORT.,,,,,
PRELIMINARY PHYTOCHEMICAL SCREENING AND THIN LAYER CHROMATOGRAPHY OF POLYHERBAL ANTIDIABETIC EXTRACTS.,,,,,
SCREENING AND QUANTIFICATION OF PHYTOCHEMICALS IN THE LEAVES AND FLOWERS OF TABERNAEMONTANA HEYNEANA WALL. - A NEAR THREATENED MEDICINAL PLANT.,,,,,
PHARMACOGNOSTIC AND PRELIMINARY PHYTOCHEMICAL STUDIES ON SHOOT OF CALAMUS LEPTOSPADIX GRIFF. - AN ETHNOMEDICINAL PLANT OF ASSAM.,,,,,
EXTRACTION AND IDENTIFICATION OF BIOACTIVE COMPONENTS IN SIDA CORDATA (BURM.F.) USING GAS CHROMATOGRAPHY-MASS SPECTROMETRY.,,,,,
PHENYLPROPANOID COMPOSITION IN FIG (FICUS CARICA L.) LEAVES.,,,,,
"AROMADENDRIN-4-O-B-D-GLUCOPYRANOSYL (1-6)-O-B-D-XYLO-PYRANOSIDE, A NEW DIHYDROFLAVONOLGLYCOSIDE FROM THE AERIAL PART OF DALBERGIA IATIFOLIA ROXB.",,,,,
ANALYSIS OF FREE AMINO ACIDS IN DIFFERENT EXTRACTS OF ORTHOSIPHON STAMINEUS LEAVES BY HIGH-PERFORMANCE LIQUID CHROMATOGRAPHY COMBINED WITH SOLID-PHASE EXTRACTION.,,,,,
"5,7,3,4-TETRAMETHYOXY QUERCETIN-3-O-B-D-GALACTOPYRANOSYL- (1-4)-O-A-D-XYLOPYRANOSIDE FROM SYN SESBANIA ACULEATA","1. J. Salpekar, 2. S.A. Khan.",Asian Journal of Chemistry,1997,9,2
A COMPREHENSIVE STUDY ON FAST DISPERSIBLE AND SLOW-RELEASING CHARACTERISTIC OF ORANGE PEEL PECTIN IN RELATION TO ESTABLISHED SYNTHETIC POLYMER.,,,,,
ECHINOCYSTIC ACID-3-O-B-D-GALACTOPYRANOYSL (1-5)-O-B-D-XYLOFURANOSIDE FROM ROOT OF SPONDIAS MANGIFERA WILLD,,,,,
"FURANO-(2, 3,7, 8)-3,5-DIMETHOXY-5-HYDROXYFLAVONE: A NEW FURANOFLAVONE FROM THE FRUITS OF DIOSPYROS PEREGRINA GURKA",,,,,
QUANTITATIVE ANALYSIS OF BENZYL ISOTHIOCYANATE IN SALVADORA PERSICA EXTRACT AND DENTAL CARE HERBAL FORMULATIONS USING REVERSED PHASE C18 HIGH-PERFORMANCE LIQUID CHROMATOGRAPHY METHOD.,,,,,
"A NOVEL FLAVONE GLYCOSIDE: 5,7,3-TRIHYDROXY-6,4,5-TRIMETHOXYFLAVONE-3 O-A-L-RHAMNOPYRANOSIDE FROM THE LEAVES OF MIMOSA RUBICAULIS",,,,,
CHROMOSOMAL FRAGMENTATION: A POSSIBLE MARKER FOR THE SELECTION OF HIGH GYMNEMIC ACID YIELDING ACCESSIONS OF GYMNEMA SYLVESTRE R. BR.,,,,,
HIGH-PERFORMANCE THIN-LAYER CHROMATOGRAPHIC-DENSITOMETRIC QUANTIFICATION AND RECOVERY OF BIOACTIVE COMPOUNDS FOR IDENTIFICATION OF ELITE CHEMOTYPES OF GLORIOSA SUPERBA L. COLLECTED FROM SIKKIM HIMALAYAS (INDIA).,,,,,
CORRELATION BETWEEN POLYPHENOL OXIDASE (PPO) ACTIVITY AND TOTAL PHENOLIC CONTENTS IN CROCUS SATIVUS L. CORMS DURING DORMANCY AND SPROUTING STAGES.,,,,,
PHYSICOCHEMICAL PROPERTIES AND LUBRICANT POTENTIALS OF BLIGHIA SAPIDA SAPINDACEAEAE SEED OIL IN SOLID DOSAGE FORMULATIONS.,,,,,
CHEMICAL COMPOSITION OF ESSENTIAL OIL OF EXUDATES OF DRYOBALANOPS AROMATICA.,"1. Tian-Xin Le, 2. Anthony Siong-Hock Ho, 2. Siau-Hui Mah, 3. Tin-Wui Wong, 4. Hean-Chooi Ong, 5, 6. Patrick Heng-Meng Loh, 1. Yang-Mooi Lim.",Tropical Journal of Pharmaceutical Research,2017,16,3
GENETIC VARIATION IN SEED QUALITY AND FATTY ACID COMPOSITION OF FENUGREEK (TRIGONELLA FOENUM-GRAECUM L.) GENOTYPES GROWN UNDER LIMITED MOISTURE CONDITIONS.,,,,,
SPONTANEOUS ACTION POTENTIALS AND CIRCUMNUTATION IN HELIANTHUS ANNUUS.,,,,,
TRANSCRIPTIONAL PROFILING BY RNA SEQUENCING OF BLACK PEPPER (PIPER NIGRUM L.) ROOTS INFECTED BY FUSARIUM SOLANI F. SP. PIPERIS.,,,,,
USING HYDROTHERMAL TIME CONCEPT TO DESCRIBE SESAME (SESAMUM INDICUM L.) SEED GERMINATION RESPONSE TO TEMPERATURE AND WATER POTENTIAL.,,,,,
ISOLATION AND EXTRACTION OF MEDICINALLY USEFUL DYE FROM THE HEARTWOOD OF ARTOCARPUS INTEGRIFOLIA LINN. USING DIFFERENT SOLVENTS.,,,,,
CHEMICAL EXAMINATION OF THE SEEDS OF TECOMA STANS.,,,,,
"ISOLATION AND EXTRACTION OF MEDICINALLY USEFUL DYE FROM THE ROOTS OF ARNEBIA NOBILIS RECH. F., USING DIFFERENT SOLVENTS.",,,,,
A NEW CARDENOLIDE FROM THE SEEDS OF PENNISETUM SPICATUM ROEM.,,,,,
FLAVONOIDS FROM THE LEAVES OF CITRUS AURANTIUM (SOUR ORANGE) AND CITRUS SINENSIS (SWEET ORANGE).,,,,,
"COUMARINS, FATTY ACIDS, VOLATILE AND NON-VOLATILE TERPENOIDS FROM THE LEAVES OF CITRUS AURANTIUM L. (SOUR ORANGE) AND CITRUS SINENSIS (L.) OSBECK (SWEET ORANGE).","1. E. G. Haggag, 1. I. I. Mahmoud, 2. E. A. Abou-Moustafa , 3. T. J. Mabry.",Asian Journal of Chemistry,1999,11,3
CHEMICAL INVESTIGATION OF SANSEVIERIA ZEYLANICA LEAVES.,,,,,
METHYLATION OF ACACIA AURICULIFORMIS GUM POLYSACCHARIDE.,,,,,
"EXTRACTION OF COLORING MATERIAL FROM BUTEA MONOSPERMA, FRONDOSA (TESU, PALASH FLOWERS).",,,,,
ANALYSIS OF SUGARS FROM THE SEEDS OF TECOMA URGENTIA.,,,,,
CHEMICAL INVESTIGATION OF THE SEEDS OF GLIRCIDIA MACULATA.,,,,,
2-DESACETYL-8-EPI-XANTHUMANOL-4-O-B-D GALACTOPYRANOSIDE: THE POTENTIAL ANTITUMOUR SESQUITERPENOIDAL LACTONE FROM XANTHIUM SPINOSUM BARK.,,,,,
"19-OXO-5-A-CARDA-14, 20(22)-DIENOLIDE-O-B-D-GLUCOPYRANOSIDE FROM MILLETTIA OVALIFOLIA ROOTS.",,,,,
REACTIONS OF CALCIUM PHOSPHATE WITH SOME FRUIT JUICES.,,,,,
A NEW BIS-COUMARIN FROM THE SEEDS OF COLVILLEA RACEMOSA.,,,,,
A NOVEL FLAVONE GLYCOSIDE FROM THE STEMS OF DALBERGIA SYMPATHETICA.,"R. N. Yadava, Anila Roy.",Asian Journal of Chemistry,2000,12,4
CHEMICAL INVESTIGATION OF THE SEEDS OF SCHLEICHERA TRIJUGA.,,,,,
CHEMICAL ANALYSIS OF CERTAIN MEDICINAL PLANTS OF GARHWAL HIMALAYAS.,,,,,
"A NOVEL FLAVONE GLYCOSIDE-6,4'-DIHYDROXY-3'-PRENYL-3,5,7,5'-TETRAMETHOXY FLAVONE-6-O-A-L-RHAMNOPYRANOSIDE FROM THE SEEDS OF BAUHINIA PURPUREA.",,,,,
CHEMICAL INVESTIGATION OF PODS OF ACACIA CONCCINNA DC.,,,,,
"AN ARABINOGALACTAN FROM THE SEEDS OF LIMONIA ACIDISSIMA: ISOLATION, PURIFICATION AND STRUCTURAL FEATURES.",,,,,
SCREENING FOR PHENOLS FROM FEW MEDICINAL PLANTS.,,,,,
A NOVEL BUFADIENNOLIDE FROM THE SEEDS OF MIMOSA PUDICA LINN.,,,,,
CHEMICAL INVESTIGATION ON THE POLYSACCHARIDES PRESENT IN THE MESOCARP OF CHALKUMRA (BENINCASA HISPIDA) FRUIT.,,,,,
REACTIONS OF CALCIUM PHOSPHATE AND CALCIUM OXALATE WITH KURTHI (DOLICHOS BIFLUORUS) EXTRACT (FRESH AND HYDROLYSED).,,,,,
SIMULTANEOUS DETERMINATION OF VASICINE AND VASICINONE BY HIGH-PERFORMANCE LIQUID CHROMATOGRAPHY IN ROOTS OF EIGHT SIDA SPECIES.,"1. M. D. Subramanya, 2. Sandeep R. Pai, 3. Gireesh M. Ankad, 3. Harsha V. Hegde, 3. Subarna Roy, 3. S. L. Hoti.",AYU,2016,37,2
CHEMICAL CONSTITUENTS ISOLATED FROM ZANTHOXYLUM ARMATUM STEM BARK.,,,,,
DIFFERENTIALLY EXPRESSED GENES IN HEADS AND TAILS OF ANGELICA SINENSIS DIELS: FOCUSING ON FERULIC ACID METABOLISM.,,,,,
"EFFECTS OF LONG EXPOSURE TO SPENT POTLINER ON SEEDS, ROOT TIPS, AND MERISTEMATIC CELLS OF ALLIUM CEPA L.",,,,,
PHYTOCHEMICAL INVESTIGATIONS OF THE LEAVES AND FLOWERS OF HIBISCUS ROSA-SINENSIS L.,,,,,
NUTRACEUTICAL POTENTIAL OF MUCUNA UTILIS WALL. - A LESSER KNOWN LEGUME.,,,,,
PHARMACOGNOSTIC AND PHYTOCHEMICAL INVESTIGATIONS ON THE BARK OF MORINGA OLEIFERA LAM.,,,,,
ECONOMIC ASSESSMENT AND CONSERVATION PRIORITIES OF THE INDIAN THAR DESERT MEDICINAL PLANTS.,,,,,
"PHARMACOGNOSTICAL AND PHYTOCHEMICAL STUDIES ON DYERS OLEANDER MISTLETOE, VISCUM ORIENTALE WILLD.",,,,,
PHYTOCHEMICAL AND TLC STUDIES ON STEM AND LEAVES OF THE ORCHID DENDROBIUM PANDURATUM SUBSP. VILLOSUM GOPALAN & A. N. HENRY.,,,,,
TINOSPORA CORDIFOLIA (WILLD.) MIERS EX HOOK.F. & THOMS- PLANT TISSUE CULTURE AND COMPARATIVE CHEMO-PROFILING STUDY AS A FUNCTION OF DIFFERENT SUPPORTING TREES.,"Bharat M Bhalerao, Kishor S Vishwakarma, Vijay L Maheshwari.",Indian Journal of Natural Products and Resources,2013,4,4
MICROSCOPIC STUDIES AND PRELIMINARY PHARMACOGNOSTICAL EVALUATION OF EUPHORBIA NERIIFOLIA L. LEAVES.,,,,,
PHYTOCHEMICAL STUDIES OF ARTOCARPUS GOMEZIANUS WALL. EX TRECUL. VAR. LAKOOCHA ROXB. FRUITS COLLECTED FROM VARIOUS ALTITUDES OF CENTRAL WESTERN GHATS.,,,,,
"ATTA (WHOLE WHEAT FLOUR) WITH MULTI-WHOLEGRAINS: FLOUR CHARACTERIZATION, NUTRITIONAL PROFILING AND EVALUATION OF CHAPATI MAKING QUALITY.",,,,,
OPTIMIZATION OF ULTRASOUND AND MICROWAVE ASSISTED EXTRACTIONS OF POLYPHENOLS FROM BLACK RICE (ORYZA SATIVA CV. POIRETON) HUSK.,,,,,
EFFECTS OF MICROWAVE HEATING OF WHEAT ON ITS FUNCTIONAL PROPERTIES AND ACCELERATED STORAGE.,,,,,
OPTIMIZATION OF HEADSPACE SOLID PHASE MICRO-EXTRACTION OF VOLATILE COMPOUNDS FROM PAPAYA FRUIT ASSISTED BY GC-OLFACTOMETRY.,,,,,
DEVELOPMENT OF NOVEL HIGH POWER-SHORT TIME (HPST) MICROWAVE ASSISTED COMMERCIAL DECONTAMINATION PROCESS FOR DRIED TURMERIC POWDER (CURCUMA LONGA L.).,,,,,
"INFLUENCE OF 1-MCP ON TEXTURE, RELATED ENZYMES, QUALITY AND THEIR RELATIVE GENE EXPRESSION IN AMRAPALI MANGO (MANGIFERA INDICA L.) FRUITS.",,,,,
COMPARISON OF TWO METHODS FOR 14C ANALYSIS FROM ESSENTIAL OILS USING LSC.,,,,,
VARIATION IN SEED PRODUCTION OF JATROPHA CURCAS L. ACCESSIONS UNDER TROPICAL DRY FOREST CONDITIONS IN ECUADOR.,"1,5. Alvaro Canadas-Lopez, 2. Diana Rade-Loor, 3. Juan Manuel Dominguez-Andrade, 4. J. Jesus Vargas-Hernandez, 5. Carlos Molina-Hidrovo, 5. Carlos Macias-Loor, 6. Christian Wehenkel.",New Forests,2017,48,6
PHYTOCHEMICAL AND QUALITY ASSESSMENT OF ACACIA NILOTICA LINN AND ACACIA LEUCOPHLOEA WILLD FLOWERS.,,,,,
"PHARMACOGNOSTIC, PHYTOCHEMICAL AND PHYSICOCHEMICAL INVESTIGATIONS OF HYPERICUM HOOKERIANUM WIGHT & ARN. (HYPERICACEAE) OF PALNI HILLS, INDIA.",,,,,
"INFLUENCE OF EXTRACTION PARAMETERS ON THE YIELD, PHYTOCHEMICAL, TLC-DENSITOMETRIC QUANTIFICATION OF QUERCETIN, AND LC-MS PROFILE, AND HOW TO STANDARDIZE DIFFERENT BATCHES FOR LONG TERM FROM AGERATUM CONYOIDES L. LEAVES.",,,,,
DNA FINGERPRINTING PROFILE AND QUALITY CONTROL STANDARDIZATION OF FOLKLORE MEDICINAL PLANT EXACUM LAWII.,,,,,
A NOVEL APPROACH TOWARDS GREEN EXTRACTION FOR GLYCYRRHITINIC ACID BY IONIC LIQUID BASED MICROWAVE ASSISTED EXTRACTION AND OPTIMIZATION THROUGH RESPONSE SURFACE METHODOLOGY.,,,,,
PHYTOCHEMICAL INVESTIGATION AND PHARMACOGNOSTIC STANDARDIZATION OF POLYCARPAEA CORYMBOSA LAM.,,,,,
PHYTOCHEMICAL EVALUATION AND CHROMATOGRAPHIC FINGERPRINT ANALYSIS ON FLAVONOIDS COMPOUNDS IN LEUCAS ASPERA (WILLD.) LINK LEAF BY HPTLC.,,,,,
"PHYTOCHEMICAL SCREENING, GC-MS, FT-IR ANALYSIS OF METHANOLIC EXTRACT OF CURCUMA CAESIA ROXB (BLACK TURMERIC).",,,,,
ARABINOGALACTAN PROTEINS IMPROVE PLANT REGENERATION IN BARLEY (HORDEUM VULGARE L.) ANTHER CULTURE.,,,,,
"THE CHLOROPLAST GENOME SEQUENCE FROM EUGENIA UNIFLORA, A MYRTACEAE FROM NEOTROPICS.","1. Maria Eguiluz, 1. Nureyev F. Rodrigues, 2. Frank Guzman, 1. Priscila Yuyama, 1,2,3. Rogerio Margis.",Plant Systematics and Evolution,2017,303,9
TWO NEW SPECIES OF ALLIUM L. SECT. ALLIUM (AMARYLLIDACEAE) FROM TURKEY.,,,,,
RESPONSE OF TRITICUM AESTIVUM TO BORON.,,,,,
A METALLURGICAL STUDY OF NAGA BHASMA.,,,,,
CHEMICAL CHARACTERIZATION OF AN AYURVEDIC HERBO-MINERAL FORMULATION - VASANTAKUSUMAKARA RASA: A POTENTIAL TOOL FOR QUALITY ASSURANCE.,,,,,
PROXIMATE COMPOSITION OF SEED OF IMPROVED VARIETIES OF CICER ARIETINUM.,,,,,
CARBOHYDRATE CONTENTS OF SOME INSECTICIDAL COMPOSITAE PLANTS.,,,,,
ISOLATION AND CHARACTERISATION OF A NEW STEREOISOMERIC FUROFURAN TYPE OF LIGNAN FROM ECBOLIUM LINNEANUM KURZ.,,,,,
A PHYTOCHEMICAL ANALYSIS OF THE MEDICINAL PLANT: ANISOCHILLUS CARNOSUS.,,,,,
"SYNTHESIS OF METHYL 3-(2,4,5-TRIMETHOXYPHENYL)-PROPIONATE, AN ANTIFUNGAL AND LARVICIDAL CONSTITUENT OF CORDIA ALLIODORA.",,,,,
LEAD AND OTHER ELEMENTS IN DATE PALM (PHOENIX DACTYLIFERAL.) FRUITS (DATES).,S. M. Al-Shayeb.,Asian Journal of Chemistry,2002,14,2
COMPARISON STUDY OF PHOENIX DACTYLIFERA L. AND NERIUM OLEANDER L. AS BIOMONITORS FOR LEAD AND OTHER ELEMENTS.,,,,,
AMINO ACID COMPOSITION OF SOME NEW VARIETIES OF LEGUMINOUS SEEDS.,,,,,
"4,5-DIHYDRO-14-B-HYDROXY SCILLADIENOLIDE-3-O-B-D-GLUCOPYRANOSIDE (AC-3) FROM THE STEMS OF MILLETIA OVALIFOLIA.",,,,,
SCREENING OF ACTIVE PRINCIPLES FROM A FEW MEDICINAL PLANTS.,,,,,
MASS SPECTRAL ANALYSIS OF SOLVENT EXTRACTS OF FENUGREEK SEEDS.,,,,,
TLC FOR THE DETECTION OF AFLATOXIN IN GROUNDNUT (ARACHIS HYPOSAEA L.) KERNELS.,,,,,
A TRITERPENOID FROM MORINGA PTERYGOSPERMA.,,,,,
CHARACTERIZATION OF FLAVONOIDS FROM SEED COAT OF BAUHINIA RACEMOSA.,,,,,
AMINO ACID COMPOSITION OF SOME CONVENTIONAL AND NON-CONVENTIONAL LEGUMINOUS SEEDS.,,,,,
STUDIES ON FATTY ACID COMPOSITION OF SEEDS OF IMPROVED VARIETIES OF CICER ARIETINUM.,"Benu Singhai, S. K. Shrivastava.",Asian Journal of Chemistry,2002,14,2
SURFACE HYDROCARBONS FROM THE LEAVES OF PORTULACA OLERACEA LINN.,,,,,
"STUDIES ON NUTRITIONAL QUALITIES OF IPOMOEA PES-TIGRIDIS LINN: A FODDER PLANT FROM KUNWARI RAVINELAND AT MORENA (M.P.), INDIA.",,,,,
PHYTOCHEMICAL STUDY OF ACHYRANTHES ASPERA LINN.,,,,,
PREDICTION OF RELATIVE NUTRITIVE VALUE OF THEMEDA ANATHERA (NEES EX. STEUD) HACK OF KUMAUN HILLS FROM ITS CHEMICAL COMPOSITION AT DIFFERENT STAGES OF GROWTH.,,,,,
CHROMATOGRAPHIC STUDIES ON TRIPHALA.,,,,,
VARIATION OF CHEMICAL CONSTITUENTS AND RELATIVE NUTRITIVE VALUE WITH PLANT MATURITY IN CHRYSOPOGON GRYLLUS (LINN.) TRIN AND ERAGROSTIS NIGRA NEES OF KUMAUN HILLS.,,,,,
HPLC IN STANDARDIZATION OF HERBAL DRUGS: STUDIES ON TRIPHALA POWDER.,,,,,
AMINO ACIDS FROM THE STEMS OF TECOMA UNDULATA.,,,,,
INFRARED SPECTROPHOTOMETRY IN STUDIES ON HERBAL DRUG TRIPHALA CHURNA.,,,,,
STANDARDIZATION OF SELECTED ASAVAS AND ARISHTAS.,"M. K. Santosh, D. Shaila, I. Sanjeeva Rao.",Asian Journal of Chemistry,2003,15,2
SURFACE HYDROCARBONS FROM THE LEAVES OF TRIANTHEMA PORTUIACASTRUM LINN.,,,,,
STUDIES ON A WATER SOLUBLE POLYSACCHARIDE FROM TINOSPORA CORDIFOLIA.,,,,,
EXTRACTION AND CHARACTERIZATION OF CHROMONE FROM FAT ALANGIUM SALVIFOLIUM.,,,,,
PHYTOCHEMICAL STIGATION OF ARNEBIA NOBILIS.,,,,,
ANALYSIS OF THE OIL FROM THE SEEDS OF SESBANIA AEGYPTIACA POIR.,,,,,
"A NOVEL SAPONIN STIGMASTA-7,16,25(26)-TRIENE-3-O-B-D-GLUCOPYRANOSYL-(1-5)-O-B-D-XYLO-FURANOSIDE ISOLATED AND IDENTIFIED FROM THE STEM OF PITHECELLOBIUM DULCE.",,,,,
STUDY OF PERCENTAGE OF MOISTURE AND ASH CONTENT OF ARGEMONE MEXICANA AND SOLUBILITIES IN DIFFERENT SOLVENTS.,,,,,
GC-MS ANALYSIS OF BIOACTIVE COMPOUNDS FROM BARK AND LEAF OF BOSWELLIA OVALIFOLIOLATA.,,,,,
STUDY ON QUALITY STANDARD OF PROCESSED CURCUMA LONGA RADIX.,,,,,
NEW FATTY ACID AND AROMATIC MONOTERPENIC ESTERS FROM THE LEAVES OF DIDYMOCARPUS PEDICELLATA R. BR.,"Wasim Ahmad, Ali A., Ali M., Mir S. R., Zaidi S. M. A., Sayeed Ahmad.",Indian Drugs,2017,54,11
"EFFECT OF NITROGEN ON GROWTH, BIOMASS AND OIL COMPOSITION OF CLARY SAGE (SALVIA SCLAREA LINN.) UNDER MID HILLS OF NORTH WESTERN HIMALAYAS.",,,,,
IMPACT OF SOIL OXYGENATION ON SEED QUALITY OF CHICKPEA (CICER ARIETINUM LINN. CV. VIJAY) UNDER ORGANIC FARMING CONDITION.,,,,,
IN VITRO AND IN VIVO ADVENTITIOUS BUD DIFFERENTIATION FROM MATURE SEEDS OF THREE GARCINIA SPP.,,,,,
A SIMPLE AND IMPROVED METHOD FOR ISOLATION OF KARANJIN FROM PONGAMIA PINNATA LINN. SEED OIL.,,,,,
DETERMINATION OF NUTRITIVE VALUE OF ZIZIPHUS RUGOSA LAMK.: A FAMINE EDIBLE FRUIT AND MEDICINAL PLANT OF WESTERN GHATS.,,,,,
BOTANICAL AND PHYTOCHEMICAL STUDIES ON ROOTS OF BERBERIS UMBELLATA WALL. EX G. DON.,,,,,
PHARMACOGNOSTICAL AND PHYTOCHEMICAL EVALUATION OF CINNAMOMUM WIGHTII MEISSN. FLOWERS.,,,,,
EFFECT OF DILUTION AND MATURATION ON PHYSICO-CHEMICAL AND SENSORY QUALITY OF JAMUN (BLACK PLUM) WINE.,,,,,
PROTECTION OF MAIZE BY STORAGE FUNGI AND AFLATOXIN PRODUCTION USING BOTANICALS.,,,,,
EFFECT OF MATURITY ON THE PHYSICO-CHEMICAL AND NUTRITIONAL CHARACTERISTICS OF KACHNAR (BAUHINIA VARIEGATA LINN.) GREEN BUDS AND FLOWERS.,"R Verma, M Awasthi, R Modgil, Y S Dhaliwal.",Indian Journal of Natural Products and Resources,2012,3,2
PHARMACOGNOSTICAL STUDIES ON STEM BARK OF MADHUCA LONGIFOLIA (KOEN.) MACBR. VAR. LATIFOLIA (ROXB.) A. CHEVAL.,,,,,
MACRO-MICROSCOPIC EVALUATION AND HPTLC-DENSITOMETRIC ANALYSIS OF SOLASODINE FROM FRUITS OF SOME MEDICINALLY IMPORTANT SPECIES IN GENUS SOLANUM LINN.,,,,,
"COMPARATIVE STUDY OF LEAVES OF FICUS POMIFERA WALL., FICUS HISPIDA LINN. AND FICUS RELIGIOSA LINN. FOR THE BIOCHEMICAL CONTENTS, MINERALS AND TRACE ELEMENTS.",,,,,
EXTRACTION AND SCANNING ELECTRON MICROSCOPIC STUDIES OF CURCUMA ANGUSTIFOLIA ROXB. STARCH.,,,,,
COMPARATIVE PHARMACOGNOSTIC STUDY OF INULA RACEMOSA HOOK. F. AND ITS ADULTERANT COFFEA TRAVANCORENSIS WIGHT & ARN.,,,,,
PHARMACOGNOSTICAL STUDIES ON THE ROOT AND RHIZOME OF NYMPHOIDES HYDROPHYLLA (LINN.) O. KUNTZE - AN ALTERNATE SOURCE FOR TAGARA DRUG.,,,,,
STUDIES ON PHYSICO-CHEMICAL CHARACTERISTICS AND FATTY ACID COMPOSITION OF WILD APRICOT (PRUNUS ARMENIACA LINN.) KERNEL OIL.,,,,,
AROMA PROFILE OF SEEDS OF CARUM CARVI LINN. CULTIVATED IN HIGHER HILLS OF UTTARAKHAND HIMALAYA.,,,,,
STUDY ON FUNCTIONAL PROPERTIES OF RAW AND BLENDED JACKFRUIT SEED FLOUR (A NON-CONVENTIONAL SOURCE) FOR FOOD APPLICATION.,,,,,
PHARMACOGNOSTICAL STUDIES OF CLEOME VISCOSA LINN.,"1, 2. Prakash Chandra Gupta, 3. Ch. V. Rao.",Indian Journal of Natural Products and Resources,2012,3,4
PHARMACOGNOSTICAL STUDIES ON THE ROOT OF ANACYCLUS PYRETHRUM DC.,,,,,
DETECTION OF BIOACTIVE COMPOUNDS BY USING HPTLC FROM WRIGHTIA TINCTORIA (R.BR.) AND AMORPHOPHALLUS CAMPANULATUS (ROXB.).,,,,,
SYNTHESIS AND OPTIMIZATION OF BIOACTIVE SILVER NANOBIOCONJUGATES FROM PIPER BETLE LEAVES AND THEIR ACTIVE COMPONENT EUGENOL.,,,,,
APPLICATION OF HPLC METHOD FOR SIMULTANEOUS ESTIMATION OF RUTIN AND MYRICETIN FROM MICRO AND NANO POWDERS OF LEAVES OF SYZYGIUM JAMBOS (L.) ALSTON.,,,,,
PREPARATION AND IN VITRO EVALUATION OF FLOATING TABLETS USING BIODEGRADABLE POLYMERS.,,,,,
"FLUORESCENCE, FT-IR AND GC-MS DETERMINATION OF BIOACTIVE CONSTITUENTS OF LEAF EXTRACT OF CLITORIA TERNATEA.",,,,,
PRIMARY PHYTOCHEMICAL STUDIES OF CATUNAREGAM SPINOSA (THUNB.) TIRVEN FOR SECONDARY METABOLITES.,,,,,
PHARMACOGNOSTICAL AND PHYSICOCHEMICAL EVALUATION OF AEGLE MARMELOS (L.) CORREA. LEAF EXTRACT.,,,,,
FLORAL VOLATILES IN BIOPHYTUM DC. (OXALIDACEAE).,,,,,
OPTIMIZATION OF BIOSORPTIVE REMOVAL OF COBALT(II) ONTO EUCALYPTUS GLOBULUS L.,"1. D. Hymavathi, 2. G. Prabhakar.",International Journal of Pharma and Biosciences,2017,8,2
PHYSIOCHEMICAL AND MINERAL ANALYSIS OF HONEY SAMPLES FROM VARANASI DISTRICT.,,,,,
MORPHOLOGICAL AND PHYTOCHEMICAL ANALYSIS OF OCIMUM GRATISSIMUM LINN. - A POTENTIAL SOURCE OF NATURAL EUGENOL.,,,,,
"GAS CHROMATOGRAPHY - MASS SPECTROMETRIC ANALYSIS, ADSORPTION DISTRIBUTION METABOLISM EXCRETION AND TOXICITY ANALYSIS AND MOLECULAR DOCKING STUDIES OF PHYTOCHEMICALS OF ETHNO BOTANICAL MEDICINAL PLANT LACIOCEPHON GLAUCUS.",,,,,
INFLUENCE OF EXTRACTION METHODS USING DIFFERENT SOLVENTS ON CAESALPINIA PULCHERRIMA LEAVAES.,,,,,
"STUDY ON MORPHO-ANATOMICAL AND PHYTOCHEMICAL CHARACTERIZATION OF EUPHORBIA HELIOSCOPIA L. IN DOON VALLEY, UTTARAKHAND.",,,,,
PHOTOCATALYTIC ACTIVITY OF CeO2 NANOPARTICLES: SYNTHESIS USING ARTOCARPUS GOMEZIANUS FRUIT MEDIATED FACILE GREEN COMBUSTION METHOD.,,,,,
CHARACTERIZATION OF VOLATILE BIO-CHEMICAL COMPOUNDS IN MUSTARD FLORAL HONEY FROM APIS MELIFERA BY GAS CHROMATOGRAPHY-MASS SPECTROSCOPY.,,,,,
"SYNTHESIS, CHARACTERIZATION AND IN VITRO DRUG RELEASE OF CURCUMIN LOADED CASSAVA STARCH ACETATE-POLY VINYL ALCOHOL/ CLOSITE 30B NANOCOMPOSITES.",,,,,
IN-VITRO APPLICATIONS OF SWERTIA XANTHONE EXTRACTS ON CALLUS GROWTH.,,,,,
MOLECULAR DOCKING AND DFT STUDIES OF COMPOUNDS IDENTIFIED FROM BARLERIA CRISTATA LEAVES TO RHEUMATOID ARTHRITIS PROTEIN.,"J. Irshad Ahamed, Abirami Kandhaswamy, K. S. Meena.",International Journal of Pharma and Biosciences,2017,8,2
TWO NEW PHTHALATE DERIVATIVES FROM BARK OF ALBIZIA AMARA (FABACEAE).,,,,,
FORMULATION DEVELOPMENT AND EVALUATION OF ANTIDIABETIC POLYHERBAL TABLET.,,,,,
"GC-MS ANALYSIS OF TRIPHALADI RASAYANA, AN AYURVEDIC REJUVENANT.",,,,,
PHYTOCHEMICAL INVESTIGATION OF FRUITS AND SEEDS OF GRAPE (VITIS VINIFERA L.) GROWN IN IRAQ.,,,,,
"ASSESSMENT OF PHYSICO-CHEMICAL CONSTITUENTS, PROXIMATE, TRACE METALS, MINERALS AND VITAMINS OF SARCOSTEMMA BREVISTIGMA.",,,,,
PHYTOCHEMICAL ANALYSIS OF ROOT EXTRACT OF ECLIPTA ALBA (L.) HASSK BY GC-MS METHOD.,,,,,
PHYSICO-CHEMICAL AND PHYTOCHEMICAL INVESTIGATION OF AEGLE MARMELOS (L.) CORREA. LEAF EXTRACTS.,,,,,
EFFECT OF DIFFERENT OPERATING CONDITIONS IN CLOUD POINT ASSISTED EXTRACTION OF THYMOL FROM AJWAIN (TRACHYSPERMUM AMMI L.) SEEDS AND RECOVERY USING SOLVENT.,,,,,
INAA OF ESSENTIAL MICRONUTRIENTS IN TERMINALIA ARJUNA BARK POWDER: A VERSATILE HEART TONIC.,,,,,
GREEN SYNTHESIS OF MANGIFERA INDICA SILVER NANOPARTICLES AND ITS ANALYSIS USING FOURIER TRANSFORM INFRARED AND SCANNING ELECTRON MICROSCOPY.,"1. Bharathi V, 2. Jannathul Firdous, 2. Noorzaid Muhamad, 2. Resni Mona.","National Journal of Physiology, Pharmacy and Pharmacology",2017,7,12
IDENTIFICATION AND CHARACTERIZATION OF MEMECYLON SPECIES USING ISOZYME PROFILING.,,,,,
PRODUCTION OF SAPOGENINS (STIGMASTEROL AND HECOGENIN) FROM GENETICALLY TRANSFORMED HAIRY ROOT CULTURES OF CHLOROPHYTUM BORIVILIANUM (SAFED MUSLI).,,,,,
VARIABILITY ASSESSMENT IN PHOENIX DACTYLIFERA L. ACCESSIONS BASED ON MORPHOLOGICAL PARAMETERS AND ANALYTICAL METHODS.,,,,,
EFFECT OF ECO-SAFE COMPOUNDS ON POSTHARVEST QUALITY PRESERVATION OF PAPAYA (CARICA PAPAYA L.).,,,,,
USE OF QNMR FOR SPECIATION OF FLAXSEEDS (LINUM USITATISSIMUM) AND QUANTIFICATION OF CYANOGENIC GLYCOSIDES.,,,,,
SURFACE AND ADSORPTIVE PROPERTIES OF MORINGA OLEIFERA BARK FOR REMOVAL OF V(V) FROM AQUEOUS SOLUTIONS.,,,,,
OPTIMIZATION OF CELL GROWTH AND BACOSIDE-A PRODUCTION IN SUSPENSION CULTURES OF BACOPA MONNIERI (L.) WETTST. USING RESPONSE SURFACE METHODOLOGY.,,,,,
TDZ-INDUCED PLANT REGENERATION IN BRASSICA OLERACEA L. VAR. BOTRYTIS: EFFECT OF ANTIOXIDATIVE ENZYME ACTIVITY AND GENETIC STABILITY IN REGENERATED PLANTLETS.,,,,,
VOLATILE ESSENTIAL OIL CHEMICAL COMPOSITION OF BASIL (OCIMUM BASILICUM L. GREEN) CULTIVATED IN A GREENHOUSE AND MICROPROPAGATED ON A CULTURE MEDIUM CONTAINING COPPER SULFATE.,,,,,
CHEMICAL EXAMINATION OF CHLOROFORM FRACTION OF CLEOME FELINA L. F.,"Manjuparkavi K., Jayanthi G.",Indian Drugs,2017,54,12
ACYL AND STIGMASTEROL ESTERS FROM THE RHIZOMES OF CYPERUS ROTUNDUS L.,,,,,
VARIATION IN THE ACTIVE COMPOUNDS AMONG NATURAL POPULATIONS OF SWERTIA CORDATA.,,,,,
"PATTERNS OF ACCUMULATION OF BERBERINE ALKALOID AND CHEMICAL PROFILING OF NATURAL POPULATIONS OF COSCINIUM FENESTRATUM (MENISPERMACEAE) IN THE CENTRAL WESTERN GHATS, INDIA.",,,,,
"COMPARISON OF JUICE EXTRACTION METHODS, DETERMINATION OF BITTERING PRINCIPLES AND STANDARDIZATION OF DEBITTERING OF LIME JUICE.",,,,,
BUTYRO-REFRACTOMETER (B.R.) READING LINKED WITH SOLVENT FRACTIONATION TECHNIQUE AS AN AID TO DETECT ADULTERATION OF PALM OLEIN AND SHEEP BODY FAT IN GHEE.,,,,,
"SPECTROSCOPIC AND CHROMATOGRAPHIC EXPLORATION OF DIFFERENT PHYTOCHEMICAL AND MINERAL CONTENTS FROM SYZYGIUM ALTERNIFOLIM (WT.) WALP. AN ENDEMIC, ENDANGERED MEDICINAL TREE TAXON.",,,,,
ANALYSIS OF CONSTITUENTS IN DIFFERENT FRACTIONS COLLECTED DURING DISTILLATION OF CARDAMOM OIL FOR FLAVOUR AND FRAGRANCE APPLICATIONS.,,,,,
IN SILICO ASSESSMENT OF THE DRUGGABILITY OF TWO NOVEL GERMACRANOLIDES ISOLATED FROM CAPPARIS DECIDUA (FORSK.) AS CARBONIC ANHYDRASE II INHIBITORS.,,,,,
APPLICATION OF MODERN RP-HPLC TECHNIQUE FOR THE QUANTITATION OF BETULINIC ACID FROM TRADITIONAL DRUG SYMPLOCOS RACEMOSA ROXB.,,,,,
COMPARATIVE PHYTOCHEMICAL ANALYSIS OF WILD AND MICROPROPAGATED CLEOME VISCOSA L.,"M. Deventhiran, W. John Wyson, M. Sheik Noor Mohamed, K. Jaikumar, P. Saravanan, D. Anand.",Journal of Applied Pharmaceutical Science,2017,7,4
GC-MS ANALYSIS AND IN-SILICO ANTIPSYCHOTIC ACTIVITY OF MORINDA CITRIFOLIA (INDIAN NONI).,,,,,
DISSOLUTION ENHANCEMENT OF GENDARUSIN A BY POLOXAMER 188 ADDITION IN JUSTICIA GENDARUSSA BURM. F ETHANOLIC EXTRACT GRANULE MATRIX.,,,,,
OIL OF MESUA FERREA L. SEED AS A PROMISING PHARMACEUTICAL EXCIPIENT IN LIPID BASED NANOFORMULATION.,,,,,
MARKER BASED CHEMO-PROFILING OF A TRADITIONAL FORMULATION: PUSHYANUGA CHURNA.,,,,,
EVALUATION OF CARDIOSPERMUM HALICACABUM LEAF COMPOUNDS AGAINST HUMAN DIHYDROOROTATE DEHYDROGENASE: A TARGET FOR RHEUMATOID ARTHRITIS USING STRUCTURE BASED DRUG DESIGNING.,,,,,
EFFECT OF HARVESTING TIME AND STORAGE ON ESSENTIAL OIL AND PEME CONTENT OF PANDANUS FASCICULARIS.,,,,,
"EVALUATION OF KUNAPA JALA AND PANCHA GAVYA ON PLANT QUALITY, PHYSIOLOGY, BIOCHEMISTRY, YIELD AND GROWTH ATTRIBUTES - A CASE STUDY OF WITHANIA SOMNIFERA DUN.",,,,,
PHARMACOGNOSTICAL EVALUATION OF RAW AND SHODHITA (PROCESSED) DANTI (BALIOSPERMUM MONTANUM (WILLD.) MUELL. ARG) ROOT.,,,,,
TOXIC PYRROLIZIDINE ALKALOIDS PROVIDE A WARNING SIGN TO OVERUSE OF THE ETHNOMEDICINE ARNEBIA BENTHAMII.,,,,,
"COMPUTER-AIDED ANALYSIS OF PHYTOCHEMICALS AS POTENTIAL DENGUE VIRUS INHIBITORS BASED ON MOLECULAR DOCKING, ADMET AND DFT STUDIES.","1. Iqra Qaddir, 2. Nouman Rasool, 3. Waqar Hussain, 4. Sajid Mahmood.",Journal of Vector Borne Diseases,2017,54,3
"HISTO-CHROMATOGRAPHIC FINGER PRINTING PROFILES OF THE ROOT OF PLUMBAGO ZEYLANICA LINN AND QUANTIFICATION OF MARKER COMPOUND, PLUMBAGIN.",,,,,
STANDARDIZATION OF AGROTECHNIQUES AND BIOCHEMICAL ASSESSMENT OF CRATAEGUS OXYACANTHA IN WESTERN HIMALAYA.,,,,,
ISOLATION AND IDENTIFICATION OF COMPOUNDS FROM THE LEAF EXTRACT OF MELALEUCA ALTERNIFOLIA.,,,,,
"ISOLATION, PURIFICATION OF QUERCETIN FROM IN VITRO CELL SUSPENSION CULTURE OF CAESALPINIA PULCHERRIMA AND ITS ANALYSIS BY HPLC-DAD AND NMR.",,,,,
"DISTRIBUTION, ETHNOBOTANY, PHARMACOGNOSY AND PHYTOCONSTITUENTS OF COPTIS TEETA WALL.: A HIGHLY VALUED AND THREATENED MEDICINAL PLANT OF EASTERN HIMALAYAS.",,,,,
GC-MS ANALYSIS OF N-HEXANE EXTRACT OF FRUITS OF TRICHOPUS ZEYLANICUS SSP. TRAVANCORICUS BURKILL EX K. NARAYANAN.,,,,,
PICROSIDE I AND PICROSIDE II FROM TISSUE CULTURES OF PICRORHIZA KURROA.,,,,,
DEVELOPMENT AND VALIDATION OF HIGH-PERFORMANCE THIN-LAYER CHROMATOGRAPHY METHOD FOR SIMULTANEOUS DETERMINATION OF POLYPHENOLIC COMPOUNDS IN MEDICINAL PLANTS.,,,,,
"GAS CHROMATOGRAPHY MASS SPECTROMETRY PROFILING IN METHANOLIC AND ETHYL-ACETATE ROOT AND STEM EXTRACT OF CORBICHONIA DECUMBENS (FORSSK.) EXELL FROM THAR DESERT OF RAJASTHAN, INDIA.",,,,,
SHOOT OF PIPER LONGUM L. - A PHYSICO-CHEMICAL AND PHYTOCHEMICAL SCREENING.,"Nitin Ujjaliya, R. Remadevi.",Aryavaidyan,,25,2
STANDARDISATION OF KAISORAGUGGULU WITH SPECIAL REFERENCE TO ITS DISINTEGRATION.,,,,,
MACROSCOPICAL AND MICROSCOPICAL STUDIES ON THE FRUITS OF SIVALINGI (DIPLOCYCLOS PALMATUS).,,,,,
UTILITY OF SODHANA PROCEDURE IN RASASASTRA WITH SPECIAL RE'FERENCE TO GANDHAKASODHANA.,,,,,
PHARMACOGNOSTICAL STANDARDISATION OF GUDUCI SATVAM WITH HPTLC PROFILE.,,,,,
SAMANYA SODHANA OF PARADA (MERCURY) AND ITS NAMBURI PHASED SPOT TEST.,,,,,
MICROBIAL LOAD IN THE RAW MATERIALS OF NISAKATAKADI KASAYAM.,,,,,
PHYSIOLOGICAL AND BIOCHEMICAL PARAMETERS: NEW TOOLS TO SCREEN BARLEY ROOT EXUDATE ALLELOPATHIC POTENTIAL (HORDEUM VULGARE L. SUBSP. VULGARE).,,,,,
"ANALYSIS OF IBUPROFEN AND ITS MAIN METABOLITES IN ROOTS, SHOOTS, AND SEEDS OF COWPEA (VIGNA UNGUICULATA L. WALP) USING LIQUID CHROMATOGRAPHY-QUADRUPOLE TIME-OF-FLIGHT MASS SPECTROMETRY: UPTAKE, METABOLISM, AND TRANSLOCATION.",,,,,
VALIDATION OF YAVAKSHARA PREPARATION- AN AYURVEDIC ALKALINE FORMULATION.,"1. Akash Dilip Kawashte, 2. Piyush Krantikumar Gandhi.",Annals of Ayurvedic Sciences,2017,6,3-4
"A NOVEL APPROACH FOR QUALITY CONTROL OF THE BHASMAS OF MUKTA, MUKTA SHUKTI, AND SHANKHA.",,,,,
PHYSICOCHEMICAL CHARACTERIZATION OF SHADGUNA BALIJARITA MAKARADHWAJA: A PRELIMINARY STUDY.,,,,,
MICELLAR LC SEPARATION OF SESQUITERPENIC ACIDS AND THEIR DETERMINATION IN VALERIANA OFFICINALIS L. ROOT AND EXTRACTS.,,,,,
DEVELOPMENT AND VALIDATION OF SELECTIVE HIGH-PERFORMANCE LIQUID CHROMATOGRAPHIC METHOD USING PHOTODIODE ARRAY DETECTION FOR ESTIMATION OF ACONITINE IN POLYHERBAL AYURVEDIC TAILA PREPARATIONS.,,,,,
HPTLC FINGERPRINT PROFILE AND ISOLATION OF MARKER COMPOUND OF RUELLIA TUBEROSA.,,,,,
A VALIDATED LC METHOD FOR SEPARATION AND DETERMINATION OF TETRALONE-4-O--D-GLUCOPYRANOSIDE AND 4-HYDROXY--TETRALONE IN AMMANNIA MULTIFLORA.,,,,,
ESTIMATION OF DIAFENTHIURON RESIDUES IN CARDAMOM (ELETTARIA CARDAMOMUM (L.) MATON) USING NORMAL PHASE HPLC: DISSIPATION PATTERN AND SAFE WAITING PERIOD IN GREEN AND CURED CARDAMOM CAPSULES.,,,,,
"EXTRACTION OF ARTEMISININ, AN ACTIVE ANTIMALARIAL PHYTOPHARMACEUTICAL FROM DRIED LEAVES OF ARTEMISIA ANNUA L., USING MICROWAVES AND A VALIDATED HPTLC-VISIBLE METHOD FOR ITS QUANTITATIVE DETERMINATION.",,,,,
"ANALYSIS OF SELECTED AMINO ACIDS IN DIFFERENT VARIETIES OF WHEAT AVAILABLE IN PUNJAB, PAKISTAN.",,,,,
MORPHOLOGICAL PATTERNS IN A WORLD COLLECTION OF CLEOME GYNANDRA.,"1. Tien-hor Wu, 1,2. Svein O. Solberg, 3. Flemming Yndgaard, 4. Yu-Yu Chou.",Genetic Resources and Crop Evolution,2018,65,1
"A NEW SUBSPECIES OF MOMORDICA COCHINCHINENSIS (CUCURBITACEAE) FROM ANDAMAN ISLANDS, INDIA.",,,,,
PSEUDOMONAS SPP. INCREASES ROOT BIOMASS AND TROPANE ALKALOID YIELDS IN TRANSGENIC HAIRY ROOTS OF DATURA SPP.,,,,,
IMPROVED PRODUCTION OF OROXYLUM INDICUM (L.) KURZ BY ALTERING THE SALTS OF THE MEDIUM.,,,,,
NEW ALIPHATIC CONSTITUENTS FROM THE AERIAL PARTS OF ARTEMISIA ANNUA L.,,,,,
STRUCTURAL INVESTIGATION OF INDICA RICE (ORYZA SATIVA L.) DREB1AP2 DOMAIN IN RESPONSE TO GCC-BOX DNA: AN INSIGHT FROM MOLECULAR DYNAMICS.,,,,,
PHYSICOCHEMICAL CHARACTERISTICS OF CALCIUM OXALATE CRYSTALS IN SPINACIA OLERACEA L.,,,,,
A SIMPLE CHROMATOGRAPHIC PROCEDURE FOR CO-PURIFICATION OF CALRETICULIN AND CALMODULIN FROM BRASSICA JUNCEA SEEDLINGS.,,,,,
BIOCHEMICAL RESPONSES AS STRESS INDICATOR TO WATER LOGGING IN PIGEON PEA (CAJANUS CAJAN L.),,,,,
"DOMESTICATION, CONSERVATION, AND LIVELIHOODS: A CASE STUDY OF PIPER PEEPULOIDES ROXB.-AN IMPORTANT NONTIMBER FOREST PRODUCT IN SOUTH MEGHALAYA, NORTHEAST INDIA.",,,,,
QUANTITATIVE CHARACTERIZATION OF NUT YIELD AND FRUIT COMPONENTS IN INDIGENOUS COCONUT GERMPLASM IN SRI LANKA.,"S. A. C. N. Perera, H. D. M. A. C. Dissanayaka, H. M. N. B. Herath, M. G. M. K. Meegahakumbura, L. Perera.",International Journal of Biodiversity,2014,2014,-
"EFFECT OF ANTHROPOGENIC ACTIVITIES ON PATTERNS OF GENETIC DIVERSITY IN SYMPLOCOS RACEMOSA ROXB. FROM WESTERN GHATS, INDIA.",,,,,
PHENOTYPIC DIVERSITY OF DATE PALM CULTIVARS (PHOENIX DACTYLIFERA L.) FROM SUDAN ESTIMATED BY VEGETATIVE AND FRUIT CHARACTERISTICS.,,,,,
GENETIC DIVERSITY OF SELECTED MANGIFERA SPECIES REVEALED BY INTER SIMPLE SEQUENCE REPEATS MARKERS.,,,,,
"QUALITY EVALUATION OF KAEMPFERIA PARVIFLORA RHIZOME WITH REFERENCE TO 5, 7-DIMETHOXYFLAVONE.",,,,,
APPLICATION OF SPECTROSCOPIC AND CHROMATOGRAPHIC METHODS FOR CHEMICAL CHARACTERIZATION OF AN AYURVEDIC HERBOMINERAL PREPARATION: MAHA YOGRAJA GUGGULU.,,,,,
PHYSICOCHEMICAL AND MICROSTRUCTURAL CHARACTERISATION OF GREEN GRAM AND FOXTAIL MILLET STARCH GELS.,,,,,
ELECTRICALLY INDUCED CHANGES IN AMARANTH SEED ENZYMATIC ACTIVITY AND THEIR EFFECT ON BIOACTIVE COMPOUNDS CONTENT AFTER GERMINATION.,,,,,
"EDIBLE FILMS DEVELOPED FROM CARBOXYLIC ACID CROSS-LINKED SESAME PROTEIN ISOLATE: BARRIER, MECHANICAL, THERMAL, CRYSTALLINE AND MORPHOLOGICAL PROPERTIES.",,,,,
CHEMICAL PROPERTIES OF COMMERCIALLY AVAILABLE HONEY SPECIES AND THE FUNCTIONAL PROPERTIES OF CARAMELIZATION AND MAILLARD REACTION PRODUCTS DERIVED FROM THESE HONEY SPECIES.,,,,,
MODELING SORPTION PHENOMENA AND MOISTURE MIGRATION RATES IN PAPRIKA (CAPSICUM ANNUUM L.) USING PHYSICOCHEMICAL CHARACTERISTICS.,"S. S. Shirkole, P.P.Sutar.",Journal of Food Science and Technology,2018,55,2
NUTRITIONAL PROFILE AND MOLECULAR FINGERPRINTS OF INDIGENOUS BLACK JAMUN (SYZYGIUM CUMINI L.) LANDRACES.,,,,,
"DEVELOPMENT OF LOTUS ROOT FERMENTED SUGAR SYRUP AS A FUNCTIONAL FOOD SUPPLEMENT/ CONDIMENT AND EVALUATION OF ITS PHYSICOCHEMICAL, NUTRITIONAL AND MICROBIOLOGICAL PROPERTIES.",,,,,
"COMPARISON OF CHEMICAL CONSTITUENTS AMONG LICORICE, ROASTED LICORICE, AND ROASTED LICORICE WITH HONEY.",,,,,
TWO FLAVONE C-GLYCOSIDES AS QUALITY CONTROL MARKERS FOR THE MANUFACTURING PROCESS OF EPHEDRINE ALKALOIDS-FREE EPHEDRA HERB EXTRACT (EFE) AS A CRUDE DRUG PREPARATION.,,,,,
"NEW CYCLIC SULFIDES, GARLICNINS I2, M, N, AND O, FROM ALLIUM SATIVUM.",,,,,
"NEW CYCLIC SULFIDES EXTRACTED FROM ALLIUM SATIVUM: GARLICNINS P, J2, AND Q.",,,,,
DETERMINATION OF ELEMENTAL LEVELS IN MEDICINALLY IMPORTANT INDIAN LEAVES BY INSTRUMENTAL NEUTRON ACTIVATION ANALYSIS.,,,,,
MOLECULAR DOCKING STUDY ON CURCUMIN AND ITS DERIVATIVES AS INHIBITORS OF BACE1 IN THE TREATMENT OF ALZHEIMERS DISEASE.,,,,,
EVALUATION OF SEASONAL CHANGES OF TRITERPENIC ACID CONTENTS IN VISCUM ALBUM FROM DIFFERENT HOST TREES.,,,,,
CURCUMIN-LOADED NANOLIPOSOMES LINKED TO HOMING PEPTIDES FOR INTEGRIN TARGETING AND NEUROPILIN-1-MEDIATED INTERNALIZATION.,"1. Sogol Kangarlou, 2. Sorour Ramezanpour, 2. Saeed Balalaie, 3. Shahla Roudbar Mohammadi, 4. Ismaeil Haririan.",Pharmaceutical Biology,2017,55,1
BIOTRANSFORMATION OF LIGNAN GLYCOSIDE TO ITS AGLYCONE BY WOODFORDIA FRUTICOSA FLOWERS: QUANTIFICATION OF COMPOUNDS USING A VALIDATED HPTLC METHOD.,,,,,
SIMULTANEOUS QUANTIFICATION OF BIOACTIVE TRITERPENE ACIDS (URSOLIC ACID AND OLEANOLIC ACID) IN DIFFERENT EXTRACTS OF EUCALYPTUS GLOBULUS (L) BY HPTLC METHOD.,,,,,
NUTRITIOUS PURE HERBAL WHITENING SUN CREAM PROCESSED FROM SEED AND LEAF OF MORINGA OLEIFERA FORTIFIED WITH RED RICE.,,,,,
NEW MEDICINAL PLANT VARIETY OF TRICHOSANTHES TRICUSPIDATA LOUR. (CUCURBITACEAE) FROM NORTHEASTERN THAILAND.,,,,,
COMPUTATIONAL BREAKTHROUGH OF NATURAL LEAD HITS FROM THE GENUS OF ARISAEMA AGAINST HUMAN RESPIRATORY SYNCYTIAL VIRUS.,,,,,
"SIMULTANEOUS QUANTIFICATION OF FORSKOLIN AND ISO-FORSKOLIN IN COLEUS FORSKOHLII (WILD.) BRIQ. AND IDENTIFICATION OF ELITE CHEMOTYPE, COLLECTED FROM EASTERN GHATS (INDIA).",,,,,
ASSESSMENT OF GENETIC FIDELITY OF DIOSCOREA BULBIFERA L. AND DIOSCOREA HIRTIFLORA BENTH. AND MEDICINAL BIOACTIVITY PRODUCED FROM THE INDUCED TUBEROUS ROOTS.,,,,,
KUSMANDA (BENINCASA HISPIDA) FRUIT - A BRIEF PHARMACOGNOSTIC STUDY.,,,,,
SCREENING OF MICROBIAL LIMIT TEST OF AN AYURVEDIC NUTRITIVE POWDER.,,,,,
"ACCELERATED OXIDATION STUDY OF MURCHANA TAILAM, DHANVANTARAM TAILAM AND SESAME OIL TREATED WITH SINGLE PLANT.",Sadanandan K.,Aryavaidyan,,27,2
PHARMACEUTICAL STANDARDIZATION OF RASASINDUR.,,,,,
PHARMACOGNOSTIC STUDIES ON TRAGIA PLUKENETII.,,,,,
SVASARIVATI - A HERRO MINERAL COMPOUND - AN ANALYTICAL STUDY.,,,,,
PREPARATION OF MAUKTIKABHASMA BY TWO DIFFERENT METHODS AND ITS COMPARATIVE ANALYTICAL STUDY.,,,,,
STANDARDISATON OF PANCAKOLACURA - AN AYURVEDIC FORMULATION.,,,,,
SVARNAMAKSIKA - A AURIFEROUS CHALCOPYRITE.,,,,,
ANATOMICAL FINDINGS OF MORINGA OLEIFERA SEED.,,,,,
"STUDIES ON THE STANDARDISATION OF AVALEHAS, PART II - AGASTYA HARITAKI RASAYANA.",,,,,
STUDIES ON THE FERMENTATION AND STANDARDISATION OF KUMARIASAVA (A).,,,,,
COMPARATIVE STUDIES ON FERMENTATION AND STANDARDISATION OF DRAKSHASAVA.,"1. Muzaffer Alam, 2. K. K. Shanmughadasan, 3. K. Sathiavasan, 4. M. Paranthaman, 5. K. K. Purushothaman.",Journal of Research in Ayurveda and Siddha,1982,3,1&2
DEVELOPMENT OF RANDOM AMPLIFIED POLYMORPIC DNA MARKERS FOR AUTHENTICATION OF OPUNTIA ELATIOR MILL. (NAGAPHANI OR HATHALO-THORE).,,,,,
PERFORMANCE OF LONG PEPPER AS A FLOOR CROP AND CROP COMPATIBILITY STUDIES WITH NONI IN COCONUT BASED MULTI-STOREYED CROPPING PATTERN OF COASTAL ECOSYSTEMS.,,,,,
PHARMACOGNOSTIC STUDY OF FAGONIA CRETICA LINN.,,,,,
THE PHARMACOGNOSY OF TWO PHARMACEUTICALLY SIMILAR DRUGS.,,,,,
PHARMACOGNOSTICAL STUDIES ON BARK OF MILLINGTONIA HORTENIS LINN.,,,,,
A COMPARATIVE SEED MORPHOLOGY OF SOME OCIMUM SPECIES.,,,,,
CHEMICAL EXAMINATION OF CERTAIN AYURVEDIC GHRITAS AND TAILAS.,,,,,
THE ANALYSIS OF RAJAMRGANKA RASA.,,,,,
STACHYDRINE FROM THE STEM-BARK OF VARUNA (CRATAEVA NURVALA BUCH HAM.).,,,,,
"SEED GERMINATION, MORPHOLOGY AND DORMANCY BREAKING STUDIES ON ARGYREIA NERVOSA LOUR.- A POTENT MEDICINAL PLANT.",Veena Gupta.,Journal of Drug Research in Ayurveda and Siddha,2011,32,1-2
PHYSICO-CHEMICAL ANALYSIS OF ABHRAKA (MICA) BHASMA.,,,,,
MAYTENUS EMARGINATA (WILLD) DING HOU- A SOURCE OF ASCORBIC ACID.,,,,,
COMPARATIVE PHARMACOGNOSTIC EVALUATION OF LEAVES OF CITRUS SINENSIS VAR. JAFFA AND CITRUS PARADISI VAR. REDBLUSH.,,,,,
IDENTIFICATION OF THREE KINDS OF CITRI RETICULATAE PERICARPIUM BASED ON DEOXYRIBONUCLEIC ACID BARCODING AND HIGH-PERFORMANCE LIQUID CHROMATOGRAPHY-DIODE ARRAY DETECTION-ELECTROSPRAY IONIZATION/MASS SPECTROMETRY/MASS SPECTROMETRY COMBINED WITH CHEMOMETRIC ANALYSIS.,,,,,
QUANTITATIVE DETERMINATION OF BIOACTIVE CONSTITUENTS IN NONI JUICE BY HIGH-PERFORMANCE LIQUID CHROMATOGRAPHY WITH ELECTROSPRAY IONIZATION TRIPLE QUADRUPOLE MASS SPECTROMETRY.,,,,,
METHOD DEVELOPMENT AND VALIDATION FOR THE DETERMINATION OF CAFFEINE: AN ALKALOID FROM COFFEA ARABICA BY HIGH-PERFORMANCE LIQUID CHROMATOGRAPHY METHOD.,,,,,
PHARMACOGNOSTICAL EVALUATION OF ARJUNA FLOWERS: TERMINALIA ARJUNA (ROXB.) WIGHT & ARN.,,,,,
DEVELOPMENT AND VALIDATION OF HIGH-PERFORMANCE THIN-LAYER CHROMATOGRAPHIC METHOD FOR THE DETERMINATION OF RUTIN FROM THE AERIAL PARTS OF ALHAGI PSEUDALHAGI (M. BIEB) DESV.,,,,,
NUTRIENT ANALYSIS OF KUNAPA JALA AND PANCHA GAVYA AND THEIR EVALUATION ON GERMINATION OF ASHWAGANDHA AND KALAMEGHA SEEDS: A COMPARATIVE STUDY.,,,,,
"DETECTION AND QUANTIFICATION OF MAJOR PHYTOCHEMICAL MARKERS FOR STANDARDIZATION OF TALINUM PORTULACIFOLIUM, GOMPHRENA SERRATA, ALTERNANTHERA SESSILIS AND EUPHORBIA HETEROPHYLLA BY HPLC.","1.MamillapalliVani, 2.Shaik Abdul Rahaman, 3.Avula Prameela Rani.",Pharmacognosy Journal,2018,10,3
STUDIES ON POSITIVE AND NEGATIVE IONIZATION MODE OF ESI-LC-MS/ MS FOR SCREENING OF PHYTOCHEMICALS ON CASSIA AURICULATA (AAVARAM POO).,,,,,
"ELEMENTAL COMPOSITION OF THE MEDICINAL PLANTS HYPERICUM PERFORATUM, URTICA DIOICA AND MATRICARIA CHAMOMILLA GROWN IN UKRAINE: A COMPARATIVE STUDY.",,,,,
PHARMACOGNOSTICAL EVALUATION OF RHODODENDRON ARBOREUM SM. FROM UTTARAKHAND.,,,,,
EVALUATION OF MURCCHITA AND AMURCCHITA TILATAILA W.S.R. TO KSIRABALATAILA.,,,,,
QUANTITATIVE AND OPTIMIZATION OF ANTHOCYANIN EXTRACTED FROM POMEGRANATE (PUNICA GRANATUM) EXTRACT BY HIGH-PERFORMANCE LIQUID CHROMATOGRAPHY (HPLC).,,,,,
PHARMACOGNOSTICAL - PHYSICO-CHEMICAL EVALUATION AND DEVELOPMENT OF HPTLC FINGER PRINT FOR CICHORIUM INTYBUS L. FRUITS.,,,,,
MACRO-MICROSCOPIC ATLAS ON HEARTWOOD OF SANTALUM ALBUM L. (SANDALWOOD).,,,,,
PHARMACOGNOSY AND PHYTOCHEMICAL SCREENING OF SOME PLANT DERIVED MEDICINE TO TREAT DYSMENORRHEAL PAIN BY THE RAJBANSHI COMMUNITY.,,,,,
IMMUNOINFORMATICS STUDY OF PROCYANIDINS AS MAST CELL STABILIZERS.,,,,,
PHARMACOPHORE MODELLING OF BRASSICACEAE MEMBERS AS POTENT HIF (HYPOXIA INDUCIBLE FACTOR) INHIBITORS INVOLVED IN CANCER ANGIOGENESIS.,"1.JeyavelRenukadevi, 1.GanesanNandhinidevi, 2.MuthiahBavanilatha, 1.HemanathTharani, 1.RajarajanSathiyabama, 1.SubramaniVasumathi.",Pharmacognosy Journal,2018,10,4
HIGH PERFORMANCE THIN LAYER CHROMATOGRAPHIC ANALYSIS FOR THE SIMULTANEOUS QUANTIFICATION OF TWO POLYPHENOLIC BIOMARKERS IN METHANOLIC FRACTION OF BAUHINIA TOMENTOSA L. FLORAL BUDS.,,,,,
"TOTAL PHENOLICS, TOTAL FLAVONOIDS, ANTIOXIDANT CAPACITIES, AND VOLATILE COMPOUNDS GAS CHROMATOGRAPHY-MASS SPECTROMETRY PROFILING OF MORINGA OLEIFERA RIPE SEED POLAR FRACTIONS.",,,,,
"DETERMINATION OF FIVE CHEMICAL MARKERS IN DF FORMULA, THE HERBAL COMPOSITION OF EPHEDRA INTERMEDIA, RHEUM PALMATUM, AND LITHOSPERMUM ERYTHRORHIZON, USING HIGH-PERFORMANCE LIQUID CHROMATOGRAPHY-ULTRAVIOLET DETECTION.",,,,,
PHARMACOGNOSTIC EVALUATION OF STEM BARK AND LEAVES OF ANOGEISSUS PENDULA EDGEW.,,,,,
MARKER ASSAY GUIDED STANDARDIZATION OF AN AYURVEDIC CONCENTRATED POLYHERBAL DECOCTION CIRUVILVADI KASAYAM AND ITS APPLICATION IN INDUSTRIAL QUALITY CONTROL.,,,,,
NEW TRITERPENIC COMPOUNDS FROM SWERTIA CHIRATA.,,,,,
"INFLUENCE OF PROCESSING ON PHYSIOCHEMICAL, NUTRITIONAL AND PHYTOCHEMICAL COMPOSITION OF CARISSA SPINARUM KARONDA FRUIT.",,,,,
THREE-PHASE PARTITIONING OF PEROXIDASE FROM FLOWERS OF CITRUS SINENSIS FOR USE IN DIAGNOSTIC KIT.,,,,,
DEVELOPMENT OF SOLID LIPID NANOPARTICLES OF GAC (MOMORDICACOCOCHINENSIS SPRENG) OIL BY NANO-EMULSION TECHNIQUE.,,,,,
OPTIMIZATION OF GREEN METHODS FOR EXTRACTION OF POLYSACCHARIDES FROM FRUITS OF PITHECELLOBIUMDULCE.,"S. Preethi, A. Mary Saral.",Asian Journal of Chemistry,2018,30,2
IDENTIFICATION AND DETERMINATION OF BIOACTIVE PHYTOCHEMICALCONSTITUENTS FROM THE HYDRO-ALCOHOLIC EXTRACT OF ACHYRANTHES ASPERA WHOLE PLANT BY GC-MS ANALYSIS.,,,,,
EFFECT OF VARIOUS EXTRACTION TECHNIQUES AND SOLVENTS ON EXTRACT YIELD AND SUGARS CONTENT OF CLOVE (SYZYGIUMAROMATICUM L.),,,,,
SYNTHESIS AND CHARACTERIZATION OF SILVER NANOPARTICLES USING AQUEOUS EXTRACT OF CITRUS MAXIMA LEAF.,,,,,
QUALITATIVE PHTOCHEMISTRY PROFILE OF WATERMELON (CITRULLUS VULGARIS SCHRAD) RIND EXTRACTS WITH DIFFERENT SOLVENTS.,,,,,
RHIZOSPHERE MANAGEMENT FOR HIGHER ROOT PRODUCTION AND QUALITY CONSTITUENTS IN ASVAGANDHA (WITHANIA SOMNIFERA L. DUNAL).,,,,,
"AZADIRACHTIN, CARDIOFOLIOSIDE AND KUTKIN CAN BE VITAL PHYTOCHEMICALS FOR THE MODULATION OF SECRETASE ENZYMES FOR THE TREATMENT OF ALZHEIMERS AN IN-SILICO ANALYSIS.",,,,,
DETERMINATION OF NUTRITIVE VALUE AND MINERAL ELEMENTS OF FICUS BENGHALENSIS LINN. SEED.,,,,,
GC-MS/MS ANALYSIS OF BROWN RICE.,,,,,
ANTITUMOR MECHANISMS OF CURCUMAE RHIZOMA BASED ON NETWORK PHARMACOLOGY.,,,,,
AN ECO-FRIENDLY APPROACH FOR SYNTHESIS OF SILVER NANOPARTICLES USING IPOMOEA PES - CAPRAE ROOT EXTRACT AND THEIR ANTIMICROBIAL PROPERTIES.,"1. Subha V, 1. Ernest Ravindran R S, 2. Sruthi P, 1. Renganathan S.",Asian Journal of Pharmaceutical and Clinical Research,2015,8,5
BIOREDUCTION OF SILVER NANOPARTICLES FROM AQUEOUS STEM EXTRACT OF CATHARANTHUS ROSEUS AND BACTERICIDAL EFFECTS.,,,,,
QUANTIFICATION OF ANTIOXIDANT PHYTOCHEMICAL STUDIES IN VITIS VINIFERA.L.VARIETIES.,,,,,
CHEMICAL CONSTITUENTS AND ESSENTIAL OIL ANALYSIS FROM THE LEAVES OF PIPER BETLE L. VARIETY DESI.,,,,,
DEVELOPMENT AND VALIDATION OF LIQUID CHROMATOGRAPHIC METHOD FOR SIMULTANEOUS ESTIMATION OF STRYCHNINE AND GALLIC ACID.,,,,,
FORMULATION AND STANDARDIZATION OF AVALEHA PREPARATION FROM BENINCASA HISPIDA.,,,,,
COMPARATIVE PHARMACOGNOSTICAL EVALUATION OF THREE MARKET SAMPLES OF KHARJURA (PHOENIX DACTYLIFERA LINN.),,,,,
ENDOPHYTIC BACTERIA: OPTIMIZATON OF ISOLATION PROCEDURE FROM VARIOUS MEDICINAL PLANTS AND THEIR PRELIMINARY CHARACTERIZATION.,,,,,
CARBOXYMETHYL TAMARIND SEED KERNEL POLYSACCHARIDE FORMULATED INTO PELLETS TO TARGET AT COLON.,,,,,
USE OF BLACK GRAM POLYSACCHARIDE MUCILAGE AS RELEASE RETARDANT IN THE DEVELOPMENT OF SUSTAINED RELEASE MATRIX PELLETS OF CIPROFLOXACIN HYDROCHLORIDE.,,,,,
DETERMINATION OF RASAPANCAKA OF UNKNOWN DRAVYA.,"1. Rashmi M., 2. Oommen Sara Monsy, 3. Shincymol V.V.",Aryavaidyan,,31,1
PHYTOCHEMICAL STUDY OF DAMANAKAH (ARTEMISIA VULGARIS L.),,,,,
STUDY ON MACRO AND MICRO NUTRIENTS CONTENT IN THE LEAVES OF MURRAYA KOENIGII (L.) SPRENG.,,,,,
QUANTITATIVE ANALYSIS OF BIOACTIVE COMPOUNDS FROM TAGETES ERECTA (LINN.),,,,,
GC-MS ANALYSIS OF ETHANOLIC EXTRACT OF ROOTS Of RUBIA CARDIFOLIA (MANJISTHA).,,,,,
GC-MS ANALYSIS OF METHANOLIC EXTRACT OF LEAVES OF RHODODENDRON ARBOREUM.,,,,,
"DEVELOPMENT OF VALUE ADDED PRODUCTS (BUN, MUFFIN, NOODLES AND NUGGETS) BY SUBSTITUTION WITH CARISSA SPINARUM AND FICUS CARICA POWDER.",,,,,
POTENTIAL ALPHA GLUCOSIDASE INHIBITOR FROM SELECTED ZINGIBERACEAE FAMILY.,,,,,
"PHYTOCHEMICAL ANALYSIS OF THE LEAF, FLOWER, AND BARK OF A MEDICINAL PLANT, CRATAEVA MAGNA (LOUR.) DC.",,,,,
"PHYTOCHEMICAL, PHYSICOCHEMICAL, AND FLUORESCENCE ANALYSIS OF LEAF EXTRACT OF SYZYGIUM CALOPHYLLIFOLIUM WALP.",,,,,
"ANTIOXIDANT ACTIVITY, TOTAL PHENOL, FLAVONOID, AND ANTHOCYANIN CONTENTS OF JAMUN (SYZYGIUM CUMINI) PULP POWDER.","1. REGINOLD JEBITTA S, 2. JEYANTH ALLWIN S.",Asian Journal of Pharmaceutical and Clinical Research,2016,9,2
"SPECTROPHOTOMETRIC QUANTIFICATION OF TOTAL PHENOLIC, FLAVONOID, AND ALKALOID CONTENTS OF ABRUS PRECATORIUS L. SEEDS.",,,,,
DIPEPTIDYL PEPTIDASE-IV INHIBITORY ACTIVITY OF SOME INDONESIAN MEDICINAL PLANTS.,,,,,
ASSESSMENT OF THE EFFECT OF NITRIC OXIDE AND CALCIUM ION ON THE THERAPEUTIC POTENTIAL AND OXIDATIVE STRESS STATUS OF FENUGREEK SPROUTS.,,,,,
INHIBITORY EFFECTS OF FLAVONOIDS ISOLATED FROM GIVOTIA ROTTLERIFORMIS BARK AND CASSIA TORA LEAVES ON THE PRODUCTION OF PRO-INFLAMMATORY CYTOKINES IN LPS STIMULATED HUMAN WHOLE BLOOD.,,,,,
COMPARISON OF ULTRASONIC ASSIST HEAD SPACE SOLID-PHASE MICROEXTRACTION AND CLASSIC HYDRODISTILLATION METHODS FOR THE IDENTIFICATION OF ESSENTIAL OIL IN FRUITS AND LEAVES OF PISTACIA ATLANTICA.,,,,,
"EFFECT OF RIPENING ON PHYSICO-CHEMICAL PROPERTIES AND BIOACTIVE COMPOUNDS IN PAPAYA PULP, SKIN AND SEEDS.",,,,,
TRADITIONAL METHOD OF PREPARATION AND DEVELOPMENT OF QUALITY STANDARDS FOR AN EDIBLE VEGETABLE FAT MALABAR TALLOW (VATERIA INDICA L. SEED BUTTER).,,,,,
PHYTO-PHARMACOGNOSTICAL EVALUATION AND HPTLC STUDY ON ANANTAMUL (HEMIDESMUS INDICUS R.Br.) ROOT.,,,,,
ELEMENTAL ANALYSIS OF MEDICINAL PLANTS FROM NORTH KARNATAKA REGION BY AAS METHOD.,,,,,
FREE RADICAL SCAVENGING AND ANALGESIC ACTIVITIES OF CUCUMIS SATIVUS L. FRUIT EXTRACT.,"1. B.D.Vashistha, 2. N.Singh, 3. D. Kumar, 4. S. Kumar, 5. J. Singh, 6. Narender, 7. Rashmi.",Journal of Young pharmacists,2010,2,4
BIO-ACTIVITY IN FLOWERS OF SARCOSTEMMA VIMINALE (L.) R.BR.- AN ENDANGERED MEDICINAL PLANT FROM THAR DESERT OF RAJASTHAN (INDIA).,,,,,
GC-MS ANALYSIS AND ANTIOXIDANT ACTIVITY OF SPONDIAS PURPUREA L (ANACARDIACEAE).,,,,,
"PHYTOCHEMICAL CONSTITUENTS, TOTAL SAPONINS, ALKALOIDS, FLAVONOIDS AND VITAMIN C CONTENTS OF ETHANOL EXTRACTS OF FIVE SOLANUM TORVUM FRUITS.",,,,,
QUANTITATIVE AND OPTIMIZATION OF PHENOLIC ACID EXTRACTED FROM POMEGRANATE BY HIGH PERFORMANCE LIQUID CHROMATOGRAPHY (HPLC).,,,,,
FORMULATION AND EVALUATION OF SOLID DISPERSION TABLET OF ANDROGRAPHIS PANICULATA EXTRACT.,,,,,
SIMULTANEOUS QUANTIFICATION OF PRECOCENE I AND PRECOCENE II THROUGH HIGH-PERFORMANCE THIN LAYER CHROMATOGRAPHY VALIDATED METHOD IN AGERATUM CONYZOIDES L. GERMPLASMS FROM WESTERN HIMALAYAS.,,,,,
MOLECULAR AUTHENTICATION OF TRICHOSANTHES SPECIES TRADED AS PATOLA: AN AYURVEDIC DRUG RESOURCE.,,,,,
MEDIA STANDARDIZATION FOR ENHANCED PRODUCTION OF BACOSIDE OF BACOPA MONNIERI IN SITU CONDITION.,,,,,
Pharmacognostical and Phytochemical Screening of Allium sativum Linn. Leaf.,,,,,
PHYSICO-CHEMICAL ANALYSIS OF KRSNATILA KSARA.,"1. Saumya M S, 2. Ramesh N V, 3. Arun Mohanan, 1. Anju Revikumar.",International Journal of Research in Ayurveda and Pharmacy,2017,8,Suppl
COMPARATIVE INHIBITORY POTENTIAL OF ASHODHITA (RAW) AND SHODHITA CURCUMA LONGA LINN ON ALPHA -AMYLASE AND ALPHA-GLUCOSIDASE.,,,,,
ALCOHOLIC EXTRACTION AND PHYTO-CHEMICAL EVALUATION OF CHAKRAMARDA SEEDS (CASSIA TORA LINN).,,,,,
PHARMACEUTICAL VALIDATION OF PARADA-HARATALA MARITA VANGA BHASMA.,,,,,
PHARMACEUTICAL STANDARDIZATION OF ABHIJIT TAIL.,,,,,
PHARMACEUTICO-ANALYTICAL COMPARISON OF DARUHARIDRA ARKA AND KVATHA AS ASCOTANA DRUG.,,,,,
PHARMACOGNOSTICAL AND PHARMACEUTICAL EVALUATION OF VIDANGA VATI.,,,,,
PHARMACOLOGICAL AND PHYTOCHEMICAL EVALUATION OF MASHABALADI KWATH.,,,,,
COMPARATIVE PHARMACOGNOSTIC AND PHYTOCHEMICAL STUDIES OF OCIMUM TENUIFLORUM L. AND ITS SUBSTITUTE VITEX NEGUNDO L.,,,,,
Micropropagation of Dhumrapatra (Aristolochia bracteolata Lam.) An Important Medicinal Plant of Ayurveda.,,,,,
PHARMACEUTICAL STUDY OF TRINETRA RASA.,"1.Arathy Krishnan, 2.K. Unnikrishna Pillai, 3.Vineeth P.K.",International Journal of Research in Ayurveda and Pharmacy,2017,8,4
STUDY OF ANATOMY AND POWDER MICROSCOPIC CHARACTERS OF SWETA SARIVA (HEMIDESMUS INDICUS (L.) R.Br).,,,,,
PHARMACEUTICAL STANDARDIZATION OF RAJATA YOGA.,,,,,
PHARMACOGNOSTIC AND PRELIMINARY PHYSICO CHEMICAL EVALUATION OF MATSYAKSHI ALTERNANTHERA SESSILIS LINN. R.Br.,,,,,
"COMPARATIVE EVALUATION OF PRELIMINARY PHARMACOGNOSY AND PHYTOCHEMISTRY OF TWO SOURCE PLANTS OF BALA (SIDA CORDIFOLIA, LINN. AND SIDA RETUSA LINN.)",,,,,
FORMULATION AND STANDARDIZATION OF ASAVA OF SYZYGIUM CUMINI.,,,,,
ANALYSIS OF SESAME PROTEINS ISOLATE (SESAMUM INDICUM L) WITH WATER AND SALT TREATMENT.,,,,,
PHYTOCHEMICAL AND HIGH-PERFORMANCE LIQUID CHROMATOGRAPHY ANALYSIS OF EXTRACT OF PORTULACA QUADRIFIDA LINN.,,,,,
Preparation and Characterization of Activated Carbon Produced from Eriobotrya japonica Seed by Chemical Activation with ZnCl2.,,,,,
SYNERGISTIC INFLUENCE OF HALIDE IONS ON CORROSION INHIBITION PERFORMANCE OF GUM EXUDATES OF AZADIRACHTA INDICA ON CARBON STEEL IN SULPHURIC ACID MEDIUM.,,,,,
IN SILICO STUDIES ON COMPONENTS OF MURRAYA KOENIGII AS ACTIVATORS OF INSULIN RECEPTOR.,"K. LAHARI, V. ALAGARSAMY and M.T. SULTHANA",Asian Journal of Chemistry,2018,30,12
REMOVAL OF CONGO RED DYE FROM AQUEOUS SOLUTION BY USING LIMONIA ACIDISSIMA SHELL AS ADSORBENT.,,,,,
DETERMINATION OF PHARMACOKINETIC PARAMETERS FOR ATROPA BELLADONA EXTRACT CONTAINING ATROPINE IN TABLET DOSAGE FORM.,,,,,
QUALITATIVE ANALYSIS AND THE PROFILING OF ISOFLAVONOIDS IN VARIOUS TISSUES OF PUERARIA LOBATA ROOTS BY ULTRA PERFORMANCE LIQUID CHROMATOGRAPHY QUADRUPOLE/TIME-OF-FLIGHT-MASS SPECTROMETRY AND HIGH PERFORMANCE LIQUID CHROMATOGRAPHY SEPARATION AND ULTRAVIOLET-VISIBLE DETECTION.,,,,,
CHEMICAL COMPOSITION AND ETHNOBOTANY OF LIVISTONA JENKINSIANA GRIFF: AN ENDANGERED THATCHING PALM TREE OF EASTERN HIMALAYAS.,,,,,
QUANTITATIVE ESTIMATION OF ASCORBIC ACID BY HPTLC IN DIFFERENT VARIETIES OF AMLA.,,,,,
GC-MS ANALYSIS OF PROPOLIS OF INDIAN ORIGIN.,,,,,
PHARMACOGNOSTICAL STUDIES OF BAUHINIA VARIEGATA LINN ROOT.,,,,,
"COMPARATIVE PHYSICO-CHEMICAL PROFILE OF VATSANABHA (ACONITUM FEROX, RANUNCULACEAE) MULA PROCESSED THROUGH COW'S URINE AND COW'S MILK.",,,,,
50% H2SO4 TEST: A SIMPLE TEST TO DIFFERENTIATE BETWEEN PUSHKARMOOL (INULA RACEMOSA HOOK.F.) AND KUSTHA (SAUSSUREA LAPPA C. B. CLARKE).,"1.Nagar Lalit, 2.Lamo Ringzin, 3.Rath Sudipt Kumar.",International Journal of Research in Ayurveda and Pharmacy,2017,8,5
PHARMACOGNOSTICAL AND PHYTOCHEMICAL EVALUATION OF LEAVES OF ERANDA (RICINUS COMMUNIS LINN).,,,,,
PHARMACEUTICAL AND ANALYTICAL STUDY OF PATALI TAILA.,,,,,
SWINE FLU-THE CHANGING SCENARIO AND PREPAREDNESS WITH FORMULATION OF WIN FLU AIR FRESHENER GEL.,,,,,
PHARMACOGNASTIC STUDY AND DEVELOPMENT OF QUALITY CONTROL PARAMETERS FOR FLOWERS OF AVARTAKI (CASSIA AURICULATA LINN).,,,,,
ANTIOXIDANT PROFILE AND PHYTOCHEMICAL CONTENT OF THREE KINDS OF LEMON GRASS GROWN IN WEST JAVA-INDONESIA.,,,,,
CHEMICAL PROFILES BY THIN-LAYER CHROMATOGRAPHY AND HIGH-PERFORMANCE LIQUID CHROMATOGRAPHY,,,,,
CHEMICAL COMPOSITION OF CURCUMA LONGA LEAVES AND RHIZOME,,,,,
ISOLATION AND PHYSICOCHEMICAL CHARACTERIZATION OF STARCH FROM TARO BOLOSO-I TUBERS.,,,,,
ANTIOXIDANT ACTIVITIES FROM VARIOUS LEAVES EXTRACTS OF THREE CULTIVARS OF PAPAYA FROM WEST JAVA-INDONESIA.,,,,,
DETAILED CYTO-ANATOMY AND CYTOMETRY OF CASSIA MIMOSOIDES L. LEAF - AN UNEXPLORED PLANT.,"Gautam Fichadiya, C. R. Harisha.",AYU,2017,38,2
ANALYTICAL PROFILE OF KUKKUTANDA TVAK BHASMA (INCINERATED HEN EGG SHELLS) PREPARED BY TWO DIFFERENT METHODS.,,,,,
NETWORK PHARMACOLOGY-BASED APPROACH TO INVESTIGATE THE MECHANISMS OF HEDYOTIS DIFFUSA WILLD. IN THE TREATMENT OF GASTRIC CANCER.,,,,,
OPTIMIZATION OF BIOACTIVE INGREDIENT EXTRACTION FROM CHINESE HERBAL MEDICINE GLYCYRRHIZA GLABRA: A COMPARATIVE STUDY OF THREE OPTIMIZATION MODELS.,,,,,
EXPLORING THE THERAPEUTIC ABILITY OF FENUGREEK AGAINST TYPE 2 DIABETES AND BREAST CANCER EMPLOYING MOLECULAR DOCKING AND MOLECULAR DYNAMICS SIMULATIONS.,,,,,
A PRELIMINARY PHYSICO-CHEMICAL ASSAY OF VAJIGANDHADI NIRUHA BASTI.,,,,,
ENHACEMENT OF SOLUBILITY PROFILE OF PLUMBAGIN CONTAINING TABLET AT DIFFERENT COLONIC REGION FOR COLON TARGETING DRUG DELIVERY SYSTEM.,,,,,
COMPARISON BETWEEN HIGH PERFORMANCE THIN LAYER CHROMATOGRAPHY AND HIGH PERFORMANCE LIQUID CHROMATOGRAPHY METHODS FOR DETERMINATION OF RUBRAXANTHONE IN THE STEM BARK EXTRACT OF GARCINIA COWA ROXB.,,,,,
SOLVENT-BASED MICROWAVE-ASSISTED EXTRACTION AND IDENTIFICATION OF BIOACTIVE COMPOUNDS FROM SESAMUM INDICUM LEAVES USING PARTICLE SWARM OPTIMIZATION-INTEGRATED RESPONSE SURFACE METHODOLOGY.,,,,,
ULTRA-HIGH-PERFORMANCE LIQUID CHROMATOGRAPHY-BASED IDENTIFICATION AND QUANTIFICATION OF THYMOQUINONE IN NIGELLA SATIVA EXTRACT FROM DIFFERENT GEOGRAPHICAL REGIONS.,,,,,
MOLECULAR DOCKING AND DENSITY FUNCTION THEORY STUDIES OF COMPOUNDS FROM EUPHORBIA HIRTA AND BACOPA MONNIERI TO ZIKA VIRUS STRUCTURAL AND NONSTRUCTURAL PROTEINS.,"1. Sangeetha Kothandan, 2. Indu Purushothaman, 1. Stella Puthur George, 1. Sasikala Reddy Purushothaman, 3. Meena Karunakaran Sulochana.",Pharmacognosy Magazine,2018,14,57
OPTIMIZATION OF MICROWAVE-ASSISTED EXTRACTION OF BIOACTIVE POLYPHENOLIC COMPOUNDS FROM MARSILEA QUADRIFOLIA L. USING RSM AND ANFIS MODELLING.,,,,,
PHARMACOGNOSTIC AND PHYTOCHEMICAL SCREENING OF HELICTERES ISORA ROOTS.,,,,,
"SIMULTANEOUS ESTIMATION OF CURCUMINOIDS, PIPERINE, AND GALLIC ACID IN AN AYURVEDIC FORMULATION BY VALIDATED HIGH-PERFORMANCE THIN LAYER CHROMATOGRAPHIC METHOD.",,,,,
QUANTITATIVE ANALYSIS OF BIOACTIVE COMPOUNDS OF ARTEMISIA NILAGIRICA (CLARKE) PAMP. LEAF EXTRACT.,,,,,
PHARMACOGNOSTICAL AND PHYSICOCHEMICAL EVALUATION OF THE PLANT LEUCAS ASPERA.,,,,,
"PHARMACEUTICO-ANALYTICAL STUDY OF SAMAGUNA, DWIGUNA AND SHADGUNA BALIJARITA RASA SINDURA.",,,,,
ESTABLISHMENT OF QUALITY FUNCTION DEPLOYMENT WITH SPECIAL REFERENCE TO GOOD MANUFACTURING PRACTICE OF CHANDRAPRABHA VATI.,,,,,
"EFFECTS OF MICROWAVE COOKING ON CAROTENOIDS, PHENOLIC COMPOUNDS AND ANTIOXIDANT ACTIVITY OF CICHORIUM INTYBUS L. (CHICORY) LEAVES.",,,,,
HPLC DETERMINATION OF URSOLIC ACID IN FLOWERS OF AN IRANIAN POMEGRANATE (PUNICA GRANATUM L.) CULTIVAR.,,,,,
PHARMACOGNOSTICAL AND PHYTOCHEMICAL EVALUATION OF LEAF OF CLERODENDRUM PHLOMIDIS LINN. F.,"1. Patel BR, 2. Kavita Kumari, 3. Shreedevi A, 4. Shukla V J, 5. Harisha C R.",International Journal of Ayurvedic Medicine,2018,9,3
COMPARATIVE POWDER MICROSCOPY ON THE BARKS OF FOUR FICUS SPECIES.,,,,,
PHARMACOGNOSTICAL EVALUATION OF PSORALEA CORYLIFOLIA LINN. SEED.,,,,,
NUCLEAR RIBOSOMAL DNA ITS REGION BASED MOLECULAR MARKER TO DISTINGUISH GMELINA ARBOREA ROXB. EX SM. FROM ITS SUBSTITUTES AND ADULTERANTS.,,,,,
OPTIMISATION OF EXTRACTION PROTOCOL FOR CARICA PAPAYA L. TO OBTAIN PHENOLIC RICH PHYTO-EXTRACT WITH PROSPECTIVE APPLICATION IN CHEVON EMULSION SYSTEM.,,,,,
ISOLATION OF BIOACTIVE COMPOUND OF MICHELIA CHAMPACA L. BARK AND ITS ACTIVITY TEST USING MECHANISM-BASED YEAST BIOASSAY.,,,,,
EXPLORATION OF PLANT BIOACTIVE FROM CASSIA FISTULA LEAVES FOR THE TREATMENT OF OVARIAN CANCER: AN INTEGRATIVE APPROACH.,,,,,
PHYSICO-CHEMICAL AND MICROSCOPIC STUDY OF ARJUNA (TERMINALIA ARJUNA) BARK.,,,,,
UTILIZATION OF SAMANYA SHODHANA IN THE PURIFICATION OF EXCESS MERCURY OBTAINED FROM DENTAL OPERATORY- A PRELIMINARY STUDY.,,,,,
COMPARATIVE PHARMACOGNOSTICAL STUDY OF THE GENUINE AND MARKET SAMPLES OF THE STEM BARK OF CIRABILWA (HOLPTELEA INTEGRIFOLIA PLANCH.),,,,,
PHARMACEUTICAL STUDY OF DIFFERENT SAMPLES OF APAMARGA KSHARA.,"1. Balbhadra Shristi, 2. Ganti Y Basavaraj.",International Journal of Research in Ayurveda and Pharmacy,2018,9,1
COMPARATIVE PHARMACOGNOSTICAL STUDY BETWEEN MARKET SAMPLES OF MEDA (POLYGONATUM CIRRHIFOLIUM ROYLE) RHIZOME AND ITS SUBSTITUTE SATAVARI (ASPARAGUS RACEMOSUS WILLD) ROOT.,,,,,
ANALYTICAL SPECIFICATIONS OF TAMRA BHASMA.,,,,,
A PHARMACOGNOSY APPROACH TO THE BOTANICAL SOURCE OF A CINNAMON FRUIT TRADED AS NAGAKESARA AND SIRUNAGAPPU IN RAW DRUG MARKETS.,,,,,
"MICROSCOPIC CHARACTERS, PHYTOCHEMICAL SCREENING FOCUS ON ALKALOID AND TOTAL PHENOLIC CONTENT OF UNCARIA GAMBIR ROXB. AND UNCARIA SCLEROPHYLLA ROXB. LEAVES.",,,,,
COMPARATIVE GC-MS ANALYSIS OF BIOACTIVE PHYTOCHEMICALS FROM DIFFERENT PLANT PARTS AND CALLUS OF LEPTADENIA RETICULATA WIGHT AND ARN.,,,,,
GC-MS ANALYSIS OF BIO-ACTIVE COMPOUNDS IN ETHANOL EXTRACT OF PUTRANJIVA ROXBURGHII WALL. FRUIT PEEL.,,,,,
"PHARMACOGNOSTIC SPECIFICATIONS, QUERCETIN AND QUERCITRIN QUANTIFICATION IN BAUHINIA MALABARICA LEAF.",,,,,
MICROMORPHOLOGY OF SALT GLANDS AND CONTENT OF MARKER COMPOUND PLUMBAGIN IN THE LEAVES OF PLUMBAGO ZEYLANICA LINN.,,,,,
MOLECULAR DOCKING STUDIES OF PHYTOCHEMICALS FROM LEUCAS ASPERA TARGETING ESCHERICHIA COLI AND BACILLUS SUBTILIS SUBCELLULAR PROTEINS.,,,,,
REDUCTION OF COLCHICINE CONTENT FROM RADIX GLORIOSAE SUPERBAE PREPARATA.,"Sasithorn Tandhavadhana, Chayan Picheansoonthon.",Pharmacognosy Journal,2019,11,2
ALTITUDE AND SEED PHENOTYPIC EFFECT ON AMYGDALIN CONTENT IN APRICOT (PRUNUS ARMENIACA L.) KERNEL.,,,,,
ELISA TEST ON CORDIA MYXA L. LEAF EXTRACT FOR ALPHA-GLUCOSIDASE INHIBITOR.,,,,,
METHYL ELAIDATE: A MAJOR COMPOUND OF POTENTIAL ANTICANCER EXTRACT OF MORINGA OLEIFERA SEEDS BINDS WITH BAX AND MDM2 (P53 INHIBITOR) IN SILICO.,,,,,
BIOAVAILABILITY AND STABILITY ENHANCEMENT OF NATURAL ISOFLAVONES OF SARACA ASOCA BY CRYOGENIC ENCAPSULATION TECHNIQUE.,,,,,
IN SILICO ANALYSIS OF BINDING INTERACTION OF PHYTOCONSTITUENTS WITH N-METHYL-D-ASPARTATE RECEPTOR FOR POTENTIAL THERAPEUTIC USE IN ALZHEIMER'S DISEASE.,,,,,
NEW FORMULATION CONTAINING CURCUMINOIDS: METHOD VALIDATION AND DISSOLUTION PROFILE.,,,,,
DETERMINATION AND QUANTIFICATION OF P-COUMARIC ACID IN PINEAPPLES (ANANAS COMOSUS) EXTRACTS USING GRADIENT MODE RP-HPLC.,,,,,
"ESTIMATION AND COMPARISON OF AMOUNT OF ORGANIC ACIDS FROM DRIED LEAVES OF GARCINIA CAMBOGIA, GARCINIA INDICA, GARCINIA XANTHOCHYMUS, AND GARCINIA MORELLA BY HIGH-PERFORMANCE LIQUID CHROMATOGRAPHY.",,,,,
"IN SILICO AND IN VIVO ANTI-INFLAMMATORY STUDIES OF CURCUMINOIDS, TURMERIC EXTRACT WITH ZINC OXIDE, AND EUGENOL.",,,,,
INVESTIGATION OF THE ANTI-AGING PROPERTIES OF ALLICIN FROM ALLIUM SATIVUM L BULB EXTRACTS BY A REVERSE DOCKING APPROACH.,"Ardini Pangastuti, Sri Endah Indriwati, Mohamad Amin.",Tropical Journal of Pharmaceutical Research,2018,17,4
A NOVEL STRATEGY FOR RAPID IDENTIFICATION OF THE FRUITS OF ILLICIUM VERUM AND ILLICIUM ANISATUM USING ELECTRONIC NOSE AND TONGUE TECHNOLOGY.,,,,,
"COMPARATIVE EVALUATION OF THIN-LAYER CHROMATOGRAPHY / HIGH-PERFORMANCE THINLAYER CHROMATOGRAPHY FINGERPRINT PROFILES OF SUCCESSIVE EXTRACTS IN DEVELOPMENT OF STANDARDIZATION PROTOCOL FOR AYURVEDIC, SIDDHA OR UNANI FORMULATIONS.",,,,,
DEVELOPMENT OF ANALYTICAL METHOD FOR IDENTIFICATION OF SIBUTRAMINE HYDROCHLORIDE IN TRADITIONAL MEDICINE USING SOLID PHASE EXTRACTION: HIGH-PERFORMANCE LIQUID CHROMATOGRAPHY.,,,,,
SIMULTANEOUS DETERMINATION OF PHENOLIC COMPOUNDS IN LEPTADENIA PYROTECHNICA (FORSSK.) DECNE. BY USING HIGH-PERFORMANCE LIQUID CHROMATOGRAPHY (HPLC-DAD-UV).,,,,,
PHYTOPHARMACOGNOSTICAL INVESTIGATIONS ON ROOT AND STEM OF DALBERGIA VOLUBILIS ROXB.: AN EXTRAPHARMACOPOEIAL PLANT OF AYURVEDA.,,,,,
COMPARATIVE PHARMACOGNOSTICAL ANALYSIS THROUGH QUANTITATIVE MICROMETRY AND ANALYTICAL STUDY ON MRIDU AND TIKSHNA APAMARGA KSHARA.,,,,,
PROCESS STANDARDIZATION OF SWARNA MAKSHIKA SHODHANA (PURIFICATION) IN TRIPHALA KWATHA (DECOCTION).,,,,,
EFFECT OF SOLVENT POLARITY AND EXTRACTION METHOD ON PHYTOCHEMICAL COMPOSITION AND ANTIOXIDANT POTENTIAL OF CORN SILK.,,,,,
STANDARDIZATION OF WILD KRUSHNATULASI (OCIMUM TENUIFLORUM LINN) LEAF.,,,,,
PHARMACEUTICAL STUDY OF VANG BHASMA.,"1. Meenakshi Sharma, 2. Gaurav Kumar.",International Journal of Research in Ayurveda and Pharmacy,2018,9,2
PHARMACEUTICAL STANDARDIZATION AND PRELIMINARY PHYSICO-CHEMICAL PROFILE OF SHANKHA VATI (TABLET).,,,,,
PHARMACEUTICO-ANALYTICAL EVALUATION OF KADALIKANDA PANEEYA KSHARA.,,,,,
PHARMACOGNOSTIC CHARACTERIZATION OF MYRICA ESCULENTA LEAVES.,,,,,
OXIDATION OF LICORICE-ROOT TRITERPENE-ACID DERIVATIVES BY M-CHLOROPERBENZOIC ACID.,,,,,
CHEMICAL CONSTITUENTS OF THE LEAVES OF PLECTRANTHUS AMBOINICUS.,,,,,
TRITERPENOID ACIDS FROM ERIOBOTRYA JAPONICA.,,,,,
AMIDES FROM THE STEMS OF CAPSICUM ANNUUM VAR. FASCICULATUM.,,,,,
KINETICS STUDIES ON EFFECTS OF EXTRACTION TECHNIQUES ON BIOACTIVE COMPOUNDS FROM VERNONIA CINEREA LEAF.,,,,,
ASSESSMENT OF VARIABILITY IN LIGNAN AND FATTY ACID CONTENT IN THE GERMPLASM OF SESAMUM INDICUM L.,,,,,
"SELECTED UNCOMMON LEGUMES AS A SOURCE OF ESSENTIAL FATTY ACIDS, TOCOPHEROLS, TOCOTRIENOLS, STEROLS, CAROTENOIDS, AND SQUALENE.","1. Pawel Gornas, 2. Jaroslaw Czubinski, 3. Magdalena Rudzinska, 3. Anna Grygier, 4. Qian Ying, 5. Suryakant Chakradhari, 5. Pravin Kumar Sahu, 1. Inga Misina, 1. Elise Urvaka, 5. Khageshwar Singh Patel.",Plant Foods for Human Nutrition,2019,74,1
"THE GREEN SYNTHESIS, CHARACTERIZATION AND EVALUATION OF ANTIOXIDANT AND ANTIMICROBIAL EFFICACY OF SILVER AND GOLD NANOSPHERES SYNTHESIZED USING WHEAT BRAN.",,,,,
ISOLATION AND CHARACTERIZATION OF N-HEPTACOSANYL OLEATE FROM THE WHOLE AERIAL PARTS OF CENTELLA ASIATICA LINN.,,,,,
FOURIER TRANSFORM INFRARED SPECTROSCOPY SPECTROSCOPIC STUDIES IN EMBELIA RIBES BURM. F.: A VULNERABLE MEDICINAL PLANT.,,,,,
PHYTOCHEMICAL EVALUATION AND HIGH-PERFORMANCE THIN LAYER CHROMATOGRAPHY PROFILING: SAPINDUS EMARGINATUS VAHL. AND MORINDA PUBESCENS J.E.SM. BARKS EXTRACTS.,,,,,
AUTHENTICATION PARAMETERS OF HABENARIA LONGICORNICULATA J. GRAHAM; MEDICINAL ORCHID USED IN AYURVEDA.,,,,,
A STUDY ON THE EFFECT OF SODHANA ON TOXIC PRINCIPLES OF GUNJABIJA WITH REFERENCE TO PROTEIN ASSAY.,,,,,
GAS CHROMATOGRAPHY-MASS SPECTROMETRY ANALYSIS OF METHANOLIC LEAF EXTRACT OF CASSIA ANGUSTIFOLIA VAHL.,,,,,
CHEMICAL CONSTITUENTS OF THE AERIAL PART OF ZINGIBER OFFICINALE.,,,,,
"CAMARIDIN, A NEW TRITERPENOID FROM ROOTS OF LANTANA CAMARA.",,,,,
SECONDARY METABOLITES FROM THE TWIGS OF CINNAMOMUM CAMPHORA.,"1,2. Lei Wu, 1. Wei Xiong, 1. Ju-Wu Hu, 1. Jing Wu, 2,3. Zi-Jiang Li, 2. Yue Gao, 4. Dan Liu, 4. Ying Liu, 2. Wei Liu, 2. Min Liang, 2,4,5. Chuan-Ling Si, 1,6. Young-Soo Bae.",Chemistry of Natural Compounds,2019,55,2
DEVELOPMENT AND EVALUATION OF HERBAL EXTRACT CREAM FOR HYDRATION AND PHOTO PROTECTION.,,,,,
EVALUATION OF PHYSIOCHEMICAL & PHYTOCHEMICAL STANDARDS OF CYPERUS ROTUNDUS LINN. AND CYPERUS PROCERUS ROTTB. RHIZOME WITH HPLC PROFILING.,,,,,
"TRADITIONAL USAGES AND PHYTOCHEMICAL SCREENINGS OF SELECTED ZINGIBERACEAE FROM CENTRAL SULAWESI, INDONESIA.",,,,,
ANATOMICAL AND HISTOCHEMICAL CHARACTERIZATION OF LEAVES OF LUFFA CYLINDRICA (L.) M. ROEM.,,,,,
PHYTOCHEMICAL STUDY OF ODOROUS CELERY ROOT (APIUM GRAVEOLENS L.) GROWN IN THE NORTH CAUCASUS.,,,,,
GAS CHROMATOGRAPHY-MASS SPECTROMETRY ANALYSIS OF METHANOL EXTRACTS FROM MARINE RED SEAWEED GRACILARIA CORTICATA.,,,,,
MACRO-MICROSCOPIC IDENTIFICATION OF DRIED FLOWERS OF HIBISCUS ROSA-SINENSIS L. AND ITS DIFFERENTIATION FROM ADULTERANT RHODODENDRON ARBOREUM SM.,,,,,
"PHYTOCHEMICAL CHARACTERIZATION OF RHIZOME, FRUIT, LEAF AND CALLUS OF RHEUM EMODI WALL. USING GC-MS.",,,,,
EFFECT OF DIFFERENT SOLVENTS ON ANTIOXIDANT ACTIVITY OF LEAF EXTRACTS OF CALOTROPIS PROCERA AND AZADIRACHTA INDICA.,,,,,
"IDENTIFICATION OF BIOACTIVE COMPOUNDS BY GAS CHROMATOGRAPHY-MASS SPECTROMETRY ANALYSIS OF SYZYGIUM JAMBOS (L.) COLLECTED FROM WESTERN GHATS REGION COIMBATORE, TAMIL NADU.","Devakumar J, Keerthana V, Sudha SS.",Asian Journal of Pharmaceutical and Clinical Research,2017,10,1
"DEVELOPMENT AND VALIDATION OF RAPID REVERSE PHASE HIGH-PERFORMANCE LIQUID CHROMATOGRAPHY METHOD FOR SIMULTANEOUS ESTIMATION OF STIGMASTEROL AND BETA-SITOSTEROL IN EXTRACTS OF VARIOUS PARTS (LEAVES, STEMS, AND ROOTS) OF XANTHIUM STRUMARIUM LINN.",,,,,
DEVELOPMENT AND VALIDATION OF A RP-HPLC METHOD FOR THE DETERMINATION OF ELLAGIC ACID IN TERMINALIA BELLIRICA EXTRACT AND SINGLE HERB CAPSULE OF TERMINALIA BELLIRICA.,,,,,
DEVELOPMENT AND EVALUATION OF POLYHERBAL LOZENGES FOR COLD AND FLU.,,,,,
TOTAL PHENOLIC AND CAFFEIC ACID CONTENTS IN ROOTS OF SOLANUM INDICUM L. FROM DIFFERENT AGROCLIMATIC REGIONS OF MADHYA PRADESH STATE OF INDIA.,,,,,
PHARMACOGNOSTICAL PROFILING ON WHOLE PLANT TEPHROSIA PURPUREA (L.) PERS (SARPUNKHA).,,,,,
A COMPARATIVE PHARMACEUTICO-ANALYTICAL STUDY OF NAVKARSHIK KASHAY AND ITS GHANVATI.,,,,,
ANALYSIS OF PHYTOCHEMICAL CONSTITUENTS OF THE METHANOLIC EXTRACTS OF LEAVES OF ACONITUM HETROPHYLLUM USING GAS CHROMATOGRAPHY-MASS SPECTROSCOPY (GC-MS) TECHNIQUE.,,,,,
"FATTY ACID COMPOSITION, TOTAL PHENOLIC CONTENT AND ANTIOXIDANT ACTIVITY OF GRAPE SEED OILS OBTAINED BY COLD- PRESSED AND SOLVENT EXTRACTION.",,,,,
"PHARMACOGNOSY OF DIFFERENT PARTS OF BRAHMKAMAL (SAUSSUREA OBVALLATA (DC.) EDGEW.): THE STATE FLOWER OF UTTARAKHAND, INDIA.",,,,,
"FORMULATION, STANDARDIZATION AND SCREENING OF POLYHERBAL CHURNA FOR ANTACID ACTIVITY.","1. Surbhi Sharma, 1. Pankaj Sharma, 2. Deepti Katiyar, 2. Richa Goel, 3. Jagannath Sahoo.",International Journal of Research in Ayurveda and Pharmacy,2018,9,4
FINGER PRINTING ANALYSIS OF THE PHENOLS FROM PERGULARIA DAEMIA FORSK PLANT LEAVES AND STEM USING HPTLC.,,,,,
ANALYSIS OF LEAD AND CADMIUM IN SELECTE D INDIAN AYURVEDIC MEDICINES BY ICP-AES.,,,,,
"EXTRACTION, QUANTITATIVE DETERMINATION AND SPECTRAL IDENTIFICATION OF CARNOSIC ACID - A DITERPENE ANTIOXIDANT FROM ROSMARINUS OFFICINALIS.",,,,,
"SUSTAINABLE SUPPLY, A FOUNDATION FOR NATURAL PRODUCT DEVELOPMENT: THE CASE OF INDIAN FRANKINCENSE (BOSWELLIA SERRATA ROXB. EX COLEBR.).",,,,,
"TWISTS, TURNS AND TRADE: A NEW LOOK AT THE INDIAN SCREW TREE (HELICTERES ISORA).",,,,,
PRODUCTION FROM BOTH WILD HARVEST AND CULTIVATION: THE CROSS-BORDER SWERTIA CHIRAYITA (GENTIANACEAE) TRADE.,,,,,
CHEMICAL COMPOSITION OF FENNEL SEED EXTRACT AND DETERMINATION OF FENCHONE IN COMMERCIAL FORMULATIONS BY GC-MS METHOD.,,,,,
EXTRACTION OF BIOACTIVE COMPOUNDS FROM MANGO (MANGIFERA INDICA L. VAR. CARABAO) SEED KERNEL WITH ETHANOL-WATER BINARY SOLVENT SYSTEMS.,,,,,
PHARMACOGNOSTIC STANDARDIZATION AND HPTLC FINGERPRINTING OF PROSOPIS CINERARIA; AN AYURVEDA MENTIONED PLANT.,,,,,
EFFECT OF DIFFERENT DRYING METHODS ON THE PHYSICOCHEMICAL PROPERTIES AND BIOACTIVE COMPONENTS OF SAFFRON POWDER.,"1. Zahra Aghaei, 1. Seid Mahdi Jafari, 1. Danial Dehnad.",Plant Foods for Human Nutrition,2019,74,2
ULTRAHIGH-PRESSURE SUPERCRITICAL FLUID EXTRACTION AND CHROMATOGRAPHY OF MORINGA OLEIFERA AND MORINGA PEREGRINA SEED LIPIDS.,,,,,
DETERMINATION OF THE POLYPHENOLIC FRACTION OF PISTACIA VERA L. KERNEL EXTRACTS BY COMPREHENSIVE TWO-DIMENSIONAL LIQUID CHROMATOGRAPHY COUPLED TO MASS SPECTROMETRY DETECTION.,,,,,
ISOLATION AND SPECTRAL STUDIES OF A NEW LACTONE TRITERPENOID FROM LANTANA CAMARA.,,,,,
A NEW CUCURBITACIN GLUCOSIDE FROM LUFFA GRAVEOLENSE.,,,,,
PHENOL GLYCOSIDES AND FLAVONOL GLYCOSIDES FROM THE AERIAL PART OF ZINGIBER OFFICINALE.,,,,,
MODIFIED AGNIKARMA DEVICE: A BREAKTHROUGH IN STANDARDIZATION OF AGNIKARMA THERAPY.,,,,,
PHARMACEUTICAL STUDY OF SAMAGUNA BALIJAARITA RASASINDURA (RED SULPHIDE OF MERCURY).,,,,,
OPTIMIZATION OF CALCIUM GLUCONATE AND BACOPA MONNIERA EXTRACT LEVELS IN CALCIUM ENRICHED HERBAL ICE CREAM BY RESPONSE SURFACE METHODOLOGY.,,,,,
NUMERICAL OPTIMIZATION OF PROBIOTIC AYRAN PRODUCTION BASED ON WHEY CONTAINING TRANSGLUTAMINASE AND ALOE VERA GEL.,,,,,
NEW GERANYL FLAVONOIDS FROM THE LEAVES OF ARTOCARPUS COMMUNIS.,"1. Masamitsu Inoue, 1. Yuki Hitora, 1. Hikaru Kato, 2. Fitje Losung, 2. Remy E. P. Mangindaan, 1. Sachiko Tsukamoto.",Journal of Natural Medicines,2018,72,3
"FOUR NEW RESIN GLYCOSIDES, MURASAKIMASARINS I-IV, FROM THE TUBER OF IPOMOEA BATATAS.",,,,,
"THREE NEW 5,6,7,8-TETRAHYDROXY-5,6,7,8-TETRAHYDROCHROMONE DERIVATIVES ENANTIOMERIC TO AGAROTETROL FROM AGARWOOD.",,,,,
INHALATION ABSORPTION PREDICTION (IAP) MODEL FOR PREDICTING MEDICINAL CANNABIS PHYTOCHEMICAL PHARMACOKINETICS.,,,,,
IDENTIFICATION OF BIOACTIVE DITERPENOID LACTONES USING NUCLEAR MAGNETIC RESONANCE FROM ANDROGRAPHIS PANICULATA.,,,,,
RAPID IDENTIFICATION OF MEDICINAL LEECH BY SPECIES-SPECIFIC POLYMERASE CHAIN REACTION TECHNOLOGY.,,,,,
RAPID AND SIMULTANEOUS ANALYSIS OF FIVE FREE ANTHRAQUINONE CONTENTS IN RHUBARB DURING THE STIR-FRYING WITH RICE WINE PROCESS BY NEAR INFRARED REFLECTANCE SPECTROSCOPY.,,,,,
"GREEN SYNTHESIS OF SUPERPARAMAGNETIC IRON OXIDE NANOPARTICLE FROM FICUS CARICA FRUIT EXTRACT, CHARACTERIZATION STUDIES AND ITS APPLICATION ON DYE DEGRADATION STUDIES.",,,,,
PLANT PART SUBSTITUTION IN LITSEA CHINENSIS FOR MEDICINAL USE: A COMPARATIVE PHYTOCHEMICAL APPROACH.,,,,,
PRELIMINARY QUALITY CONTROL PARAMETERS OF MAHA SUDARSHANA GHANA VATI- A PILOT STUDY.,,,,,
EFFECT OF VARIATION IN CONCENTRATION OF WATER AND PLANT PART USED ON PHYSICOCHEMICAL PROPERTIES OF YAVAKSARA.,"1. Akash Kawasthe, 2. Piyush Krantikumar Gandhi.",Ancient Science of Life,2017,37,2
PHYTOCHEMICAL SCREENING AND HIGH-PERFORMANCE THIN-LAYER CHROMATOGRAPHY FINGERPRINT PROFILE OF THREE SPECIES OF LEUCAS (LAMIACEAE).,,,,,
PHYSICOCHEMICAL ANALYSIS AND DRUG STANDARDIZATION OF BILWA-LAJADI SYRUP.,,,,,
ANALYTICAL STANDARDIZATION OF MANDURA BHASMA.,,,,,
"PHARMACOGNOSTIC STANDARDIZATION, PHYSICO- AND PHYTOCHEMICAL EVALUATION OF AMARANTHUS SPINOSUS LINN. ROOT.",,,,,
"EVALUATION OF TOXICITY OF VATSANABHA (ACONITUM FEROX, RANUNCULACEAE) BEFORE AND AFTER SHODHANA.",,,,,
HPLC ANALYSIS AND STANDARDIZATION OF BRAHMI VATI E AN AYURVEDIC POLY-HERBAL FORMULATION.,,,,,
PHARMACOVIGILANCE OF HERBAL PRODUCTS IN INDIA.,,,,,
HPLC METHOD FOR QUANTIFICATION OF ELLAGIC ACID IN IN VIVO AND IN VITRO PLANT PARTS OF OROXYLUM INDICUM (L.) VENT.,,,,,
VIRTUAL SCREENING OF POTENTIAL INHIBITORS FROM HERBS FOR THE TREATMENT OF BREAST CANCER.,,,,,
IDENTIFICATION OF THE COMPOUNDS OF ADATHODA VASICA BY GC MS ANALYSIS AND PROBING THE MODE OF ACTION OF THE COMPOUNDS BY INSILICO STUDY.,"1. Sharly Elgal N, 2. Jasmine R.",Asian Journal of Pharmaceutical and Clinical Research,2017,10,4
A STUDY ON THE STANDARDIZATION PARAMETERS OF BAUHINIA VARIEGATA.,,,,,
NATURAL STAINS ZINGIBER OFFICINALE ROSCOE (GINGER) AND CURCUMA LONGA L. (TURMERIC) - A SUBSTITUTE TO EOSIN.,,,,,
CLASSIFICATION OF PLUM BRANDIES BASED ON PHENOL AND ANISOLE COMPOUNDS USING HPLC.,,,,,
"PHARMACOGNOSY OF LEAF, STEM AND ROOT OF JUSTICIA BETONICA LINN.",,,,,
PRAYOGIKA DHUMAVARTI: NIRMANA AND STANDARDIZATION.,,,,,
PHARMACOGNOSTIC STANDARDIZATION OF JACARANDA MIMOSIFOLIA LEAVES AND STEM BARK.,,,,,
VALIDATION OF NEW LIQUID CHROMATOGRAPHIC METHOD FOR NATURALLY ISOLATED QUERCETIN AND ITS COMMERCIAL APPLICATION TO AYURVEDIC FORMULATION.,,,,,
"DEVELOPMENT AND VALIDATION OF A CHEMOMETRICS ASSISTED SPECTROSCOPIC METHOD FOR THE SIMULTANEOUS ESTIMATION OF GALLIC ACID, ELLAGIC ACID AND CURCUMIN IN POLYHERBAL ANTIDIABETIC FORMULATIONS.",,,,,
STANDARDIZATION OF RAJAPRAVARTINI VATI TABLETS.,,,,,
STUDY ON PUDINA (MINT) ARKA PREPARED BY THREE DIFFERENT METHODS.,"1. Shweta Paul, 2. Karunanidhi Sharma, 3. Parimi Suresh.",International Journal of Ayurvedic Medicine,2019,10,2
SYNTHESIS AND CHARACTERIZATION OF VANGA BHASMA.,,,,,
STRUCTURAL AND OPTICAL STUDIES OF TRADITIONAL INDIAN MEDICINE: KAJJALI & NARIKELA LAVAN.,,,,,
DEVELOPMENT OF NANOPARTICULATE HYDROGEL LOADED WITH CROSSANDRA INFUNDIBULIFORMIS EXTRACT.,,,,,
"IN SILICO DOCKING STUDIES ON ATP-SENSITIVE K PLUS CHANNEL, INSULIN RECEPTOR AND PHOSPHORYLASE KINASE ACTIVITY BY ISOLATED ACTIVE PRINCIPLES OF STEREOSPERMUM TETRAGONUM DC.",,,,,
TURMERIC EXTRACT: POTENTIAL USE AS A PREBIOTIC AND ANTI-INFLAMMATORY COMPOUND,,,,,
IDENTIFICATION OF NOVEL PROTEINS FROM BLACK CUMIN SEED MEALS BASED ON 2D GEL ELECTROPHORESIS AND MALDI-TOF/TOF-MS ANALYSIS.,,,,,
PHENOLIC COMPOUNDS FROM VERNONIA ANTHELMINTICA SEEDS.,,,,,
ELEMENTAL ANALYSIS OF PTEROCARPUS SANTALINUS BY PIXE AND ICP-MS: CHEMOMETRIC APPROACH.,,,,,
"PHYSICOCHEMICAL, CHROMATOGRAPHIC, OXIDATIVE, AND THERMOGRAVIMETRIC PARAMETERS OF HIGH-OLEIC PEANUT OIL (ARACHIS HYPOGAEA L. IAC-505).",,,,,
THE ISOLATION OF MYRISTICIN FROM NUTMEG OIL BY SEQUENCES DISTILLATION.,"1,2. Susana Elya Sudradjat, 2. Kris Herawan Timotius, 3. Abdul Munim, 1. Effionora Anwar.",Journal of Young Pharmacists,2018,10,1
GEL FORMULATION CONTAINING MICROCAPSULES OF GRAPE SEED OIL (VITIS VINIFERA L.) FOR SKIN MOISTURIZER.,,,,,
OPTIMIZATION OF IMIDAZOLIUM-BASED IONIC LIQUID-MICROWAVE ASSISTED EXTRACTION FOR OXYRESVERATROL EXTRACTION FROM MORUS ALBA ROOTS.,,,,,
NITROGENOUS PHYTOCONSTITUENTS OF GENUS MORINGA: SPECTROPHOTOMETRICAL AND PHARMACOLOGICAL CHARACTERISTICS.,,,,,
DETERMINATION OF SPECIFIC AND NON-SPECIFIC PARAMETERS OF SIMPLICIA AND ETHANOLIC 70% EXTRACT OF GADUNG TUBERS (DIOSCOREA HISPIDA).,,,,,
"NANO ENCAPSULATION OF TINOSPORA CORDIFOLIA (WILLD.) USING POLY (D, L-LACTIDE) NANOPARTICLES: YIELD OPTIMIZATION BY RESPONSE SURFACE METHODOLOGY AND IN SILICO MODELING WITH INSULIN RECEPTOR TYROSINE KINASE.",,,,,
"IMPACT OF MICROWAVES ON THE EXTRACTION YIELD OF PHENOLICS, FLAVONOIDS, AND TRITERPENOIDS FROM CENTELLA LEAVES: AN APPROACH TOWARD DIGITIZED ROBUST BOTANICAL EXTRACTION.",,,,,
"TETRAHYDRONAPHTHALENE LIGNAN GLUCOSIDE FROM CRATAEVA NURVALA: APOPTOTIC INDUCTION, ANTIMIGRATION, AND IN SILICO ANALYSIS.",,,,,
HIGH-PERFORMANCE THIN-LAYER CHROMATOGRAPHY ESTIMATION OF BOERAVINONE-B IN BOERHAVIA DIFFUSA L. AND ITS POLYHERBAL DOSAGE FORM (CAPSULE).,,,,,
DESIGN AND DEVELOPMENT OF MICROPARTICULATE DELIVERY SYSTEM FOR CURCUMIN.,,,,,
PHYSICOCHEMICAL PROFILE AND SHELF LIFE ESTIMATION OF NISHAMALAKI CHURNA.,"1. Ruknuddin Galib, 2. Poonam D Gulati, 3. Pramod Yadav, 4. Pradeep K Prajapati.",Journal of Drug Research in Ayurvedic Sciences,2018,3,3
PHARMACOGNOSTICAL AND PHYTOCHEMICAL EXPLORATION OF MERREMIA AEGYPTIA (L.) URB. LEAF.,,,,,
SHELF LIFE EVALUATION AND COMPARATIVE HPTLC PROFILE OF LEKHANIYA MAHAKASHAYA SIDDHA TAILA A PRELIMINARY ASSESSMENT.,,,,,
VALIDATION OF THE BEST PROCUREMENT SEASON OF ARJUNA BARK (TERMINALIA ARJUNA (ROXB. EX DC.) WIGHT & ARN.) BY COMPARATIVE HPLC AND PHARMACOGNOSTICAL STUDIES.,,,,,
TWO NEW LIGNAN DERIVATIVES FROM JATROPHA CURCAS.,,,,,
CHEMICAL CONSTITUENTS OF THE AERIAL PARTS OF DAUCUS CAROTA.,,,,,
FLAVONOIDS FROM THE FLOWERS OF AQUILARIA AGALLOCHA.,,,,,
CHEMICAL CONSTITUENTS OF LEPIDIUM SATIVUM SEEDS.,,,,,
"PREPARATION OF CHATURTHAMALAKA RASAYANA, A CLASSICAL FORMULATION IN CHARAKA SAMHITA.",,,,,
EFFECT OF SCHISANDRAE FRUCTUS ON GLYCYRRHIZIN CONTENT IN KAMPO EXTRACTS CONTAINING GLYCYRRHIZAE RADIX USED CLINICALLY IN JAPAN.,,,,,
VALIDATION OF HIGH-PERFORMANCE LIQUID CHROMATOGRAPHY FOR DETERMINATION OF BROMELAIN IN PINEAPPLE (ANANAS COMOSUS (L) MERR) WATER.,"1. Novi Yantih, 1. Alfadella Methananda, 2. Yahdiana Harahap, 1. Wahono Sumaryono, 1. Lestari Rahayu.",Pharmacognosy Journal,2019,11,5
EFFECTS OF NANOPARTICLES ON ACTIVITY OF LIGNAN BIOSYNTHESIS ENZYMES IN CELL SUSPENSION CULTURE OF LINUM USITATISSIMUM L.,,,,,
GC-MS ANALYSIS OF ESSENTIAL OIL FROM ANETHUM GRAVEOLENS L (DILL) SEEDS EXTRACTED BY SUPERCRITICAL CARBON DIOXIDE.,,,,,
IN SILICO SCREENING OF ANTI-INFLAMMATORY CONSTITUENTS WITH GOOD DRUG-LIKE PROPERTIES FROM TWIGS OF CINNAMOMUM CASSIA BASED ON MOLECULAR DOCKING AND NETWORK PHARMACOLOGY.,,,,,
TRIPHALA: A PHYTOMEDICINE FOR LOCAL DRUG DELIVERY - A STRATEGIC INTERVENTION.,,,,,
TOXICOLOGICAL EVALUATION OF AQUEOUS EXTRACT OF DIFFERENT VARIETIES OF GUAVA (PSIDIUM GUAJAVA LINN) LEAVES.,,,,,
EVALUATION OF THE AVAILABILITY OF DELPHINIDIN AND CYANIDIN-3-O-SAMBUBIOSIDE FROM HIBISCUS SABDARIFFA AND 6-GINGEROL FROM ZINGIBER OFFICINALE IN COLON USING LIQUID CHROMATOGRAPHY AND MASS SPECTROMETRY DETECTION.,,,,,
PHARMACEUTICAL STUDY OF DHANANJYADI GUTIKA.,,,,,
PHARMACOGNOSTIC EVALUATION OF CURCUMA VAMANA.,,,,,
MACRO-MICROSCOPICAL EVALUATION ON PERICARP OF TERMINALIA CHEBULA RETZ. AND ITS MARKETED FORMULATIONS.,,,,,
PHYSICOCHEMICAL PROPERTIES DETERMINATION OF PICROSIDE-II.,"1. Bhusari S., 1. Chaudhary A., 1. Shrangare G., 1. Rindhe M., 1. Wakte P.",Indian Drugs,2019,56,8
QUANTITATIVE ASSESSMENT OF VASICINE AND VASICINONE IN DIFFERENT MARKETED FORMULATIONS USING HPLC.,,,,,
EFFECT OF GIBBERELLIC ACID TREATMENT ON SEED GERMINATION OF KANTAKARI (SOLANUM VIRGINIANUM L.),,,,,
EVALUATION OF THE BEST PROCUREMENT TIME FOR ASHWAGANDHA WITHANIA SOMNIFERA (L.) DUNAL ROOT BY LIQUID CHROMATOGRAPHIC AND PHARMACOGNOSTICAL STUDIES.,,,,,
IMPACT FORCE MEASUREMENT IN SHIRODHARA.,,,,,
"PHARMACOGNOSTICAL, DNA BARCODING, AND PHYTOCHEMICAL ANALYSIS ON LEAVES OF LEEA MACROPHYLLA ROXB. EX HORNEM.",,,,,
PREPARATIVE SCALE EXTRACTION OF MANGIFERIN AND LUPEOL FROM MANGO (MANGIFERA INDICA L.) LEAVES AND BARK BY DIFFERENT EXTRACTION METHODS.,,,,,
ULTRASOUND ASSISTED EXTRACTION OF HIBISCUS (HIBISCUS SABDARIFFA L.) BIOACTIVE COMPOUNDS FOR APPLICATION AS POTENTIAL FUNCTIONAL INGREDIENT.,,,,,
ORGANIC SOLVENT-FREE EXTRACTION OF CAROTENOIDS FROM CARROT BIO-WASTE AND ITS PHYSICO-CHEMICAL PROPERTIES.,,,,,
"DETERMINING 1-KESTOSE, NYSTOSE AND RAFFINOSE OLIGOSACCHARIDES IN GRAPE JUICES AND WINES USING HPLC: METHOD VALIDATION AND CHARACTERIZATION OF PRODUCTS FROM NORTHEAST BRAZIL.",,,,,
OPTIMIZED ULTRASONIC-ASSISTED EXTRACTION OF PHENOLIC ANTIOXIDANTS FROM GRAPE (VITIS VINIFERA L.) SKIN USING RESPONSE SURFACE METHODOLOGY.,"1. Rosa Anna Milella, 1. Teodora Basile, 1. Vittorio Alba, 1. Marica Gasparro, 1. Maria Angela Giannandrea, 1. Giambattista Debiase, 1. Rosalinda Genghi, 1. Donato Antonacci.",Journal of Food Science and Technology,2019,56,10
NITRO DERIVATIVES AND OTHER COMPOUNDS FROM SUGAR APPLE (ANNONA SQUAMOSA L.) LEAVES EXHIBIT SOLUBLE EPOXIDE HYDROLASE INHIBITORY ACTIVITY.,,,,,
CORILAGIN: FIRST TIME ISOLATION FROM THE WHOLE PLANT OF PHYLLANTHUS MADERASPATENSIS L.,,,,,
EFFECTS OF BETA GLUCOSIDASE INHIBITOR ON CELLULASE ENZYME ACTIVITY FOR PREPARATION OF MICROCRYSTALLINE CELLULOSE FROM WATER HYACINTH (EICHHORNIA CRASSIPES).,,,,,
FORMULATION AND CHARACTERIZATION OF BITTER MELON EXTRACT (MOMORDICA CHARANTIA) LOADED PHYTOSOMES.,,,,,
RATIONALE FOR MANUFACTURING OF CUT-PRESSED GRANULES FROM HERBAL RAW MATERIAL RICH IN ESSENTIAL OIL: AN EXAMPLE OF CHAMOMILE FLOWERS AND SWEET FLAG RHIZOME.,,,,,
DETAILED PHARMACOGNOSTICAL AND PHYTOCHEMICAL SCREENING OF STEM AND STEM BARK OF FICUS SEMICORDATA BUCH.-HAM. EX SM. - AN EXTRA PHARMACOPOEIAL DRUG OF AYURVEDA.,,,,,
PHARMACOGNOSTIC STUDIES AND ARTEMISININ CONTENT OF ARTEMISIA ANNUA L. GROWN IN TOGO.,,,,,
STATISTICAL APPROACH TOWARDS OPTIMIZATION OF EXTRACTION PROCESS OF KARANJIN FROM PONGAMIA PINNATA SEEDS.,,,,,
EVALUATION OF DIOSGENIN CONTENT IN COSTUS SPECIOSUS GERMPLASM COLLECTED FROM EASTERN GHATS OF INDIA AND IDENTIFICATION OF ELITE CHEMOTYPES.,,,,,
ESTABLISHMENT OF QUALITY PARAMETERS FOR FLOWERS OF KARANJA PONGAMIA PINNATA (L.) PIERRE THROUGH POWDER MICROSCOPY AND PHYTOCHEMICAL STUDIES.,"1. Rajesh Bolleddu, 2. Anupam K Mangal, 3. Sama Venkatesh, 4. Bhargav Bhongiri, 5. Subhose Varanasi, 6. Meda M Rao.",Journal of Drug Research in Ayurvedic Sciences,2018,3,4
DETERMINATION OF BIOACTIVE COMPONENTS OF BARLERIA COURTALLICA NEES (ACANTHACEAE) BY GAS CHROMATOGRAPHY MASS SPECTROMETRY ANALYSIS.,,,,,
QUANTIFICATION OF TOTAL PHENOLIC AND TOTAL FLAVONOID CONTENT OF EXTRACTS OF TAGETES ERECTA FLOWERS.,,,,,
CHROMATOGRAPHIC STUDIES ON BIOACTIVE COMPOUNDS OF ETHANOLIC LEAF EXTRACT OF AERVA LANATA BY HIGH PERFORMANCE THIN LAYER CHROMATOGRAPHY TECHNIQUE.,,,,,
A COMPARATIVE STUDY ON COPPER OXIDE NANOPARTICLES SYNTHESIZED FROM PLANT EXTRACTS.,,,,,
STUDY OF BRASSICA OLERACEA AS NATURAL ALTERNATIVE TO SYNTHETIC INDICATOR.,,,,,
"GREEN SYNTHESIS, CHARACTERIZATION AND ANTIBACTERIAL ACTIVITY OF ZINC OXIDE NANOPARTICLES USING LEAF EXTRACT OF RUBIA CORDIFOLIA.",,,,,
NEW ELLAGIC ACID GLYCOSIDES FROM PUNICA GRANATUM.,,,,,
OXYGENATED ACIDS FROM SEED LIPIDS OF CARTHAMUS TINCTORIUS.,,,,,
CHARACTERIZATION OF TYROSINASE INHIBITORS FROM WHITE LOTUS RECEPTACLE.,,,,,
CHEMICAL CONSTITUENTS OF THE LEAVES OF ERIOBOTRYA JAPONICA.,"1. Byoung-Jae Park, 1. Tetsuya Nomura, 1. Hiroyasu Fukudome, 1. Michio Onjo, 1. Atsushi Shimada, 2. Hiroaki Samejima.",Chemistry of Natural Compounds,2019,55,5
A NEW SESQUITERPENOID FROM CHRYSANTHEMUM INDICUM.,,,,,
CHEMICAL CONSTITUENTS OF THE AERIAL PARTS OF AGERATUM CONYZOIDES.,,,,,
SECONDARY METABOLITES FROM THE RHIZOMES OF ALPINIA OFFICINARUM.,,,,,
AN INNOVATIVE APPROACH IN DEVELOPING SUSTAINED RELEASE MATRIX TABLETS USING ISOLATED AND CHARACTERIZED NOVEL CEASALPINIA SAPPAN L. SEED GALACTOMANNAN.,,,,,
PHARMACOKINETIC AND PHARMACODYNAMICS INTERACTION BETWEEN SYZYGIUM CUMINI AND GLIPIZIDE: ROLE OF CYTOCHROME P450 ENZYME.,,,,,
IN SILICO DOCKING ANALYSIS OF ACTIVE BIOMOLECULES FROM CISSUS QUADRANGULARIS L. AGAINST PPARG.,,,,,
32 FACTORIAL DESIGN FOR OPTIMIZATION OF HPLC-UV METHOD FOR QUANTIFICATION OF GALLIC ACID IN LOHASAVA AND PIPPALYASAVA.,,,,,
"DEVELOPMENT, OPTIMISATION AND VALIDATION OF RP-HPLC METHOD FOR THE QUANTIFICATION OF RESVERATROL.",,,,,
"TOXICOLOGICAL STUDIES OF CHATURMUKHA RASA, AN AYURVEDIC FORMULATION.",,,,,
PHARMACOGNOSTICAL AND PROXIMAL ANALYSIS OF TWO DIFFERENT EXTRACTS (METHANOL AND AQUEOUS) OF INDIAN ENDANGERED COSCINIUM FENESTRATUM STEM.,Kuntal Das.,Indian Journal of Pharmaceutical Education and Research,2019,53,4
"DESIGN, DEVELOPMENT AND EVALUATION OF SELF NANOEMULSIFYING DRUG DELIVERY SYSTEM OF GARLIC OIL USING CAPRYOL PGMC.",,,,,
OPTIMIZATION OF ULTRASONIC ASSISTED EXTRACTION OF ANTIOXIDANTS FROM MORINGA OLEIFERA LAM. LEAVES USING RESPONSE SURFACE METHODOLOGY.,,,,,
"SYNTHESIS, CHARACTERIZATION AND CELLULAR MINERAL ABSORPTION OF NANOEMULSIONS OF RHODODENDRON ARBOREUM FLOWER EXTRACTS STABILIZED WITH GUM ARABIC.",,,,,
"INFLUENCE OF EXTRACTION ON THE YIELD, PHYTOCHEMICAL AND LCMS PROFILE FROM STANDARDIZED KEMUNING LEAF (MURRAYA PANICULATA (L.) JACK).",,,,,
PHARMACOGNOSTIC PROFILE OF ROOT AND STEM OF INDIGOFERA TIRUNELVELICA SANJAPPA.,,,,,
EVALUATION OF CRYSTALLIZATION TECHNIQUE RELATING TO THE PHYSICOCHEMICAL PROPERTIES OF CINNAMIC ACID.,,,,,
GAS CHROMATOGRAPHY - MASS SPECTROMETRY ANALYSIS OF ESSENTIAL OIL COMPOSITION OF CLERODENDRUM SERRATUM L.: A TRADITIONAL PLANT OF INDIA.,,,,,
A STUDY ON THE STANDARDIZATION PARAMETERS OF MADHUCA LONGIFOLIA.,,,,,
A STUDY ON THE STANDARDIZATION PARAMETERS OF CASSIA ANGUSTIFOLIA.,,,,,
DETERMINATION OF FATTY ACIDS IN SOLANUM SURATTENSE BURM. F. BY USING GAS CHROMATOGRAPHY.,"Raman Preet, Raghbir Chand Gupta.",Asian Journal of Pharmaceutical and Clinical Research,2017,10,8
PHARMACEUTICAL STUDY OF TRIVANGA BHASMA.,,,,,
PHYSICOCHEMICAL ANALYSIS OF SWARNAMAKSHIKA BHASMA PREPARED BY TWO DIFFERENT METHODS.,,,,,
EXTRACTION AND RAPID QUANTIFICATION OF PURE BIXIN FROM BIXA ORELLENA L.,,,,,
A SCREENING TO DETERMINE TOTAL PHENOL AND FLAVONOID CONTENT OF SOME IRAN'S MEDICINAL PLANTS GROWN IN CHAHARMAHAL VA BAKHTYARI PROVINCE.,,,,,
"A NOVEL CONTRIBUTION TO QUALITY STANDARDS OF TRIFOLIUM PRETENSE L., A DIETARY SUPPLEMENT.",,,,,
SYNTHESIS AND CHARACTERIZATION OF THIOLATED GUM KONDAGOGU AND EVALUATION AS MUCOADHESIVE POLYMER.,,,,,
FORMULATION OF TOMATO EXTRACTS (SOLANUM LYCOPERSICUM L.) AS A SUNSCREEN LOTION.,,,,,
A RAPID HPTLC METHOD TO ESTIMATE PIPERINE IN AYURVEDIC FORMULATIONS.,,,,,
CHEMICAL CHARACTERIZATION OF AN AYURVEDIC HERBO-MINERAL PREPARATION- MAHALAXMIVILAS RASA.,,,,,
REVERSED-PHASE HIGH-PERFORMANCE LIQUID CHROMATOGRAPHIC METHOD DEVELOPMENT AND VALIDATION FOR ALLYL ISOTHIOCYANATE ESTIMATION IN PHYTOSOMES OF BRASSICA NIGRA EXTRACT.,"1.Surendra S Agrawal, 1.Tapasya Yallatikar, 2.Pravina Gurjar.",Journal of Advanced Pharmaceutical Technology and Research,2019,10,3
DEVELOPMENT AND VALIDATION OF SPECTROPHOTOMETRIC PROCEDURE FOR QUANTITATIVE DETERMINATION OF FLAVONOID CONTENT USED TO CONTROL THE QUALITY OF MIXTURE HERBAL PRODUCT.,,,,,
SCREENING OF ACTIVE FRACTIONS FROM CURCUMA LONGA RADIX ISOLATED BY HPLC AND GC-MS FOR PROMOTION OF BLOOD CIRCULATION AND RELIEF OF PAIN.,,,,,
CONTENT OF FATTY ACIDS IN CORN (ZEA MAYS L.) OIL FROM ECUADOR.,,,,,
IN SILICO DOCKING ANALYSIS OF BIOACTIVE COMPOUNDS FROM CALOPHYLLUM INOPHYLLUM L. ETHANOL LEAF EXTRACT AGAINST EGFR PROTEIN.,,,,,
DETAILED PHARMACOGNOSTICAL AND ANALYTICAL PROFILE OF TELOSMA PALLIDA (L.) KURZ. (LEAF): A FOLKLORE MEDICINAL PLANT OF GUJARAT STATE.,,,,,
PRELIMINARY PHYTOCHEMICAL ANALYSIS OF DASAPUSPA (A COMBINATION OF TEN DRUGS).,,,,,
PROXIMATE ANALYSIS OF NISAMALAKI CURNA.,,,,,
COMPARATIVE STUDY OF THE PRODUCTION OF COUMARINS AND FURANOCOUMARINS IN THREE RUTEAE SPECIES.,,,,,
PHYSICO-CHEMICAL PARAMETERS AND NUTRITIVE VALUE OF PAVETTA CRASSICAULIS BREMEK AND OLEA DIOICA ROXB. COLLECTED FROM WESTERN GHATS REGION OF KARNATAKA.,,,,,
PHARMACEUTICAL AND ANALYTICAL EXPLORATION OF SANJIVANI VATI - AN AYURVEDIC FORMULATION.,1. Dr. Vimal Tewari. 2. Dr. Deepika Tewari. 3. Dr. Amit Kumar Dixit.,Journal of Ayurveda,2019,13,3
SUVARNA PRASHANA PREPARED WITH SUVARNA PATRA (SPP) - A SAFETY PROFILE.,,,,,
"MORPHO-ANATOMICAL, PHYTOCHEMICAL AND TLC/HPTLC STUDIES ON WHOLE PLANT OF PLECTRANTHUS VETTIVEROIDES (JACOB) N.P. SINGH AND B.D. SHARMA.",,,,,
"GAS CHROMATOGRAPHY-MASS SPECTROMETRY ANALYSIS OF AN ENDANGERED MEDICINAL PLANT, SARCOSTEMMA VIMINALE(L.) R.BR. FROM THAR DESERT, RAJASTHAN (INDIA).",,,,,
PHYTOCHEMICAL STUDIES AND PHARMACOGNOSTICAL EVALUATION OF ZINGIBER CASSUMUNAR ROXB.,,,,,
"PHYSICOCHEMICAL, PHYTOCHEMICAL AND HIGH-PERFORMANCE THIN LAYER CHROMATOGRAPHY ANALYSIS OF THE ROOT BARKS OF ONOSMA ECHIOIDES.",,,,,
OKRA FRUIT GUM-CHITOSAN IMPREGNATED POLYMER NETWORK FILMS: FORMULATION AND SUBSTANTIAL DEPICTION.,,,,,
ESTIMATION OF CURCUMINOIDS IN CURCUMA KARNATAKENSIS (WHITE TURMERIC) - AN ENDEMIC TAXON.,,,,,
"STUDIES ON ARTEMISININ, MORPHOTYPIC AND GENETIC CHARACTERISTICS OF SEVENTEEN SPECIES OF ARTEMISIA GROWING IN INDIAN HIMALAYAN REGION.",,,,,
CYCLOSPORINE A LOADED NANOEMULSIONS USING BIO-OIL FRACTIONS OF SESAME OIL.,,,,,
A BIOINFORMATICS-BASED INVESTIGATION TO SCREEN AND ANALYZE THE BIOACTIVITY OF PIPER LONGUM LINN. COMPOUNDS AS A GROUND-BREAKING HOSTILE TO ANTIDIABETIC ACTIVITY.,"1.Bikash Thakuria, 2.Sorforaj Laskar, 2.Samrat Adhikari.",Pharmacognosy Magazine,2020,16,68
PHARMACEUTICO-ANALYTICAL STUDY OF SHODHITA MALLA PREPARED BY TWO DIFFERENT METHODS AND THEIR COMPARATIVE ANTIBACTERIAL ACTIVITY,,,,,
PHARMACEUTICAL STUDY OF APAMARGA KSHAR TO ENHANCE THE YIELD BY MODIFIED METHOD.,,,,,
COMPUTER-AIDED BOX-BEHNKEN OUTLOOK TOWARDS OPTIMIZATION OF EXTRACTION OF LAWSONE FROM MEHENDI LEAVES.,,,,,
SECONDARY METABOLITES AND PESTICIDE SCREENING IN ORGANIC AND INORGANIC TOMATOES BY GAS CHROMATOGRAPHY-MASS SPECTROMETRY AND LIQUID CHROMATOGRAPHY/TANDEM MASS SPECTROMETRY.,,,,,
PHYTOCHEMICAL EVALUATION AND ANTIOXIDANT SCREENING STUDIES OF OCIMUM TENUIFLORUM LINN SEEDS.,,,,,
PHARMACOGNOSTIC SCREENING STUDIES OF JUSTICIA GENDARUSSA BURM. LEAVES FOUND IN DEHRADUN DISTRICT OF UTTARAKHAND.,,,,,
QUANTITATIVE PHYTOCHEMICAL ANALYSIS AND ANTIOXIDANT ACTIVITIES OF SOME CITRUS FRUITS OF SOUTH INDIA.,,,,,
ISOLATION OF SOME POTENTIAL PHYTOCOMPOUNDS FROM ADHATODA VASICATHROUGH GAS CHROMATOGRAPHY-MASS SPECTROSCOPY ANALYSIS.,,,,,
PHARMACEUTICO- ANALYTICAL STUDY OF AGASTYAHARITAKIRASAYANA.,,,,,
COMPARATIVE ANALYTICAL EVALUATION OF AYURVEDA OIL PROCESSING METHOD ON SESAME AND MUSTARD OIL.,"1. Archana Lade, 2. Meena Deogade, 3. Dhirajsingh S Rajput, 4. Anita Wanjari.",Annals of Ayurvedic Medicine,2020,9,1
"FORMULATION AND EVALUATION OF LIPSTICK, ROUGE AND EYE SHADOW USING COLORED PIGMENT FROM THE EXTRACT OF PIPER BETEL AND ACACIA CATECHU.",,,,,
"A COMPARATIVE PHARMACEUTICO-ANALYTICAL STUDY OF SHANKHA, SHUKTI AND KAPARDIKABHASMA PREPARED BY CLASSICAL AND CONTEMPORARY METHODS.",,,,,
PROPERTIES OF A THIAMINE BINDING PROTEIN PURIFIED FROM MUNG BEAN.,,,,,
STUDY OF QUALITY MEDICINAL PLANTS BARK WALNUTS AND EXTRACT FROM IT.,,,,,
PHENOLIC COMPOUNDS FROM CAESALPINIA SAPPAN.,,,,,
HIGH-PERFORMANCE THIN-LAYER CHROMATOGRAPHY ANALYSIS OF GALLIC ACID AND OTHER PHYTOCONSTITUENTS OF METHANOLIC EXTRACTS OF MYRICA NAGI FRUIT.,,,,,
"DEVELOPMENT AND VALIDATION OF VERATRIC ACID IN TABEBUIA AVELLANEDAE USING LIQUID CHROMATOGRAPHY-ELECTROSPRAY IONIZATION-MASS SPECTROMETRY/MASS SPECTROMETRY-MULTIPLE REACTION MONITORING-BASED ASSAY COUPLED WITH 1,1-DIPHENYL-2-PICRYLHYDRAZYL METHOD.",,,,,
DETERMINATION OF FREE AND BOUND AMINO ACIDS IN PLANT RAW MATERIALS OF ZEA MAYS L. BY THE METHOD OF HIGH-PERFORMANCE LIQUID CHROMATOGRAPHY.,,,,,
IN-SILICO STUDIES OF HMG-CO A REDUCTASE INHIBITORS PRESENT IN FRUITS OF WITHANIA COAGULANS DUNAL (SOLANACEAE).,,,,,
FORMULATION OF POLYHERBOMINERAL MATRICES FOR TREATMENT OF OSTEOPOROSIS.,"Shende Mulchand, Mendhekar Seema.",Asian Journal of Pharmaceutical and Clinical Research,2018,11,1
PREPARATION OF VALUE ADDED FORMULATION OF VATAPALLAVA MALATHYADI LEPA.,,,,,
A PHARMACEUTICO-ANALYTICAL STANDARDIZATION OF DURJALAJETA RASA PREPARED BY CLASSICAL METHOD.,,,,,
ANALYTICAL STUDY ON HARITKYADI LEPA (VIDALAKA) AND BILWADI KWATH (SEKA KARMA): AYURVEDIC FORMULATIONS.,,,,,
PHYTO-PHARMACOGNOSTICAL STUDY OF ASTHI SHRINKHALA (CISSUS QUADRANGULARIS LINN.).,,,,,
PHARMACOGNOSTICAL AND ANALYTICAL STUDY OF ARKAMALAHARA.,,,,,
PREPARATION AND STANDARDIZATION OF SATPALA GHRTA WITH ITS IMPORTANCE IN THE MANAGEMENT OF RAJAYAKSMA (TUBERCULOSIS).,,,,,
BIOPROSPECTING MEDICINAL PLANTS FOR THE ISOLATION AND SCREENING OF LOVASTATIN PRODUCING ENDOPHYTIC FUNGI.,,,,,
DEVELOPMENT AND ANALYTICAL STUDY OF AYURVEDIC COOKIES.,,,,,
MOLECULAR DOCKING AND DESIGN STUDY FOR ANTICANCER ACTIVITY OF FLAVONOID DERIVATIVES AGAINST BREAST CANCER.,,,,,
EXTRACTION OPTIMIZATION OF THREE INDEPENDENT VARIABLES OF ANTIOXIDANTS FROM BASIL LEAVES USING RESPONSE SURFACE METHODOLOGY.,1. Alnasser Sulaiman M.,Indian Drugs,2020,57,4
PREPARATION OF POLYHERBAL DISPERSIBLE TABLET AND EVALUATION BY RP-HPLC.,,,,,
DEVELOPMENT AND VALIDATION OF CHEMOMETRIC-ASSISTED UV-SPECTROPHOTOMETRIC METHOD FOR EPIGALLOCATECHIN GALLATE AND CURCUMIN IN TABLET FORMULATION.,,,,,
PHYTOCHEMICAL ANALYSIS OF PATHYASHADANGAM KWATH AND ITS STANDARDIZATION BY HPLC AND HPTLC.,,,,,
CHEMOMETRIC ANALYSIS OF ARBUTIN DERIVATIVES FROM PAEDERIA FOETIDA AND VITIS VINIFERA WITH FOURIER TRANSFORM INFRARED (FTIR).,,,,,
PHARMACOGNOSTIC STUDIES ON METHANOLIC EXTRACT OF LEAVES OF VITEX NEGUNDO LINN.,,,,,
"IDENTIFICATION OF ACTIVE COMPOUNDS IN ETHYL ACETATE, CHLOROFORM, AND N-HEXANE EXTRACTS FROM PEELS OF CITRUS AURANTIFOLIA FROM MARIBAYA, WEST JAVA, INDONESIA.",,,,,
ASSESSMENT OF PHYLOGENETIC RELATIONSHIP AMONG TWENTY CURCUMA SPECIES IN THAILAND USING AMPLIFIED FRAGMENT LENGTH POLYMORPHISM MARKER.,,,,,
DEVELOPMENT AND STANDARDIZATION OF NARAYANA CHURNA-A POLYHERBAL AYURVEDIC FORMULATION.,,,,,
"EVALUATION OF THE PROCUREMENT TIME OF KALMEGH ANDROGRAPHIS PANICULATA (BURM.F.) NEES, THROUGH HPLC, MACRO- AND MICROSCOPIC STUDIES.",,,,,
PHYTOCHEMICAL SCREENING AND HIGH PERFORMANCE THIN LAYER CHROMATOGRAPHY FINGERPRINTING PROFILES OF SHIGRU (MORINGA OLEIFERA LAM.) LEAVES FROM TANZANIA AND INDIA.,"1. Manosi Das, 2. AchintyaMitra, 3. AvijitBanerji, 4.Swaswati Roy, 5.JayramHazra.",Journal of Drug Research in Ayurvedic Sciences,2019,4,2
DEVELOPMENT OF A NOVEL POLYHERBAL FORMULATION FOR AUGMENTING MILK PRODUCTION IN HEALTHY DAIRY COWS.,,,,,
"EVALUATION OF CPDNA BARCODES IN SELECTED MEDICINAL PLANTS OF MT. ARAYAT NATIONAL PARK, PAMPANGA, THE PHILIPPINES.",,,,,
OPTIMIZATION OF UREA-GLYCERIN BASED NADES-UAE FOR OXYRESVERATROL EXTRACTION FROM MORUS ALBA ROOTS FOR PREPARATION OF SKIN WHITENING LOTION.,,,,,
IDENTIFICATION AND VALIDATION OF DIFFERENT TYPES OF FRUIT OF HARITAKI (TERMINALIA CHEBULA RETZ.) IN NORTH-WESTERN GHATS OF NORTH KARNATAKA WITH SPECIAL REFERENCE TO HPTLC.,,,,,
PHARMACOGNOSTIC EVALUATION OF BITTER MELON FROM BRAZILIAN NORTHEAST (MOMORDICA CHARANTIA L.): IDENTIFICATION OF MOMORDICIN II.,,,,,
EFFECT OF SOLVENT ON THE PHYTOCHEMICAL EXTRACTION AND GC-MS ANALYSIS OF GYMNEMA SYLVESTRE.,,,,,
"COMPARATIVE STUDY ON PHARMACOGNOSTICAL, PHYTOCHEMICAL INVESTIGATIONS AND QUANTIFICATION OF VASICINE CONTENT IN THE EXTRACTS OF ADHATODA VASICA NEES AND ADHATODA BEDDOMEI CB CLARKE.",,,,,
"SIMULTANEOUS QUANTIFICATION OF LUPEOL, STIGMASTEROL AND B- SITOSTEROL IN EXTRACTS OF ADHATODA VASICA NEES LEAVES AND ITS MARKETED FORMULATIONS BY A VALIDATED RP-HPLC METHOD.",,,,,
THE DEVELOPMENT OF PHYLLANTHUS EMBLICA EXTRACT IN ETHOSOMES FOR HAIR LOSS PREVENTION.,,,,,
UV-VIS SPECTROSCOPY TO ENABLE DETERMINATION OF THE DISSOLUTION BEHAVIOR OF SOLID DISPERSIONS CONTAINING CURCUMIN AND PIPERINE.,"1. YosiBayu Murti, 2. Yustina Sri Hartini, 3. WouterLeonardus Joseph Hinrichs, 3. Henderik Willem Frijlink, 2. DewiSetyaningsih.",Journal of Young Pharmacists,2019,11,1
2D AND 3D QSAR STUDIES OF SAPONIN ANALOGUES AS ANTIFUNGAL AGENTS AGAINST CANDIDA ALBICANS.,,,,,
"PHARMACOGNOSTICAL, PHYSICOCHEMICAL AND PHYTOCHEMICAL EVALUATION OF STROBILANTHES KUNTHIANUS (ACANTHACEAE).",,,,,
MOLECULAR MECHANISM OF CAPSAICIN FROM (CAPSICUM ANNUUM L.) ON EXPRESSION OF MAPK1 AND AKT1 PROTEIN AS CANDIDATE OF ANTICANCER DRUGS: IN SILICO STUDY.,,,,,
PHYTOCHEMICAL STUDIES AND HIGH-PERFORMANCE THIN-LAYER CHROMATOGRAPHY ANALYSIS OF CALAMUS ROTANG LINN LEAF EXTRACTS.,,,,,
PHARMACOGNOSTIC STANDARDIZATION OF STEMS OF VANDA ROXBURGHII ROXB.,,,,,
HIGH-PERFORMANCE THIN-LAYER CHROMATOGRAPHY FINGERPRINT PROFILE OF BAUHINIA TOMENTOSA LINN. LEAVES.,,,,,
ANALYTICAL CHARACTERIZATION OF SWARNAMRITHAPRASHANA.,,,,,
ISOLATION AND PURIFICATION OF BIOACTIVE COMPOUNDS FROM THE MEDICINAL FERN ADIANTUM LATIFOLIUM LAM.,,,,,
DETERMINATION OF VOLATILE BIOACTIVE COMPOUNDS FROM EXTRACTS OF BAEL (AEGLE MARMELOS) PLANT PARTS AND THEIR COMPARATIVE ANALYSIS.,,,,,
ISOLATION AND IDENTIFICATION OF ANTIMICROBIAL PROTEINS FROM THE LEAVES OF VALERIANA HARDWICKII AND SENNA OBTUSIFOLIA.,"Madhuri Harsha N, Piyushika Dulloo, Rupachandra S, Jagadeeshwari S, Joann Davina M, Porkodi S.",Asian Journal of Pharmaceutical and Clinical Research,2018,11,3
MOLECULAR DOCKING STUDIES OF NATURAL COMPOUNDS OF NARINGIN ON ENZYMES INVOLVED IN THE UREA CYCLE PATHWAY IN HYPERAMMONEMIA.,,,,,
IMPACT OF PARTICLE SIZE OF KWATHYADRAVYA (DECOCTION POWDER) IN THE PREPARATION OF PHALTRIKADI KWATH.,,,,,
A PILOT STUDY ON SUN PROTECTION FACTOR OF PLANT EXTRACTS: AN OBSERVATIONAL STUDY.,,,,,
SHELF LIFE EVALUATION OF SHIRISHAVALEHA AND ITS GRANULES: A PRELIMINARY STUDY.,,,,,
VASA (JUSTICIA ADHATODA L.) LEAVES BEST PROCUREMENT TIME WITH SPECIAL REFERENCE TO ASSAY OF VASICINE THROUGH HPLC AND ITS COMPARATIVE PHARMACOGNOSY.,,,,,
DEVELOPMENT AND STANDARDIZATION OF CHATURBHADRA KVATH CHURNA: AN AYURVEDIC FORMULATION.,,,,,
ORGANOLEPTIC STUDY OF SARIVA AND ITS MARKET SAMPLES.,,,,,
PHARMACOGNOSTIC AND PHYTOCHEMICAL EVALUATION OF THE BARK OF GREWIA TILIIFOLIA VAHL.,,,,,
IDENTIFICATION OF THE CHEMICAL COMPOUND OF ESSENTIAL OIL FROM KETUMBAR (CORIANDRUM SATIVUM L.) LEAVES WITH GC-MS.,,,,,
PHARMACOGNOSTIC PROFILE OF AGERATUM CONYZOIDES L PLANT AND SIMPLICIA.,"Warsinah, Hanif Nasiatul Baroroh.",Pharmacognosy Journal,2020,12,5
A DISCOURSE ON LOHA MARANA AND LOHABHASMA GUNA-DHARMA.,,,,,
MARKER PARAMETERS FOR PHARMACOGNOSTICAL EVALUATION OF CONTROVERSIAL PLANTS VIS-A-VIS MOORVA.,,,,,
PHARMACOGNOSTICAL AND PHYSICO-CHEMICAL SCREENING OF EUPHORBIA TIRUCALLI STEM-BARK.,,,,,
ASSESSMENT OF PHYTOCONSTITUENTS OF MEDICINAL IMPORTANCE FROM MILLETTIA PEGUENSIS ALI (SYN. MILLETTIA OVALIFOLIA KURZ).,,,,,
SWARNA MAKSHIKA BHASMA PREPARATION USING AN ALTERNATIVE HEATING METHOD TO TRADITIONAL VARAHA PUTA.,,,,,
SHELF LIFE EVALUATION OF LAGHU SUTASHEKHARA RASA - A PRELIMINARY ASSESSMENT.,,,,,
REINVENTING NANO DRUG DELIVERY SYSTEMS FOR HYDROPHILIC ACTIVE INGREDIENTS IN AYURVEDIC LIPID BASED FORMULATIONS CONTAINING POLY HERBAL DECOCTION.,,,,,
PHYSICO-CHEMICAL CHARACTERIZATION OF TRADITIONALLY PREPARED YASHADA BHASMA.,,,,,
SYNTHESIS AND CHARACTERIZATION OF ABHRAKA (MICA) BHASMA BY TWO DIFFERENT METHODS.,,,,,
STUDIES ON ASHWAGANDHA GHRITA WITH REFERENCE TO MURCCHANA PROCESS AND STORAGE CONDITIONS.,"1. Nilambari S.Gurav, 2. Shailendra S.Gurav, 3. Satish N.Sakharwade.",Journal of Ayurveda and Integrative Medicine,2020,11,3
PREPARATION AND PHYSICOCHEMICAL CHARACTERIZATION OF GHEE AND MURCCHITA GHRTA.,,,,,
BHALLATAKADI GHRITA: DEVELOPMENT AND EVALUATION WITH REFERENCE TO MURCCHANA AND SHATA-DHAUTA PROCESS.,,,,,
RP-HPLC ANALYSIS OF METHANOL EXTRACT OF VISCUM ARTICULATUM.,,,,,
DETERMINATION OF CUCURBITACIN E IN SOME SELECTED HERBS OF AYURVEDIC IMPORTANCE THROUGH RP-HPLC.,,,,,
SPECTROSCOPIC ANALYSIS OF THERMODYNAMIC CHANGES IN SHATAPUTI ABHRAK BHASMA AT VARIOUS STAGES OF ITS PREPARATION.,,,,,
EVALUATION OF QUALITY CHARACTERISTICS OF RASA-SINDOOR: AN AYURVEDIC CLASSICAL RASA-AUSHADHI.,,,,,
PHARMACEUTICO-ANALYTICAL EVALUATION OF BRAHMA RASAYANA - A POLYHERBAL AYURVEDIC FORMULATION.,,,,,
IN-SILICO STRATEGIES OF SOME SELECTED PHYTOCONSTITUENTS FROM ZINGIBER OFFICINALE AS SARS COV-2 MAIN PROTEASE (COVID-19) INHIBITORS.,,,,,
MOLECULAR DOCKING STUDIES OF CURCUMA LONGA AND ALOE VERA FOR THEIR POTENTIAL ANTICANCER EFFECTS.,,,,,
ULTRAVIOLET SPECTRUM OF EXTRACT OF CENTELLA ASIATICA (VALLARAI) IN EDIBLE OIL AS SUPPLEMENT.,Soundra Pandian G.,Asian Journal of Pharmaceutical and Clinical Research,2018,11,4
COMPARATIVE PHYTO-PHARMACOGNOSTIC EVALUATION OF JAMBU (EUGENIA JAMBOLANA LAM.) AND KSHUDRAJAMBU (SYZYGIUM CARYOPHYLLATUM (L.) ALSTON.).,,,,,
TRANSFORMATION OF COPPER INTO THERAPEUTIC MINERAL COMPLEX FOLLOWING PRINCIPLES OF RASA SHASTRA.,,,,,
COMPARATIVE STUDY OF DIFFERENT ANAND-BHAIRAV RASA AND ITS STANDARIZATION (W.S.R. TO BHAISHAJYA RATNAVALI).,,,,,
FAST HPLC-DAD METHOD FOR ESTIMATION OF CATECHIN FOR STANDARDIZATION OF EXTRACTS AND ANTIASTHMATIC POLYHERBAL FORMULATIONS CONTAINING ALBIZIA LEBBECK.,,,,,
"EXTRACTION, IDENTIFICATION AND SCREENING OF BRASSICA OLERACEA VAR. ITALICA PLENCK (BROCCOLI) FLORET TO BE AN ALTERNATIVE FOR NANOPARTICLE FORMULATIONS.",,,,,
MIMOSA PUDICA MODULATES NEUROACTIVE LIGAND- RECEPTOR INTERACTION IN PARKINSONS DISEASE.,,,,,
HPTLC DENSITOMETRIC QUANTIFICATION OF KAEMPFEROL FROM LEAVES OF EUPHORBIA NERIIFOLIA.,,,,,
"A VALIDATED STABILITY-INDICATING RP-HPLC METHOD FOR PIPERINE ESTIMATION IN BLACK PEPPER, MARKETED FORMULATION AND NANOPARTICLES.",,,,,
SIMULTANEOUS QUANTIFICATION OF QUERCETIN AND SYRINGIC ACID IN METHANOLIC EXTRACT OF LEUCAS LAVANDULIFOLIA BY USING VALIDATED HPTLCDENSITOMETRIC METHOD.,,,,,
METHOD DEVELOPMENT AND VALIDATION OF EPHEDRINE AND PSEUDOEPHEDRINE IN HORSE URINE BY LIQUID CHROMATOGRAPHY-TANDEM MASS SPECTROMETRY.,"1. Ashok Kumar Maurya, 1. Puran Lal Sahu, 1. Sakshi Jethi, 2. Himank Gosain, 1. Kapendra Sahu.",Indian Journal of Pharmaceutical Education and Research,2020,54,3s
MICROSCOPIC INVESTIGATIONS AND PHARMACOGNOSY OF STRIGA OROBANCHIOIDES BENTH.,,,,,
CYTOTOXIC ISOPRENOIDS FROM XANTHIUM STRUMARIUM LINN.,,,,,
EFFECT OF SEASONAL VARIATION ON EUPHADIENOL CONTENT IN EUPHORBIA ANTIQUORUM L. AND EUPHORBIA TIRUCALLI L. USING HIGH-PERFORMANCE THIN-LAYER CHROMATOGRAPHY METHOD.,,,,,
"NATURAL PHYTO, COMPOUNDS AS POSSIBLE NONCOVALENT INHIBITORS AGAINST SARS-COV2 PROTEASE: COMPUTATIONAL APPROACH.",,,,,
"TARGETING COVID-19 (SARS-COV-2) MAIN PROTEASE THROUGH ACTIVE PHYTOCHEMICALS OF AYURVEDIC MEDICINAL PLANTS - WITHANIA SOMNIFERA (ASHWAGANDHA), TINOSPORA CORDIFOLIA (GILOY) AND OCIMUM SANCTUM (TULSI) - A MOLECULAR DOCKING STUDY.",,,,,
DEPICTING THE INHIBITORY POTENTIAL OF POLYPHENOLS FROM ISATIS INDIGOTICA ROOT AGAINST THE MAIN PROTEASE OF SARS COV-2 USING COMPUTATIONAL APPROACHES.,,,,,
BIFLAVONOIDS FROM RHUS SUCCEDANEA AS PROBABLE NATURAL INHIBITORS AGAINST SARS-COV-2: A MOLECULAR DOCKING AND MOLECULAR DYNAMICS APPROACH.,,,,,
EFFECT OF MEDICINAL HERB EXTRACTS TREATED GARMENTS ON SELECTED DISEASES.,,,,,
SCIENTIFIC EVALUATION OF PANCHKOLA CURNA - AN AYURVEDIC POLYHERBAL DRUG FORMULATION.,,,,,
PHARMACOGNOSY OF ACONITE SOLD UNDER THE NAME VATSANABHA IN INDIAN MARKET.,"1. P K Sarkar, 2. P K Prajapati, 2. A P G Pillai, 2. M G Chauhan.",Indian Journal of Traditional Knowledge,2012,11,4
EVALUATION OF AYURVEDIC COMPOUND FORMULATIONS 4- MUSLI CURNA.,,,,,
IN-HOUSE PREPARATION AND CHARACTERIZATION OF AN AYURVEDIC BHASMA: PRAVAL BHASMA.,,,,,
BIOGENIC SYNTHESIS OF AGNPS EMPLOYING TERMINALIA ARJUNA LEAF EXTRACT AND ITS EFFICACY TOWARDS CATALYTIC DEGRADATION OF ORGANIC DYES.,,,,,
LEVODOPA IN MUCUNA PRURIENS AND ITS DEGRADATION.,,,,,
POPULATION AUTHENTICATION OF THE TRADITIONAL MEDICINAL PLANT CASSIA TORA L. BASED ON ISSR MARKERS AND FTIR ANALYSIS.,,,,,
INSIGHTS ABOUT MULTI-TARGETING AND SYNERGISTIC NEUROMODULATORS IN AYURVEDIC HERBS AGAINST EPILEPSY: INTEGRATED COMPUTATIONAL STUDIES ON DRUG-TARGET AND PROTEIN-PROTEIN INTERACTION NETWORKS.,,,,,
INTERACTIONS OF A MEDICINAL CLIMBER TINOSPORA CORDIFOLIA WITH SUPPORTIVE INTERSPECIFIC PLANTS TRIGGER THE MODULATION IN ITS SECONDARY METABOLIC PROFILES.,,,,,
PURIFICATION AND CHARACTERIZATION OF A NONSPECIFIC LIPID TRANSFER PROTEIN 1 (NSLTP1) FROM AJWAIN (TRACHYSPERMUM AMMI) SEEDS.,,,,,
A NOVEL NUCLEIC ACID EXTRACTION METHOD FROM AROMATIC HERBS AND DRIED HERBAL POWDERS USING COW SKIM MILK.,,,,,
STRUCTURAL CHARACTERIZATION AND IN-SILICO ANALYSIS OF MOMORDICA CHARANTIA 7S GLOBULIN FOR STABILITY AND ACE INHIBITION.,"1,3. Pooja Kesari, 1,3. Shivendra Pratap, 1,3. Poonam Dhankhar, 1. Vikram Dalal, 2. Manisha Mishra, 2. Pradyumna Kumar Singh, 1. Harsh Chauhan, 1. Pravindra Kumar.",Scientific Reports,2020,10,-
DETECTION OF PHYTOCHEMICAL CONSTITUENT IN FLOWERS OF VIOLA ODORATA BY GAS CHROMATOGRAPHY-MASS SPECTROMETRY.,,,,,
GAS CHROMATOGRAPHY-MASS SPECTROSCOPY STUDIES ON ETHANOLIC EXTRACT OF DRIED LEAVES OF CATHARANTHUS ROSEUS.,,,,,
PRELIMINARY PHARMACOGNOSTIC AND PHYTOCHEMICAL ANALYSIS OF LAKSMANA (IPOMOEA SEPIARIA KOENIG EX ROXB.),,,,,
INVESTIGATION OF EFFECT OF PHYTOCONSTITUENTS ALOE EMODIN AND QUERCETIN ON BIOAVAILABILITY OF ALBENDAZOLE.,,,,,
STANDARDIZATION OF TRIGONELLA FOENUM-GRAECUM L. SEEDS: A QUALITY BY DESIGN APPROACH.,,,,,
HPTLC FINGERPRINTING: A TOOL FOR SIMPLIFIED ANALYSIS OF PHENOLICS IN MEDICINAL PLANTS.,,,,,
DEVELOPMENT OF HPTLC METHOD FOR ESTIMATION OF GALLIC ACID AND BERGENIN IN ACTAEA ACUMINATA ROOTS.,,,,,
RP-HPLC AND HPTLC METHODS FOR THE ESTIMATION OF LUPEOL IN. HEMIDESMUS INDICUS LINN. ROOT EXTRACTS AND POLYHERBAL FORMULATION USING STANDARD MA.,,,,,
SPECTROPHOTOMETRIC AND HPTLC STUDIES ON SELECTED INDIAN SPICE EXTRACTS.,,,,,
PHARMACOGNOSTIC STUDIES ON NEURACANTHUS SPHAEROSTACHYUS DALZ. (ACANTHACEAE) LEAVES.,"1. D.K. Dangar, 2. N.J. Patel.",Journal of Ayurveda and Integrative Medicine,2020,11,4
PHARMACOGNOSTIC AND PRELIMINARY PHYTOCHEMICAL SCREENING OF TRACHYSPERMUM KHASIANUM H. WOLFF.,,,,,
QUALITY CONTROL STANDARDIZATION OF THE RHIZOME OF CURCUMA YUNNANENSIS: A COMPREHENSIVE STANDARDIZATION PROCESS.,,,,,
"COMPARATIVE MORPHO-MICROMETRIC ANALYSIS OF SOME BAUHINIA SPECIES (LEGUMINOSAE) FROM EAST COAST REGION OF ODISHA, INDIA.",,,,,
PRELIMINARY SCREENING OF PHYTOCHEMICALS AND ANTIPROLIFERATIVE AND ANTI-INFLAMMATORY PROPERTIES OF THESPESIA POPULNEA (L.) SOLAND LEAF EXTRACTS.,,,,,
THE TOTAL POLYPHENOLIC CONTENT AND ANTIOXIDANT PROPERTIES OF VARIOUS HONEY AND SUGARS.,,,,,
LACTOBACILLUS PARACASEI HII01 MEDIATED FERMENTATION OF SYZYGIUM CUMINI L. FRUITS: ASSESSMENT OF CHANGES IN PHENOLIC CONTENT AND ANTIOXIDANT CAPACITY.,,,,,
EVALUATION OF MEDICINAL HERBS AS A POTENTIAL THERAPEUTIC OPTION AGAINST SARS-COV-2 TARGETING ITS MAIN PROTEASE.,,,,,
THE NATURAL WAY FORWARD: MOLECULAR DYNAMICS SIMULATION ANALYSIS OF PHYTOCHEMICALS FROM INDIAN MEDICINAL PLANTS AS POTENTIAL INHIBITORS OF SARS-COV-2 TARGETS.,,,,,
MOLECULAR DOCKING STUDIES OF RICINUS COMMUNIS PHYTOCHEMICALS AGAINST BETA-LACTAMASE FROM ENTEROCOCCUS FAECALIS AND STAPHYLOCOCCUS AUREUS.,,,,,
ANTIFUNGAL PROPERTIES OF SECONDARY METABOLITES OF AZADIRACHTA INDICA AND LAWSONIA INERMIS - AN IN SILICO STUDY.,"1. Simhadri Vsdna Nagesh, 2. Muniappan M, 3. Kannan I, 4. Viswanathan S.",Asian Journal of Pharmaceutical and Clinical Research,2018,11,7
AN ATTEMPT TO STANDARDIZE SWARNA MAKSHIKA - A MINERAL DRUG OF AYURVEDA.,,,,,
A SYSTEMATIC COMPARATIVE QUALITY ASSESSMENT AND STANDARDIZATION OF DASHAN SANSKAR CHURNA: AN AYURVEDIC FORMULATION.,,,,,
A HPTLC STUDY OF VATSANABHA AND SWASANANDAM GUTIKA TO EVALUATE THE ACONITINE CONTENT.,,,,,
"EXPLORATION, CONSERVATION, AND CULTIVATION OF STEPHANIA JAPONICA (THUNB.) MIERS.",,,,,
AN ASSAY ON THE POSSIBLE EFFECT OF ESSENTIAL OIL CONSTITUENTS ON RECEPTORS INVOLVED IN WOMENS HORMONAL HEALTH AND REPRODUCTIVE SYSTEM DISEASES.,,,,,
PHARMACEUTICAL AND ANALYTICAL STUDY OF MEHAKULANTHAKA RASA.,,,,,
PHARMACEUTICAL STANDARDIZATION OF MANJISHTHADI TAILAM.,,,,,
DEVELOPMENT OF MULTITIER IDENTIFICATION TOOLS FOR CERTAIN DRUGS.,,,,,
PHYTOCONSTITUENTS AND PROXIMATE COMPOSITION OF CLERODENDRUM COLEBROOKIANUM WALP.: A WIDELY USED ANTI HIGH BLOOD PRESSURE MEDICINAL FOOD PLANT IN EASTERN HIMALAYAS.,,,,,
"PHYSICOCHEMICAL, PHYTOCHEMICAL, HEAVY METAL AND MICROBIOLOGICAL ANALYSIS OF MORINGA OLEIFERA LAM. LEAVES.","1. Emelia Oppong Bekoe, 2. Yakubu Jibira, 1. Gladys Amponsah Agyei.",Pharmacognosy Journal,2020,12,6s
BOTANICAL PHARMACOGNOSY OF BACOPA MONNIERI (LINN.) PENNELL.,,,,,
ISOLATION AND STRUCTURAL CHARACTERIZATION OF PHYTOCONSTITUENTS FROM STROBILANTHES KUNTHIANUS.,,,,,
"IDENTIFICATION AND CHARACTERIZATION OF ROSELTIDE, A KNOTTIN-TYPE NEUTROPHIL ELASTASE INHIBITOR DERIVED FROM HIBISCUS SABDARIFFA.",,,,,
METABOLITE PROFILING OF ANDROGRAPHIS PANICULATA (BURM. F.) NEES. YOUNG AND MATURE LEAVES AT DIFFERENT HARVEST AGES USING 1H NMR-BASED METABOLOMICS APPROACH.,,,,,
"CYP3A4 MEDIATED PHARMACOKINETICS DRUG INTERACTION POTENTIAL OF MAHA-YOGARAJ GUGGLU AND E, Z GUGGULSTERONE.",,,,,
THERMOGRAVIMETRIC STUDIES OF NASAL GEL WITH DRY EXTRACT OF LICORICE ROOT AND ESSENTIAL OILS.,,,,,
ARTEMISININ CONTENT ON ARTEMISIA ANNUA L. TREATED BY GLORIOSA SUPERBA SEEDS WATER EXTRACT,,,,,
"PREPARATION, EVALUATION, AND CLINICAL APPLICATION OF SAFFLOWER CREAM AS TOPICAL NUTRITIVE AGENT.",,,,,
RESEARCH OF PHENOLIC COMPOUNDS OF RUTA GRAVEOLENS L. ANDSTELLARIA MEDIA (L.) VILL.,,,,,
PHYTOCHEMICAL ANALYSIS OF PORTULACA OLERACEA AND PORTULACA QUADRIFIDA EXTRACTS USING GAS CHROMATOGRAPHY-MASS SPECTROMETRY.,"1. Trupti P Durgawale, 1. Chitra C Khanwelkar, 2. Pratik P Durgawale.",Asian Journal of Pharmaceutical and Clinical Research,2018,11,9
SCREENING OF HERBAL MEDICINES FOR POTENTIAL ALLOPATHIC ANTIDIABETIC ADULTERANTS: AN ANALYTICAL STUDY.,,,,,
FORMULATION AND STANDARDIZATION OF TRIVRUTADI GUTIKA - AN AYURVEDIC FORMULATION.,,,,,
COMPARATIVE ANALYTICAL STUDY ON EFFECT OF BHAVANA ON KARAVELLAKA CHURNA (MOMORDICA CHARANTIA LINN.) AND BHAVITA KARAVELLAKA CHURNA.,,,,,
A COMPARATIVE STUDY ON SANDHANA PRADESHA (FERMENTATIVE AREA) WITH SPECIAL REFERENCE TO KUTAJARISHTA.,,,,,
PHARMACOGNOSTICAL STUDY AND RANDOM AMPLIFIED POLYMORPHIC DNA ANALYSIS OF DENDROBIUM MACRAEI LINDL-A SOURCE PLANT OF JIVANTI.,,,,,
IN SILICO SCREENING OF POTENTIAL ANTIDIABETIC PHYTOCHEMICALS FROM PHYLLANTHUS EMBLICA AGAINST THERAPEUTIC TARGETS OF TYPE 2 DIABETES.,,,,,
HISTORICAL CHEMICAL ANNOTATIONS OF CINCHONA BARK COLLECTIONS ARE COMPARABLE TO RESULTS FROM CURRENT DAY HIGH-PRESSURE LIQUID CHROMATOGRAPHY TECHNOLOGIES.,,,,,
PHARMACOGNOSTIC STUDIES ON THE LEAVES OF ANNONA MURICATA LINN.,,,,,
VALIDATED RP-HPLC METHOD FOR THE SIMULTANEOUS DETERMINATION OF GLUCOSAMINE SULPHATE AND CURCUMIN IN CREAM FORMULATION: A NOVEL STABILITY-INDICATING STUDY.,,,,,
REPURPOSING OF FDA APPROVED ALKALOIDS AS COVID 19 INHIBITORS; IN SILICO STUDIES.,"1. Ehab M. Mostafa, 2. Mohammed Gamal, 3. Mohammed M. Ghoneim, 4. Shaimaa Hussein, 5. Ahmed H. El-Ghorab, 2. Mohamed A. Abdelgawad, 1. Arafa Musa.",Pharmacognosy Journal,2021,13,1
DEVELOPMENT OF DRYING PROTOCOL FOR WITHANIA SOMNIFERA ROOTS.,,,,,
DETERMINATION OF PHYTOCOMPONENTS IN ETHANOL EXTRACT OF BRASSICA OLERACEA - USING GAS CHROMATOGRAPHY-MASS SPECTROSCOPY TECHNIQUE.,,,,,
"QUALITATIVE ANALYSIS OF INORGANIC ACID, BASIC RADICALS, AND ESTIMATION OF BIOMOLECULES IN THE FLOWER EXTRACT OF BUTEA SUPERBA ROXB.",,,,,
EVALUATION OF MUSA ACUMINATA FRUIT AS A NATURAL SUPERDISINTEGRANT FOR TABLET FORMULATION.,,,,,
ESTIMATION OF GUGGULSTERONE-Z IN GOKSHURADI GUGGULU USING REVERSED-PHASE HIGH-PERFORMANCE LIQUID CHROMATOGRAPHY.,,,,,
ANTIOXIDANT STUDIES OF ONE AYURVEDIC MEDICINE ASWAGANDHARISHTAM.,,,,,
PHARMACEUTICAL EVALUATION OF VIDANGADI LEPAGUTI AN AYURVEDIC TOPICAL FORMULATION.,,,,,
PHARMACEUTICO-ANALYTICAL STUDY OF VATAVIDHVAMSANA RASA.,,,,,
ANATOMICAL STUDY OF SIX OCIMUM SPECIES: THE VALUABLE METHOD USED IN INDIAN SYSTEMS OF MEDICINES (ISM).,,,,,
GC-MS ANALYSIS AND PHYTOCHEMICAL SCREENING OF INDIGOFERA TINCTORIA (LINN.) LEAF EXTRACT CHARACTERIZING ITS MEDICINAL USE.,"1. Mishra DN, 2. Gomare KS, 2. Sheelwant SV.",International Journal of Ayurvedic Medicine,2020,11,2
PREPARATION OF KANTALAUHA BHASMA BY TWO DIFFERENT METHODS AND ITS SINDOORA NIRMANA: A COMPARATIVE PHARMACEUTICO-ANALYTICAL STUDY.,,,,,
GANDHAKA RASAYANA PREPARATION AND ANALYSIS OF PHYSICOCHEMICAL PROPERTIES.,,,,,
PHARMACEUTICAL STUDY OF VANGA BHASMA.,,,,,
PHARMACEUTICAL PREPARATION AND DETERMINATION OF QUALITY STANDARDS OF SARASWATARISHTA: A HERBO-MINERAL ALCOHOLIC FORMULATION.,,,,,
FORMULATION AND EVALUATION OF POLYHERBAL ANTI-ACNE GEL.,,,,,
PHARMACEUTICAL MODIFICATION OF KASISADI CHURNA TO VARTI AND ITS PHYSICOCHEMICAL ANALYSIS.,,,,,
UNDERSTANDING ANTI-OBESE POTENTIAL OF MADHUPAKA PREPARED WITH TRIPHALA RASA VS JALA THROUGH THEIR CHEMICAL CONSTITUENTS.,,,,,
"DEVELOPMENT AND VALIDATION OF A NOVEL RP-HPLC METHOD FOR THE SIMULTANEOUS QUANTIFICATION OF ASCORBIC ACID, GALLIC ACID, FERULIC ACID, PIPERINE, AND THYMOL IN A POLYHERBAL FORMULATION.",,,,,
MONOGRAPH ON QUALITY STANDARDS OF VISCUM ANGULATUM B. HEYNE EX DC.,,,,,
"RESPONSE SURFACE OPTIMIZATION OF FLAVONOIDS EXTRACTION, BETA CAROTENE BLEACHING AND LIPID-REDUCING CAPACITY OF NELUMBO NUCIFERA SEED KERNEL EXTRACTS.","1. Haq Nawaz, 1. Muhammad Aslam Shad, 1. Mohibullah Shah, 2. Adnan Amjad, 3. TanzilaRehman, 4. ArifMehmood, 1. DureShahwar, 4. SabihaTahirAbbasi.",Indian Journal of Pharmaceutical Education and Research,2021,55,1s
BIOGENIC SYNTHESIS OF SILVER NANOPARTICLES (AGNPS) USING SOLANUM INDICUM LINN.,,,,,
EXPLORATION OF ELEPHANT FOOT YAM (AMORPHOPHALLUS PAEONIIFOLIUS) STARCH: AN ALTERNATIVE NATURAL DISINTEGRANT FOR PHARMACEUTICAL APPLICATION.,,,,,
"SYNTHESIS, IDENTIFICATION AND IN-SILICO APPROACH FOR WOUND HEALING POTENTIAL IN GNAPHALIUM POLYCAULON EXTRACTS.",,,,,
COMPARATIVE PHYSICOCHEMICAL ANALYSIS OF WET AND DRY GUDUCHI (TINOSPORA CORDIFOLIA WILLD.) MIERS.,,,,,
PHARMACEUTICO-ANALYTICAL STUDY OF JATYADI GHRITA AND JATYADI KER TAILA WITH SPECIAL REFERENCE TO THEIR HPTLC FINGERPRINTS PROFILE.,,,,,
"PCR ASSAY BASED MOLECULAR CHARACTERIZATION OF JUSTICIA BETONICA LINN., THOTTEA SILIQUOSA LAM., MEMECYLON EDULE ROXB., PAJANELIA LONGIFOLIA (WILLD) K. SCHUM AND BAUHINIA ACCUMINATA LINN.",,,,,
QUALITATIVE ANALYSIS OF CARICA PAPAYA LEAVES TABLET FORMULATION AND STUDY OF FRAGMENTATION PATTERN OF RUTIN.,,,,,
INHIBITORY POTENTIAL OF DIETARY PHYTOCOMPOUNDS OF NIGELLA SATIVA AGAINST KEY TARGETS OF NOVEL CORONAVIRUS (COVID-19).,,,,,
IN SILICO MOLECULAR DOCKING STUDY OF CONSTITUENTS FROM APPLE AND PASSION FRUIT FOR THE TREATMENT OF INFLAMMATORY BOWEL DISORDER TARGETING INFLAMMATORY PATHWAY.,,,,,
COLOCASIA ESCULENTA STARCH: NOVEL ALTERNATIVE DISINTEGRANT FOR PHARMACEUTICAL APPLICATION.,"1. Ujjwala Y. Kandekar, 2. Mayuri H. Tapkir, 2. Priyanka H. Bhalerao, 2. Nikita B. Rukhe, 2. Shubhada K. Kad.",Indian Drugs,2021,58,2
"GC-MS PHYTOCHEMICAL PROFILING OF LEAF EXTRACTS OF ARISTOLOCHIA TAGALA CHAM., A RARE AND IMPORTANT ETHNOMEDICINAL PLANT.",,,,,
COLOUR BASED NUTRACEUTICAL POTENTIAL OF SOME TRADITIONAL RICE (ORYZA SATIVA L. SSP. INDICA) VARIETIES OF INDIA.,,,,,
A NETWORK-BASED ANALYSIS OF KEY PHARMACOLOGICAL PATHWAYS OF ANDROGRAPHIS PANICULATA ACTING ON ALZHEIMER'S DISEASE AND EXPERIMENTAL VALIDATION.,,,,,
IDENTIFYING POTENTIAL ACTIVE COMPONENTS OF WALNUT LEAF THAT ACTION DIABETES MELLITUS THROUGH INTEGRATION OF UHPLC-Q-ORBITRAP HRMS AND NETWORK PHARMACOLOGY ANALYSIS.,,,,,
NANOPARTICLES OF BIOTITE MICA AS KRISHNA VAJRA ABHRAKA BHASMA: SYNTHESIS AND CHARACTERIZATION.,,,,,
IN SILICO PHARMACOKINETIC AND TOXICOLOGICAL PROPERTIES PREDICTION OF BIOACTIVE COMPOUNDS FROM ANDROGRAPHIS PANICULATA.,,,,,
PHARMACOGNOSTIC STUDIES OF THE LEAVES OF HYPTIS SUAVEOLENS LINN. (LABIATAE) (POIT).,,,,,
"BIOACTIVITY-GUIDED ISOLATION, CHARACTERIZATION, AND ESTIMATION OF ESCULETIN - A POTENTIAL MARKER FROM LAUNAEA PINNATIFIDA CASS.",,,,,
ISOLATION OF NEW DITERPENE FROM METHANOLIC EXTRACT OF CAPSICUM ANNUUM LINN. FRUITS.,,,,,
FACTORIAL DESIGN-GUIDED OPTIMIZATION OF EXTRACTION OF THERAPEUTICALLY ACTIVE FURANOCOUMARIN KHELLIN FROM AMMI MAJUS L. FRUITS.,"1. Hina Kausar, 1. Lubna Abidin, 1. Mohd. Mujeeb, 2. Mohd. Aqil, 3. Ozair Alam.",Pharmacognosy Magazine,2020,16,72
IDENTIFICATION OF DIFFERENTIALLY EXPRESSED GENES AND BIOLOGICAL PATHWAYS IN SANGUINARINE-TREATED OVARIAN CANCER BY INTEGRATED BIOINFORMATICS ANALYSIS.,,,,,
"IDENTIFICATION AND CHARACTERIZATION OF COMPOUNDS FROM METHANOLIC EXTRACTS OF LAUNAEA PROCUMBENS BY GAS CHROMATOGRAPHY-MS, LIQUID CHROMATOGRAPHY-ELECTROSPRAY IONIZATION-MS/MS, AND ULTRA-PERFORMANCE LIQUID CHROMATOGRAPHY-ELECTROSPRAY IONIZATION-QUAD TIME OF FLIGHT/MS.",,,,,
"ISOLATION, METHOD DEVELOPMENT, AND VALIDATION OF DITERPENES IN COFFEE OIL: IDENTIFICATION BY MULTIPLE REACTION MONITORING APPROACH WITH ATMOSPHERIC PRESSURE CHEMICAL IONIZATION MODE.",,,,,
"ANALYSIS OF TRITERPENOIDS, CAROTENOIDS, AND PHENYLPROPANOIDS IN THE FLOWERS, LEAVES, ROOTS, AND STEMS OF WHITE BITTER MELON (CUCURBITACEAE, MOMORDICA CHARANTIA).",,,,,
MOLECULAR DOCKING STUDY ON COLUMBIN ISOLATED FROM TINOSPORA CORDIFOLIA AS A CHOLINESTERASE INHIBITOR.,,,,,
EVALUATION OF PLANT-DERIVED COMPOUNDS TO INHIBIT COVID-19 THROUGH IN SILICO STUDIES.,,,,,
IDENTIFICATION OF BIOACTIVE MOLECULE FROM WITHANIA SOMNIFERA (ASHWAGANDHA) AS SARS-COV-2 MAIN PROTEASE INHIBITOR.,,,,,
WITHANONE AND WITHAFERIN-A ARE PREDICTED TO INTERACT WITH TRANSMEMBRANE PROTEASE SERINE 2 (TMPRSS2) AND BLOCK ENTRY OF SARS-COV-2 INTO CELLS.,,,,,
SARS-COV-2 HOST ENTRY AND REPLICATION INHIBITORS FROM INDIAN GINSENG: AN IN-SILICO APPROACH.,"1. Rupesh V. Chikhale, 2. Shailendra S. Gurav , 3. Rajesh B. Patil, 4. Saurabh K. Sinha, 5. Satyendra K. Prasad, 6. Anshul Shakya, 7. Sushant K. Shrivastava, 8. Nilambari S. Gurav, 5. Rupali S. Prasad.",Journal of Biomolecular Structure and Dynamics,2020,-,-
A COMPENDIOUS REVIEW OF CHITRAKA HARITAKI AVALEHA - A POLYHERBAL AYURVEDA FORMULATION FOR BRONCHIAL ASTHMA,,,,,
A REVIEW OF THE PHARMACOLOGICAL AND NUTRACEUTICAL PROPERTIES OF CYNODON DACTYLON,,,,,
COMPARATIVE GC-MS PROFILE AND ANTIOXIDANT ACTIVITY OF ANNONA GLABRA AND ANNONA RETICULATA LEAF ESSENTIAL OIL FROM SOUTH INDIA.,,,,,
ETHNOMEDICINAL CLAIMS ON ANTIVENOM ACTIVITY OF CERTAIN FRUIT AND SEED DRUGS - A REVIEW,,,,,
PRELIMINARY PHYTO-CHEMICAL STUDY ON THE EXTRACT OF VATAPATRADI LEPA - A POLY HERBAL FORMULATION,,,,,
SHODHANA (PROCESSING) OF RAKTA-SNUHI (EUPHORBIA CADUCIFOLIA HAINES.) LATEX WITH CHINCHA-PATRA SWARASA (TAMARINDUS INDICA L. LEAF JUICE): A PHARMACEUTICAL ANALYSIS.,,,,,
STATISTICAL EVALUATION AND CHARACTERIZATION OF CARICA PAPAYA METABOLITES,,,,,
STOMATAL STUDIES OF SOME SPECIES IN THE FAMILY SOLANACEAE,,,,,
"TRADITIONAL USES, PHYTOCHEMISTRY AND PHARMACOLOGY OF CROTON BONPLANDIANUM - A REVIEW",,,,,
A REVIEW ON VANASURANA GHRTA IN THE MANAGEMENT OF ARSHAS,"1.Najiya A M, 2.Surej Subash, 3.Shyam Vinayan.",International Ayurvedic Medical Journal,2021,9,8
A PHARMACOGNOSTICAL AND PHARMACEUTICAL EVALUATION OF DHANYAMLA,,,,,
A REVIEW ON MECHANISTIC ASSESSMENT OF HEPATOTOXICITY AND MEDICINAL PLANTS WITH HEPATOPROTECTIVE POTENTIAL,,,,,
AILANTHUS EXCELSA ROXB (MAHA NEEM)- AN HOLISTIC INSIGHT OF THE MULTIPURPOSE TREE,,,,,
ANTI-BACTERIAL EVALUATION OF HERBS AND FORMULATIONS,,,,,
ANTI-FERTILITY EFFECTS OF SOME PLANTS USED BY THE STREET HERBAL VENDORS FOR BIRTH CONTROL,,,,,
ARTIFICIAL PRESERVATIVES AND THEIR HARMFUL EFFECTS: LOOKING TOWARD NATURE FOR SAFER ALTERNATIVES,,,,,
REVIEW ON HEPATOPROTECTIVE EFFECT OF BERBERIS ARISTATA DC.,,,,,
PHYTOCHEMICAL STUDIES ON CARICA PAPAYA LEAF JUICE,,,,,
CASSIA FISTULA LINN: A REVIEW OF PHYTOCHEMICAL AND PHARMACOLOGICAL STUDIES,,,,,
COCCINIA INDICA (KUNDRU) A MAGICAL HERB WITH ANTIDIABETIC POTENTIAL,"1.Thakur Shifali, 2.Kaurav Hemlata, 3.ChaudharyGitika.",International Journal of Ayurveda and Pharma Research,2021,9,5
CRITICAL REVIEW ON AGASTHYAHAREETAKI AVALEHA WITH SPECIAL REFERENCE TO SWASAHARA KARMA,,,,,
EXPERIMENTAL STUDY ON Ellertoniarheedii Wight. LEAF FOR ITS DERMAL TOXICITY,,,,,
ETHNO PHARMACOLOGICAL REVIEW OF NATIVE TRADITIONAL MEDICINAL PLANTS FOR BRAIN DISORDERS,,,,,
"EVALUATION OF FREE RADICAL SCAVENGING AND ANTI-LIPOXYGENASE ACTIVITY IN VARIOUS FRACTIONS OF AYURVEDIC POLYHERBAL DECOCTION, PUNARNAVADI KASHAYAM",,,,,
GLYCYRRHIZA GLABRA: A PHYTOPHARMACOLOGICAL REVIEW,,,,,
HOW EFFECTIVE IS CURCUMIN IN PREVENTION OF CANCER,,,,,
AN EXPERIMENTAL STUDY ON TWO SAMPLES OF KASIS GODANTI BHASMA PREPARED BY DIFFERENT METHODS W.S.R. TO ANEMIA,,,,,
DIFFERENT METHODS OF KSHARA KALPANA PREPARATION ADOPTED IN CLASSICAL TEXTS A REVIEW,,,,,
PHARMACOTHERAPEUTIC STUDY OF MAHARASONA WITH REFERENCE TO TAMAKA SHWASA,,,,,
MEDICINAL PROPERTIES OF RICINUS COMMUNIS: A REVIEW,"Hitendra Singh Chouhan, Gayatri Swarnakar, Babita Jogpal.",International Journal of Pharmaceutical Sciences and Research,2021,12,7
MICROMETRIC EVALUATION OF TWO BOTANICAL SOURCE PLANTS OF GUDUCHI I.E. TINOSPORA CORDIFOLIA (WILD.) MIERS AND TINOSPORA MALABARICA (LAM.) HOOK. F. & THOMSON STEM AND LEAF,,,,,
MIRACLE AYURVEDIC HERB - ASHWAGANDHA (WITHANIA SOMNIFERA DUNAL),,,,,
NEUROPROTECTIVE ROLE OF GLYCYRRHIZA GLABRA ON CHRONIC NOISE INDUCED CHANGES IN HIPPOCAMPAL MORPHOLOGY AND ITS FUNCTIONS IN WISTAR ALBINO RATS,,,,,
NEW DOSAGE FORM IN AYURVEDA - THERMO-SENSITIVE VAGINAL GEL OF PVK EXTRACT,,,,,
PHARMACOLOGICAL AND BIOCHEMICAL ASPECTS OF THE LAMIACEAE FAMILY USED IN THE TREATMENT OF INTESTINAL PARASITOSIS IN WEST AND CENTRAL AFRICA,,,,,
PHYTOCONSTITUENTS ASSESSMENT AND DEVELOPMENT OF STANDARDIZATIONPROTOCOL FOR NAYOPAYAM KWATHA A POLYHERBAL AYURVEDIC FORMULATION,,,,,
PLANT REVIEW WITHANIA SOMNIFERA (ASHWAGANDHA) A REVIEW,,,,,
PREPARATION OF AQUEOUS EXTRACT OF TINOSPORA CORDIFOLIA (WILD) MIERS EX. HOOK F. & THOMS.: AN AYURVEDA FORMULATION,,,,,
A PILOT STUDY TO ASSESS THE SAFETY OF RASAMANIKYA (AN ARSENICAL FORMULATION) IN HEALTHY VOLUNTEERS,,,,,
RASNASAPTAKA KWATHA: AN OVERVIEW,"1. Kanchan Swami, 2. Karunanidhi Sharma, 3. Sanjay Kumar, 4. Parimi Suresh.",International Ayurvedic Medical Journal,2021,9,8
RECENT TRENDS IN CURCUMA LONGA LINN,,,,,
ROLE OF CHITRAKADI VATI IN GRAHANI ROGA,,,,,
CRITICAL REVIEW OF VANDHYATWA W.S.R. ANOVULATION -LITERARY REVIEW,,,,,
CRITICAL ANALYSIS OF APPLICABILITY OF SHADANGA PANEEYA IN JWARA CHIKITSA: A REVIEW,,,,,
A PRELIMINARY PHARMACOGNOSTICAL AND PHYSICO-CHEMICAL ASSAY OF SHALMALI MOOLA GRANULES,,,,,
SHIGRU (MORINGA OLEIFERA LAM.) AS VISHAGNA DRAVYA- AN OVERVIEW.,,,,,
"FORMULATION, DEVELOPMENT AND CHARACTERIZATION OF HERBAL SOAP USING BORASSUSFLABELLIFER AND CURCUMA ZEDOARIA.",,,,,
PHARMACEUTICAL ASPECTS OF SHUNTHYAADI GHRITA AND ITS ANALYTICAL IMPORTANCE IN SNEHA KALPANA,,,,,
"UNIFLORAL AJWAIN HONEY AMELIORATES DIFFERENTIAL INHIBITION OF MATRIXMETALLOPROTEINASES 2 AND 9 PROTEIN, CYTOTOXICITY, AND ANTIOXIDANTPOTENTIAL",,,,,
VAYAHSTHAPANA DASHAKAYA - A REVIEW,"1.Chathurika L.A.W.J, 2, Kulathunga R.D.H.",International Ayurvedic Medical Journal,2021,9,8
"VITEXNEGUNDO: MEDICINAL VALUES, BIOLOGICAL ACTIVITIES,TOXICITY STUDIES AND PHYTOPHARMACOLOGICAL ACTIONS.",,,,,
WITHANIA SOMNIFERA AS A SAFER OPTION TO HYDROXYCHLOROQUINE IN THE CHEMOPROPHYLAXIS OF COVID 19 RESULTS OF INTERIM ANALYSIS,,,,,
SAFETY AND EFFICACY OF AYURVEDIC INTERVENTIONS AND YOGA ON LONG TERM EFFECTS OF COVID 19 A STRUCTURED SUMMARY OF A STUDY PROTOCOL FOR A RANDOMIZED CONTROLLED TRIAL,,,,,
RECENT DEVELOPMENT IN THE FORMULATIONS OF GINGER FOR THERAPEUTIC APPLICATIONS AND AN OVERVIEW TOWARDS THE ACTION ON SARS-COV-2.,,,,,
"IN SILICO EVALUATION OF THE COMPOUNDS OF THE AYURVEDIC DRUG, AYUSH-64, FOR THE ACTION AGAINST THE SARS-COV-2 MAIN PROTEASE.",,,,,
"A REVIEW ON ANJAN HARDWICKIA BINATA ROXB. ITS PHYTOCHEMICAL STUDIES, TRADITIONAL USES AND PHARMACOLOGICAL ACTIVITIES",,,,,
ANALYSIS OF RASA SINDOORA BY NAMBURI PHASED SPOT TEST (NPST),,,,,
ANALYTICAL PROFI LE OF BRAHMI GHRITA: A POLYHERBAL AYURVEDIC FORMULATION.,,,,,
ANTI-PYRETIC ACTIVITY OF SRIRAMA RASAIN ALBINO RATS,,,,,
CAESALPINIA BONDUCELLA: A MEDICINAL POTENTIAL VALUE.,"1. Juvatkar PV, 2. Jadhav AG.",Journal of Pharmacognosy and Phytochemistry,2021,10,4
CHEMICAL CHARACTERIZATION AND THERAPEUTICS OF DALBERGIA LATIFOLIA ROXB: A REVIEW,,,,,
CHEMICAL CHARACTERIZATION OF AN AYURVEDIC HERBO-MINERAL PREPARATION- MAHALAXMIVILAS RASA,,,,,
CRITICAL REVIEW OF SOOTSHEKHAR RASA W.S.R. TO RASAYOGSAGAR,,,,,
DETERMINATION OF ANTHRAQUINONE GLYCOSIDE CONTENT IN CASSIA FISTULA LEAF EXTRACTS FOR ALTERNATIVE SOURCE OF LAXATIVE DRUG,,,,,
DEVELOPMENT AND SENSORY EVALUATION OF DHANYAK PANAK (THERAPEUTIC APPETIZER),,,,,
IDENTIFICATION OF NUTRITIONALLY IMPORTANT PROTEIN IN AMARANTHUS GENES,,,,,
MANAGEMENT OF FOLIAR DISEASES OF BT COTTON USING CHEMICAL FUNGICIDES AND BIOCONTROL AGENT,,,,,
NUTRITIONAL AND INVITRO ANTIOXIDANT ACTIVITIES OF CYPERUS ESCULENTUS (TIGER NUT).,,,,,
PHARMACEUTICAL ANALYSIS OF HARIDRA ARKA,,,,,
PHARMACEUTICAL STANDARDIZATION OF AMRITAMANJARI,"1. Ashok M, 2. Ch. Sridurga.",International Journal of Ayurveda and Pharma Research,2019,7,10
PHARMACEUTICAL STANDARDIZATION OF VATARI GUGGULU,,,,,
PHARMACEUTICAL STANDARDIZATION OF YASHADA BHASMA,,,,,
PHARMACEUTICAL STUDY OF AGASTHI MODAKA,,,,,
PHYSICOCHEMICAL ANALYSIS OF BILWADI AGADA AN AYURVEDIC POLY-HERBAL FORMULATION,,,,,
PHYTOCHEMICAL AND ELEMENTAL PROFILING AND STANDARDIZATION OF SOME AYURVEDA MEDICINES USED IN COVID-19 PANDEMIC,,,,,
PHYTOCHEMICAL SCREENING OF SESBANIA GRANDIFLORA L. BARK,,,,,
PRELIMINARY PHYSIOCHEMICAL EVALUATION OF NAGARADI OINTMENT: AN AYURVEDIC FORMULATION,,,,,
PREPARATION AND QUALITY EVALUATION OF HINGWASHTAK CHURNA: A POLYHERBAL FORMULATION,,,,,
STANDARDIZATION OF AN AYURVEDIC PEDIATRIC FORMULATION BALACHTURBHADRIKA CHURNA,,,,,
STANDARDIZATION OF TRAILOKYASUNDAR RASA WITH SPECIAL REFERENCE TO RASARATNASAMUCHCHAYA,"1. Golecha Paras D, 2. Pargunde Sheela D, 3. Kurve Siddhisha N, 4. Punde Ashish A.",International Journal of Ayurveda and Pharma Research,2016,4,10
"STANDARDIZATION, ANTI-OXIDANTS AND ANTI-ULCER POTENTIAL OF S. NODIFLORA AND HONEY",,,,,
"THE USE OF VARIOUS PLANT TYPES AS MEDICINES BY LOCALCOMMUNITY IN THE ENCLAVE OF THE LORE-LINDU NATIONAL PARK OF CENTRAL SULAWESI, INDONESIA",,,,,
"UTILIZATION, VALORIZATION AND FUNCTIONAL PROPERTIES OF WILD APRICOT KERNELS",,,,,
VATA (FICUS BENGHALENSIS) A DETAILED REVIEW FROM CLASSICAL TEXTS,,,,,
BIOLOGICAL PROPERTIES OF ESSENTIAL OILS FROM EUCALYPTUS CAMALDULENSIS AND OCIMUM GRATISSIMUM AGAINST SITOPHILUS SPP. ISOLATED FROM STORED TRADITIONAL YAMS CHIPS.,,,,,
EVALUATION OF ANTIDIABETIC AND ANTIOXIDANT ACTIVITIES OF ACHYRANTHES ASPERA LEAF EXTRACTS: AN IN VITRO STUDY,,,,,
"EVALUATION OF ANTIOXIDANT, CYTOTOXIC, THROMBOLYTIC AND ANTIMICROBIAL POTENTIALS OF STEM AND ROOT PARTS OF PHYLLANTHUS FRATERNUS G.L. WEBSTER GROWN IN NORTHERN PART OF BANGLADESH",,,,,
MEDICINAL USES OF BOSWELLIA SERRATA ROXB (KUNDUR) WITH SPECIAL REFERENCE TO ITS ULCER HEALING PROPERTY,,,,,
PHYSICOCHEMICAL ANALYSIS OF PROBIOTIC FUNCTIONAL KULFI BY USING INDIAN BLACKBERRY (SYZYGIUM CUMINI L.),,,,,
"PHYTOCHEMICAL CONSTITUENTS, TOTAL FLAVONOID AND PHENOLIC CONTENTS AND ANTIOXIDANT ACTIVITY OF LEAVES OF SYZYGIUM GUINEENSE","1. Edewor TI, 2. Akintola AO, 3. Ogundola AF, 4. Ibikunle GJ, 5. Adepoju AJ, 6. Mmuo AJ 7. Owa SO",Journal of Pharmacognosy and Phytochemistry,2021,10,4
SPECIFIC ANALYTICAL METHODS FOR THE EXTRACTION OF COMMON PHYTOCHEMICAL CONSTITUENTS OF VITEX NEGUNDO LINN: A MINI-REVIEW,,,,,
STANDARD MANUFACTURING PROCEDURE OF SHADGUNA BALIJARITA MAKARADHWAJA BY ADOPTING TRADITIONAL METHOD A PRELIMINARY STUDY,,,,,
THE CONTRACTILE CAPABILITIES OF VARIOUS HERBAL CONSTITUENTS ON UTERINE SMOOTH MUSCLE AND THEIR SHARED CONSTITUENT PRESENCE INVOLVED WITH ANTI- INFLAMMATORY/ANTIOXIDANT MECHANISMS,,,,,
AN APPROACH TO FIND RESVERATROL IN FRUIT OF GMELINA ARBOREA ROXB. EX SM OUT FROM THE LIGHT OF CONCEPT PRATHINIDHIDRAVYA (SUBSTITUTE),,,,,
"MORPHOLOGICAL, ANATOMICAL CHARACTERIZATION AND PROFILING OF LAXATIVE PRINCIPLES SENNOSIDES IN FIFTEEN SPECIES FROM GENUS CASSIA, CHAMAECRISTA AND SENNA.",,,,,
"INFLUENCE OF PRE AND POST-HARVEST TECHNOLOGIES IN EFFECTIVE YIELD, YIELD ATTRIBUTES AND QUALITY ENHANCEMENT OF MEDICINAL AND AROMATIC PLANTS FOR HEALTHY LIFE.",,,,,
PHARMACOGNOSY AND PHYTOCHEMICAL PROFILE OF GIRI KADALI ENSETESUPERBUM ROXB. CHEESMAN.,,,,,
A PHARMACEUTICAL STUDY ON MANJISHTADYA OINTMENT- A MODIFICATION OF MANJISHTADYA GHRITHA.,,,,,
PHARMACOGNOSTICAL AND ANALYTICAL STUDY OF TRIPARNIKAA (NAREGAMIAALATA WIGHT. &ARN.).,,,,,
A COMPARATIVE PHARMACEUTICO-ANALYTICAL STUDY OF GUDUCHI GHRITA PREPARED BY USING FRESH AND DRY GUDUCHI (TINOSPORA CORDIFOLIA).,"1. Anju Chandran, 2. J. Dinesh Nayak, 3. Satyanarayan Bhat, 4. Rejukrishnan.",Ayurpharm - International Journal of Ayurveda and Allied Sciences,2019,8,6
A COMPARATIVE PHARMACEUTICO-ANALYTICAL STUDY OF MUKHAPRASADANA LEPA ALONG WITH ITS MODIFIED FORM AS A CREAM.,,,,,
A COMPARATIVE PHARMACEUTICO ANALYTICAL STUDY WITH MOORCHITA AND AMOORCHITA PINYAKA TAILA SAMPLES.,,,,,
PHARMACEUTICO-ANALYTICAL STUDY OF SAHACHARADI TAILA AND ITS 7 AVARTI PHARMACEUTICO-ANALYTICAL STUDY OF SAHACHARADI TAILA AND ITS 7 AVARTI.,,,,,
PHARMACEUTICO-ANALYTICAL STUDY ON BRIHATMADHUSNUHIRASAYANA .,,,,,
EFFECTS OF PSIDIUM GUAJAVA (GUAVA) EXTRACTS ON IMMATURE STAGE OF MOSQUITO.,,,,,
ANTIBACTERIAL AND QUALITATIVE PHYTOCHEMICAL ANALYSIS OF GILOY EXTRACT FOR APPLICATION OF HERBAL FINISH ON COTTON FABRIC.,,,,,
"PHYTO-CHEMICAL SCREENING OF ROOT EXTRACTS OFGLYCYRRHIZA GLABRABY SPECTROSCOPIC METHODS (UV-VIS SPECTROPHOTOMETER, FTIR & HPLC).",,,,,
GREEN REACTANTS ACT AS A NATURAL PRECURSOR FOR FACILE SYNTHESIS OF NANOPARTICLES USING WITHANIA SOMNIFERA.,,,,,
DEVELOPMENT OF BIOANALYTICAL STANDARDIZATION PARAMETERS OF ALOCASIA INDICATUBER BY HIGH-PERFORMANCE THIN LAYER CHROMATOGRAPHY TECHNIQUE.,,,,,
COMPUTATIONAL STUDIES OF VITEXIN ISOLATED FROM VITEX NEGUNDO AGAINST RHEUMATOID ARTHRITIS TARGETS.,"R. Gayathri Devi, S. Bhagavathy.",International Journal of Pharmaceutical Sciences and Drug Research,2020,12,5
STANDARDIZATION OF OPTIMIZED ANTI-DIABETIC POLYHERBAL FORMULATION BY HPLC.,,,,,
"FORMULATION, PHYTOCHEMICAL ESTIMATION OF ACTIVE PRINCIPLES BY SPECTROSCOPIC METHODS AND COMPARISON OF THE POLY HERBAL ANTI-DIABETIC TABLET WITH THE COMMERCIAL TABLETS",,,,,
COMPLETE ADMET PROFILE AND MOLECULAR DOCKING ANALYSIS OF PHYTOCONSTITUENTS OF GLYCYRRHIZA GLABRA AND ASPARAGUS RACEMOSUS.,,,,,
A FISSION YEAST BIOASSAY F OR RAPID SCREENING F OR ANTIPROLIFERATIVE AGENTS FROM BAUHINIA VARIEGATA AND LEPTADENIA RETICULATA.,,,,,
"DEVELOPMENT AND EVALUATION OF CARMINATIVE HERBAL CHEWABLE TABLETS BASED ON TURMERIC, FENNEL SEED, AND MANGO GINGER.",,,,,
VIRTUAL SCREENING TECHNIQUE USED TO ESTIMATE THE MECHANISM OF ADHATODA VASICA NEES FOR THE TREATMENT OF RHEUMATOID ARTHRITIS BASED ON NETWORK PHARMACOLOGY AND MOLECULAR DOCKING.,,,,,
A STUDY TO EVALUATE THE PRESERVATIVE ACTION OF TWAK ARKA IN TRIPHALA KWATHA.,,,,,
PRELIMINARY PHARMACEUTICO-ANALYTICAL STUDY OF MUKHADOOSHIKAHARALEPA CHURNA.,,,,,
EVALUATION OF MARKET SAMPLES OF LAUHA BHASMA USING NAMBURI PHASED SPOT TEST (NPST).,,,,,
COMPARATIVE STUDY OF ARAGVADHA PHALAMAJJA (CASSIA FISTULA LINN.) W.S.R. TO ITS SANGRAHANA VIDHI.,"1. Poonam Dilip Sable, 2. Asmita Uday Jadhav, 3. Apoorva Sangoram, 4. Sable P N, 5. Mohini Chetan Kuchekar.",International Journal of Ayurvedic Medicine,2021,12,3
EFFECT OF CHEMICAL AND BIOLOGICAL ELICITORS ON ANTIOXIDANT POTENTIAL OF OCIMUM SANCTUM.,,,,,
EVALUATION OF THE ROLE OF SHODHANA (PURIFICATION) PROCESS IN CROTON TIGLIUM SEEDS FOR REDUCTION OF TOXIC CONTENT.,,,,,
STANDARDIZATION AND SENSORY EVALUATION OF SATTU-MANTHA: A TRADITIONAL ENERGY DRINK.S.,,,,,
ABHAVA PRATINIDHI DRAVYA: A COMPARATIVE PHYTOCHEMICAL STUDY OF BHARANGI AND KANTAKARI.,,,,,
PHARMACOGNOSTIC AND PRELIMINARY PHYTOCHEMICAL INVESTIGATION OF STEM OF CONOCARPUS LANCIFOLIUS.,,,,,
PHARMACEUTICO-ANALYTICAL STUDY OF PRAVAL BHASMA (CORAL CALAX) WITH TWO DIFFERENT HERBS.,,,,,
PHARMACOGNOSTIC AND PRELIMINARY PHYTOCHEMICAL EVALUATION OF LEAF OF SYZYGIUM CUMINI (L.) SKEELS.,,,,,
QUALITY STANDARDS FOR CATURJATA CARNA EVALUATED WITH OFFICIAL AND SUBSTITUTE INGREDIENTS.,,,,,
MOLECULAR DOCKING STUDIES OF POTENTIAL ANTICANCER AGENTS FROM THUNBERGIA FRAGRANS AGAINST COLORECTAL CANCER MUTANT GENES THROUGH IN SILICO STUDY.,,,,,
COMPARATIVE CHEMICAL PROFILING OF PURIFIED AND UNPURIFIED STRYCHNOS NUX-VOMICA LINN SEEDS: AN ATTEMPT TO REDUCE TOXIC BRUCINE CONTENT.,"1. Ajay Kumar Meena, 1. Durgesh Dwivedi, 2. Poorna Venkataraman, 2. Kusuma Ganji, 3. Panda P , 4. Murali Krishna C, 5. Srikanth N.",International Journal of Ayurvedic Medicine,2021,12,4
PRELIMINARY ANALYTICAL STUDY OF ASHVAGANDHADYARISHTA PREPARED FROM MADHU AND GUDA AS SWEETENING AGENTS.,,,,,
A PRELIMINARY HPTLC FINGERPRINT STUDY OF MADHUKA INDICA -AN IMMUNE ENHANCER.,,,,,
MODIFICATION OF KAKUBHADI CHURNA INTO MALAHARA AND ITS PHYSICOCHEMICAL ANALYSIS.,,,,,
QUALITY ASSESSMENT OF KAJJALI YOGA: A CLASSICAL AYURVEDIC FORMULATION.,,,,,
COMPUTATIONAL MODELING AND ANALYSIS OF AYURVEDIC COMPOUNDS IN FIGHTING AGAINST COVID-19.,,,,,
"MACROMICROSCOPICAL, PHYSICOPHYTOCHEMICAL, AND HIGH-PERFORMANCE THIN LAYER CHROMATOGRAPHY-BASED DIAGNOSTICS OF AN ANTIHYPERTENSIVE DRUG SARPGANDHA RESOLVING ADULTERANT/ SUBSTITUTE.",,,,,
"NUTRITIONAL, ANTI-NUTRITIONAL EVALUATION, AND ELEMENT ANALYSIS OF TRICHOSANTHES LOBATA ROXB. (CUCURBITACEAE) THROUGH INDUCTIVELY COUPLED PLASMA-MASS SPECTROMETRY TECHNIQUE.",,,,,
FORMULATION AND STANDARDIZATION OF YASHTIMADHU KALPA (GRANULE): A NOVEL MEDHYA RASAYANA.,,,,,
PHARMACEUTICAL STUDY OF RASAPUSHPADI MALAHARA.,,,,,
ASSESSMENT OF EFFECT OF MURCHANA IN ARK TAILA ON THE BASIS OF PHYSIOCHEMICAL PARAMETERS.,"1. Suman Purohit, 2. Shweta Shukla, 1. Yadevendra Yadav, 1. Khemchand Sharma.",Journal of Ayurveda,2021,15,3
STANDARD OPERATING PROCEDURE OF PURIFICATION OF CHITRAKA (PLUMBAGO ZEYLANICA LINN.) ALONG WITH PHARMACOGNOSTICAL AND ANALYTICAL PROFILES OF PLUMBAGIN.,,,,,
OPTIMIZATION OF EXTRACTION CONDITIONS OF PHYTOCHEMICAL COMPOUNDS AND ANTI-GOUT ACTIVITY OF EUPHORBIA HIRTA L. (ARA TANAH) USING RESPONSE SURFACE METHODOLOGY AND LIQUID CHROMATOGRAPHY-MASS SPECTROMETRY (LC-MS) ANALYSIS.,,,,,
NETWORK PHARMACOLOGY-BASED STUDY ON THE MECHANISM OF ALOE VERA FOR TREATING CANCER.,,,,,
DETECTION OF DNA POLYMERASE ACTIVITY DURING SEED GERMINATION AND ENHANCEMENT AFTER SALINITY STRESS AND DEHYDRATION IN THE PLUMULES OF INDICA RICE (ORYZA SATIVA L.).,,,,,
EVALUATION OF DIFFERENT PROTEIN EXTRACTION METHODS FOR BANANA (MUSA SPP.) ROOT PROTEOME ANALYSIS BY TWO-DIMENSIONAL ELECTROPHORESIS.,,,,,
COMPARISON OF ACTIVITY OF OSDMC1A RECOMBINASE OF RICE (ORYZA SATIVA) IN PRESENCE OF CA2 AND MG2 ONS.,,,,,
STRUCTURAL AND FUNCTIONAL ANALYSIS OF CHITINASE GENE FAMILY IN WHEAT (TRITICUM AESTIVUM).,,,,,
IDENTIFICATION OF NOVEL STARCH SYNTHASE GENES USING DE NOVO ASSEMBLY AND HEAT-INDUCED EXPRESSION AND ACTIVITY IN DEVELOPING WHEAT (TRITICUM AESTIVUM L.),,,,,
"ESSENTIAL OIL COMPOSITION OF CLOVE AND NUTMEG FROM ANDAMAN AND NICOBAR ISLANDS, INDIA.",,,,,
NETWORK PHARMACOLOGY-BASED ANALYSIS ON LONICERA JAPONICA FOR CHRONIC OSTEOMYELITIS TREATMENT.,"1. Tingting Shao, 2. Kai Huang.",Journal of Oncology,2020,2020,
INDUCED PHYSIO-BIOCHEMICAL CHANGES IN COTTON - WATER-DEFICIT STRESS (GOSSYPIUM HIRSUTUM L.) CULTIVARS.,,,,,
NITROGEN ASSIMILATION POTENTIAL IN RELATION TO NITRATE-N TOXICITY AT DIFFERENT GROWTH STAGES AND N INPUTS IN OATS (AVENA SATIVA L.).,,,,,
REVEALING GENETIC VARIATION IN MINI CORE GERMPLASM OF URDBEAN (VIGNA MUNGO (L.) HEPPER).,,,,,
DIHYDROXY BERBERINE FROM TINOSPORA CORDIFOLIA: IN SILICO EVIDENCES FOR THE MECHANISM OF ANTI-INFLAMMATORY ACTION THROUGH DUAL INHIBITION OF LIPOXYGENASE AND CYCLOOXYGENASE.,,,,,
IN SILICO SCREENING OF SOME NATURALLY OCCURRING BIOACTIVE COMPOUNDS PREDICTS POTENTIAL INHIBITORS AGAINST SARS-COV-2 (COVID-19) PROTEASE.,,,,,
"PHYSICO-CHEMICAL CHARACTERIZATION OF KAJJALI, BLACK SULPHIDE OF MERCURY, WITH RESPECT TO THE ROLE OF SULFUR IN ITS FORMATION AND STRUCTURE.",,,,,
ASSESSMENT OF GENETIC DIVERSITY AMONG SESAME (SESAMUM INDICUM L.) GERMPLASM AS REVEALED BY RAPD AND SSR MARKERS.,,,,,
NANOSTRUCTURED GOLD IN ANCIENT AYURVEDIC CALCINED DRUG SWARNABHASMA.,,,,,
DIPEPTIDYL PEPTIDASE-IV INHIBITORY ACTION OF CALEBIN A: AN IN SILICO AND IN VITRO ANALYSIS.,,,,,
EFFECT OF WATER STRESS ON ANTIOXIDATIVE ENZYMES AND GLYCINE BETAINE CONTENT IN DROUGHT TOLERANT AND DROUGHT SUSCEPTIBLE COTTON (GOSSYPIUM HIRSUTUM L.) GENOTYPES.,"1. Pravin Prajapat, 1. Diwakar Singh, 2. Sonal Tripathi, 1. Khushbu Patel, 1. Haidar Abbas, 1. &Ankit Patel.",Indian Journal of Biochemistry and Biophysics,2018,55,3
QUANTIFICATION OF MERCURY AFTER SAMANYA SHODHANA (PURIFYING PROCESS): A PRELIMINARY ANALYSIS.,,,,,
"METABOLIC CHARACTERIZATION OF ACHILLEA MILLEFOLIUM L. THROUGH ULTRAVIOLET ABSORPTION, FOURIER TRANSFORM INFRARED SPECTROSCOPY, AND GAS CHROMATOGRAPHY-MASS SPECTROMETRY ANALYSIS.",,,,,
THE ENERGY DISPERSIVE X-RAY FLUORESCENCE SPECTROSCOPIC STUDY OF SOLANUM RUBRUM MILL: A POTENTIAL AYURVEDIC TRADITIONAL MEDICINAL PLANT.,,,,,
PHYTOCHEMICAL AND NETWORK PHARMACOLOGY BASED EVALUATION OF ANTIEPILEPTIC POTENTIAL OF IDENTIFIED METABOLITES IN ARGIMONE MEXICANA.,,,,,
"PURIFICATION, CHARACTERIZATION AND FUNCTIONAL ANALYSIS OF A SERINE PROTEASE INHIBITOR FROM THE PULPS OF CICER ARIETINUM L. (CHICK PEA).",,,,,
ELEMENTAL COMPOSITION AND X-RAY DIFFRACTION STUDIES OF STROBILANTHES SPECIES.,,,,,
"DETERMINATION OF FRUIT QUALITY OF CALCIUM CARBIDE INDUCED RIPENING IN MANGO (MANGIFERA INDICA L. CV. ALPHONSO) BY PHYSIOLOGICAL, BIOCHEMICAL, BIO-ENZYMATIC AND ELEMENTAL COMPOSITION ANALYSIS (EDX).",,,,,
PHYTOCHEMICAL AND GC-MS ANALYSIS OF HYDRO ETHANOLIC LEAF EXTRACT OF OCIMUM SANCTUM (L.).,,,,,
"ASSESSMENT OF PEPPERMINT, CLOVE, CUMIN ESSENTIAL OILS AND SILVER NANO PARTICLES ON BIOCHEMICAL AND SHELF LIFE OF CITRUS LIMON (L.).",,,,,
IN SILICO AND IN VITRO ANALYSIS OF QUORUM QUENCHING ACTIVE PHYTOCHEMICALS FROM THE ETHANOLIC EXTRACT OF MEDICINAL PLANTS AGAINST QUORUM SENSING MEDIATED VIRULENCE FACTORS OF ACINETOBACTER BAUMANNII.,"1. S Karthick Raja Namasivayam, 2. K Gowri Shankar, 1. JM Vivek, 1. Mohideen Nizar, 1. Sudarsan AV.",Indian Journal of Biochemistry and Biophysics,2019,56,4
TRACE ELEMENTS ANALYSIS OF BIOPHYTUM SENSITIVUM (L.) DC. BY EDXRF SPECTROSCOPY AND ITS THERAPEUTIC ROLE IN DIABETES MELLITUS.,,,,,
GC-MS ANALYSIS OF PHYTOCOMPONENTS IN THE METHANOL EXTRACT OF PREMNA LATIFOLIA ROXB.,,,,,
VIRTUAL SCREENING AND IN VITRO EVALUATION OF POTENTIAL GROWTH REGULATORS AGAINST SOMATIC EMBRYOGENESIS RECEPTOR-LIKE KINASE (SERK) IN COCOS NUCIFERA L.,,,,,
EXPRESSION ANALYSIS OF TOCOPHEROL METHYL TRANSFERASE GENES AND TOCOPHEROL CONTENT IN DEVELOPING SEEDS OF SOYBEAN (GLYCINE MAX (L.) MERR.),,,,,
"ISOLATION, SIMULTANEOUS QUANTIFICATION OF TAXIFOLIN AND TAXIFOLIN-3-O-RHAMNOSIDE AND VALIDATION BY RPHPLC",,,,,
COMPARATIVE MACROSCOPIC AND MICROSCOPIC CHARACTERIZATION OF RAW HERBAL DRUGS OF ABRUS PRECATORIUS L. AND GLYCYRRHIZA GLABRA L.,,,,,
"TERPENOIDS FROM CENTELLA ASIATICA, A NOVEL INHIBITOR AGAINST RNA-DEPENDENT-RNA POLYMERASE ACTIVITY OF NSP12 OF THE SARS COV-2 (COVID-19).",,,,,
"NUTRITIONAL EVALUATION OF THREE INDIGENOUS WILD MUSHROOMS OF WESTERN GHATS OF KARNATAKA, INDIA.",,,,,
"ANALYSIS OF A POLYHERBAL GALACTAGOGUE BATRISU VASANU, AN INDIGENOUS INDIAN ETHNOMEDICINE.",,,,,
COMPARATIVE PHARMACEUTICO-ANALYTICAL STUDY OF RASAMANIKYA PREPARED BY TWO DIFFERENT SHODHANA MEDIA OF HARATALA (ORPIMENT).,"Dipali Parekh, Sarika Makwana, Prashant Bedarkar, Biswajyoti Patgiri.",AYU,2020,41,3
HIGH RESOLUTION-MASS SPECTROMETRY (HR-MS) ANALYSIS OF BRYONIA LACINIOSA L.,,,,,
STUDY OF RELATIVE ANTIOXIDANT POTENTIAL OF INDUCED VARIANTS OF CATHARANTHUS ROSEUS (L.) G. DON IN SALT STRESS CONDITION FOR THE EFFECTIVE SELECTION OF SALT TOLERANT VARIANT.,,,,,
THERAPEUTIC PHYTOCHEMICAL ACTIVES FOR POTENTIAL CONTROL OF SARS-COV-2.,,,,,
GALLIC ACID RADICAL GENERATION IN AROMATIC PLANTS: A COMBINED EPR AND UV-VIS SPECTROSCOPIC APPROACH.,,,,,
ANTI-ALZHEIMERS POTENTIAL OF DIFFERENT VARIETIES OF PIPER BETLE LEAVES AND MOLECULAR DOCKING ANALYSES OF METABOLITES.,,,,,
DATURA STRAMONIUM LEAVES MUCILAGE AIDED BUCCOADHESIVE FILMS OF ACECLOFENAC USING 32 FACTORIAL DESIGN WITH DESIGN-EXPERT SOFTWARE.,,,,,
THE UNIQUENESS OF ISOLATION OF NUTMEG ESSENTIAL OIL FROM NUTMEG SEEDS (MYRISTICA FRAGRANS HOUTT.) AND ITS EFFECTS ON PHYSICAL AND CHEMICAL PROPERTIES.,,,,,
GREEN-SYNTHESIS OF SILVER NANOPARTICLES BY HYGROPHILA AURICULATA EXTRACT: INNOVATIVE TECHNIQUE AND COMPREHENSIVE EVALUATION.,,,,,
DETERMINATION OF A-GUAIENE AND AZULENE CHEMICAL CONTENT IN PATCHOULI AROMATIC OIL (POGOSTEMON CABLIN BENTH) FROM INDONESIA BY NEAR-INFRARED SPECTROSCOPY.,,,,,
PHARMACOGNOSTICAL AND PHYTOCHEMICAL BLUEPRINT OF ABROMA AUGUSTA L. STEM BARK.,"Kalyan Hazra, Sreya Dutta, Achintya Kumar Mandal, Rohit Kumar Ravte, Achintya Mitra, Jayram Hazra.",Indian Journal of Natural Products and Resources,2021,12,2
QBD APPROACH TO PREDICT THE IN-VIVO PERFORMANCE BASED ON IN-VITRO RESULTS USING MUCUNA PRURIENS SEED MUCILAGE AS A NOVEL TABLET DOSAGE FORM EXCIPIENT AND DICOFENAC SODIUM AS MODEL DRUG CANDIDATE.,,,,,
CHARACTERIZATION OF YASHAD BHASMA (ZINC CALX) AND ESTABLISHMENT OF THE IMPORTANCE OF SHODHAN (PURIFICATION).,,,,,
NETWORK PHARMACOLOGY-BASED ON THE ACTIVE COMPONENTS AND MOLECULAR MECHANISMS OF ANDROGRAPHIS PANICULATA (BURM. F.) WALL. EX NEES IN TREATING INFLAMMATION.,,,,,
EFFECT OF PADINA TETRASTROMATICA AND CYMODOCEA SERRULATA USING DIFFERENT METHODS EXTRACT ON GROWTH AND PIGMENTS OF BLACK GRAM (VIGNA MUNGO L.).,,,,,
ANTIOXIDANT AND ANTIDIABETIC ACTIVITY OF BERBERIS LYCIUM: THE POSSIBILITIES OF TLC-MS BIOAUTOGRAPHY AND IN SILICO STUDY.,,,,,
IN SILICO AND MOLECULAR DOCKING STUDIES OF BLACK PEPPER PHYTO-CONSTITUENTS AGAINST EMRD EFFLUX PUMP OF E. COLI.,,,,,
SUN PROTECTION FACTOR ACTIVITY OF BLACK GLUTINOUS RICE EMULGEL EXTRACT (ORYZA SATIVA VAR GLUTINOSA).,,,,,
IN SILICO EVALUATION OF SELECTED COMPOUNDS FROM BERGENIA CILIATA (HAW.) STERNB AGAINST MOLECULAR TARGETS OF BREAST CANCER.,,,,,
EVALUATION OF SHELF LIFE OF BHALLATAKA TAILA (OIL).,,,,,
NETWORK PHARMACOLOGY OF AYUSH RECOMMENDED IMMUNE-BOOSTING MEDICINAL PLANTS AGAINST COVID-19.,"1. Pukar Khanal, 1. Taaza Duyu, 1. B.M. Patil, 2. Yadu Nandan Dey, 3. Ismail Pasha, 4. Manish Wanjari, 5. Shailendra S. Gurav, 2. Arindam Maity.",Journal of Ayurveda and Integrative Medicine,2022,13,1
THE CHEMICAL ROLE OF NATURAL SUBSTANCES USED IN LAUHA BHASMA PREPARATION PROCESS.,,,,,
MOLECULAR DOCKING OF SOME NEEM CONSTITUENTS WITH COX-2 AND NOS: AN IN SILICO STUDY.,,,,,
MARKER BASED STANDARDIZATION OF HIMALAYAN BERRY: MYRICA ESCULENTA BUCH.-HAM EX D. DON.,,,,,
"ASSESSING THE EFFECT OF SHODHANA (DETOXIFICATION) PROCESS USING CHROMATOGRAPHIC PROFILING (HPTLC, HPLC, LC-MS, AND GC-MS) AND ESTIMATION OF TOXIC CONTENT ABRINE IN ABRUS PRECATORIUS L. (GUNJA) SEEDS.",,,,,
AN ANALYTICAL STUDY OF WASHING PESTICIDES ON CAULIFLOWER USING TRADITIONAL METHODS.,,,,,
IN SILICO SCREENING OF IDENTIFIED PHYTOCHEMICALS FROM THE LEAF OF CIPADESSA BACCIFERA (ROTH.) MIQ. FOR ITS ANTI-PSORIATIC ACTIVITY.,,,,,
ELUCIDATING ANTIANGIOGENIC POTENTIAL OF RAUWOLFIA SERPENTINA: VEGFR-2 TARGETING-BASED MOLECULAR DOCKING STUDY.,,,,,
CURCUMIN-BASED INHIBITORS OF THROMBOSIS AND CANCER METASTASIS PROMOTING FACTOR CLEC 2 FROM TRADITIONAL MEDICINAL SPECIES CURCUMA LONGA.,,,,,
AVAILABILITY AND YIELDING OF NATURAL CAMPHOR (KARPURA) FROM CINNAMOMUM CAMPHORA NEES & EBERM.,"1. Rita Dongre, 2. Meena Deogade, 3. Mangesh Dhote.",International Journal of Ayurvedic Medicine,2022,13,1
"PHARMACOGNOSTIC, PHYTOCHEMICAL AND NUTRITIONAL PROFILE OF MORINGA CONCANENSIS LEAVES.",,,,,
SYNTHESIS OF NISHA-AMALAKI YOGA (NAY) USING SPECIAL AYURVEDA PHARMACEUTICAL TECHNIQUE: BHAVANA (LEVIGATION/WET MILLING).,,,,,
"PHARMACOGNOSTICAL AND NUTRITIONAL ASSESSMENT OF INDIGOFERA CASSIOIDES DC. FLOWERS, AN ETHNOMEDICINAL PLANT.",,,,,
ANALYTICAL STANDARDIZATION AND PROFILING OF AYUSH-64: AN AYURVEDIC TABLET FORMULATION.,,,,,
CHEMICAL CONSTITUENTS OF PHYLLANTHUS ACIDUS (L.) SKEELS.,,,,,
EVALUATION OF POTENCY OF THE SELECTED BIOACTIVE MOLECULES FROM INDIAN MEDICINAL PLANTS WITH MPRO OF SARS-COV-2 THROUGH IN SILICO ANALYSIS.,,,,,
ACCLIMATIZATION THROUGH THERMAL DIFFUSIVITY TUNING OF COCONUT OIL - A MODE MISMATCHED DUAL-BEAM THERMAL LENS STUDY.,,,,,
ISOLATION AND IDENTIFICATION OF HAIR GROWTH POTENTIAL FRACTION FROM ACTIVE PLANT EXTRACT OF BLUMEA ERIANTHA DC GROWN IN WESTERN GHAT OF INDIA: IN SILICO STUDY.,,,,,
STANDARD MANUFACTURING PROCEDURE OF YAVA KSHARA (ALKALI PREPARATION FROM HORDEUM VULGARE L.) WITH COTTON WICK METHOD.,,,,,
SHELF LIFE EVALUATION OF VASAHARITAKI AVALEHA AND VASAHARITAKI GRANULES: AN AYURVEDIC POLYHERBAL FORMULATION WITH ITS MODIFIED DOSAGE FORM.,"Neelam Matwan, Niladri Bhattacharjya, Pramod Yadav, Pradeep Kumar Prajapati.",Journal of Drug Research in Ayurvedic Sciences,2021,6,4
PREPARATION OF VETAS GHANA (A SEMISOLID FORM OF SALIX ALBA L. STEM BARK AQUEOUS EXTRACT) AND ITS ANALYSIS BY USING HIGH-PERFORMANCE THIN-LAYER CHROMATOGRAPHY AND LIQUID CHROMATOGRAPHY-MASS SPECTROMETRY.,,,,,
IDENTIFICATION AND ESTIMATION OF VICINE BIOACTIVE COMPOUND IN MOMORDICA CHARANTIA L. FRUIT AND CODED AYURVEDIC FORMULATION USING HPLC METHOD.,,,,,
INFRARED SPECTROSCOPY TECHNIQUE FOR QUANTIFICATION OF COMPOUNDS IN PLANT-BASED MEDICINE AND SUPPLEMENT.,,,,,
STRUCTURE-BASED VIRTUAL SCREENING OF BIOACTIVE COMPOUNDS FROM INDONESIAN MEDICAL PLANTS AGAINST SEVERE ACUTE RESPIRATORY SYNDROME CORONAVIRUS-2.,,,,,
MOLECULAR DOCKING STUDIES AND ADME-TOX PREDICTION OF PHYTOCOMPOUNDS FROM MERREMIA PELTATA AS A POTENTIAL ANTI-ALOPECIA TREATMENT.,,,,,
POTENTIAL ANTI-ALOPECIA CONSTITUENTS FROM THEOBROMA CACAO: AN IN SILICO STUDY.,,,,,
OPTIMIZATION ULTRASONIC - MICROWAVE-ASSISTED EXTRACTION OF PHENOLIC COMPOUNDS FROM CLINACANTHUS NUTANS USING RESPONSE SURFACE METHODOLOGY.,,,,,
IN SILICO ESTROGEN RECEPTOR ALPHA ANTAGONIST STUDIES AND TOXICITY PREDICTION OF MELIA AZEDARACH LEAVES BIOACTIVE ETHYL ACETATE FRACTION.,,,,,
IN SILICO IDENTIFICATION OF NATURAL PRODUCTS FROM CENTELLA ASIATICA AS SEVERE ACUTE RESPIRATORY SYNDROME CORONAVIRUS 2 MAIN PROTEASE INHIBITOR.,,,,,
STANDARDIZATION OF LEONURUS SIBIRICUS L. AERIAL PART AND CAPILLARY ELECTROPHORESIS QUANTITATIVE ANALYSIS OF ITS LEONURINE CONTENT.,"1. Maneewan Suwatronnakorn, 1. Somchai Issaravanich, 1. Chanida Palanuvej, 2. Nijsiri Ruangrungsi.",Journal of Advanced Pharmaceutical Technology and Research,2021,12,3
MOLECULAR DOCKING OF ANTHOCYANINS AND TERNATIN IN CLITORIA TERNATEA AS CORONAVIRUS DISEASE ORAL MANIFESTATION THERAPY.,,,,,
MOLECULAR DOCKING INVESTIGATION OF CALOTROPONE AS A POTENTIAL NATURAL THERAPEUTIC AGENT AGAINST PANCREATIC CANCER.,,,,,
FLAVONOID CONTENT OF EUPATORIUM GLANDULOSUM AND COOLEBROKE OPPOSITIFOLIA.,,,,,
AN IMPROVED HPLC METHOD FOR ESTIMATION OF PHYLLANTHIN AND HYPOPHYLLANTHIN IN PHYLLANTHUS AMARUS.,,,,,
SCREENING OF PYRROLIZIDINE ALKALOIDS IN SOME HERBAL DRUGS.,,,,,
"AN HPLC METHOD FOR SIMULTANEOUS ESTIMATION OF PSORALEN, BAKUCHICIN AND BAKUCHIOL IN PSORALEA CORYLIFOLIA.",,,,,
ESTIMATION OF WEDELOLACTONE AND DEMETHYLWEDELOLACTONE IN ECLIPTA ALBA HASSK. BY IMPROVED CHROMATOGRAPHIC ANALYSIS.,,,,,
QUANTITATIVE AND QUALITATIVE ANALYSIS OF (-)-EPIGALLOCATECHIN GALLATE FROM GREEN TEA BY LC-MS.,,,,,
"A NEW SPECTROPHOTOMETRIC METHOD FOR THE ESTIMATION OF TOTAL ALKALOIDS IN THE STEM BARK AND SEED OF HOLARRHENA ANTIDYSENTERICA (LINN.) WALL. AND IN THE AYURVEDIC FORMULATION, KUTAJARISHTA.",,,,,
EFFECT OF AGING ON ANDROGRAPHOLIDE CONTENT IN ANDROGRAPHIS PANICULATE.,"K. Ashok, A. Amit, M. Sujatha, B. Murali, M. S. Anand.",Journal of Natural Remedies,2002,2,2
FLAVONOIDS OF TEPHROSIA PROCUMBENS. BUCH-HAM.,,,,,
DEVELOPMENT OF CHROMATOGRAPHIC FINGERPRINT PROFILE AND MULTI-ELEMENTAL ANALYSIS OF DATURA METEL L.,,,,,
"PHYSICOCHEMICAL PROPERTIES, GC-MS ANALYSIS AND IMPACT OF DIFFERENT MATERIAL SIZE ON YIELD OF HIMALAYAN C. DEODARA ESSENTIAL OIL.",,,,,
PHARMACOGNOSTIC AND PHYTOCHEMICAL EVALUATION OF LEAF OF JATROPHA NANA VAR. BENGALENSE C.H. RAHAMAN AND S. MONDAL: AN ENDEMIC MEMBER OF EUPHORBIACEAE.,,,,,
A NOVEL STABILITY INDICATING METHOD FOR DETERMINATION OF MAJOR ALKALOID IN BLACK PEPPER BY RP-HPLC IN DIFFERENT PHARMACEUTICAL DOSAGE FORMS.,,,,,
EFFECT OF ANTIOXIDANTS ON CALLUS BROWNING OF GLYCYRRHIZA GLABRA.,,,,,
"COMPARATIVE PHARMACOGNOSY AND PHYTOCHEMICAL EVALUATION OF LEAF, ROOT AND STEM OF PSORALEA CORYLIFOLIA LINN. (BAKUCHI).",,,,,
ANANAS AS COMOSUS PEELS A NEW NATURAL COSMETIC INGREDIENT: OIL-IN-WATER (O/W) TOPICAL NANO CREAM STABILITY AND SAFETY EVALUATION.,,,,,
FLAVONOIDS OF DERRIS HEYNEANA WIGHT AND ARM.,,,,,
A NETWORK PHARMACOLOGY STUDY TO EXPLORE THE UNDERLYING MECHANISM OF SAFFLOWER (CARTHAMUS TINCTORIUS L.) IN THE TREATMENT OF CORONARY HEART DISEASE.,"1. Qingwen Meng, 1. Huajiang Liu, 2. Haolin Wu, 2. Ding shun, 3. Chaoling Tang, 3. Xinyin Fu, 2. Xingyue Fang, 2. Yiqian Xu, 2. Bocen Chen, 4. Yiqiang Xie, 3. Qibing Liu.",Evidence Based Complementary and Alternative Medicine,2022,2022,
A PHARMACOGNOSTIC STUDY ON SPHAERANTHUS INDICUS.,,,,,
IDENTIFYING ACTIVE SUBSTANCES AND THE PHARMACOLOGICAL MECHANISM OF HOUTTUYNIA CORDATA THUNB. IN TREATING RADIATION-INDUCED LUNG INJURY BASED ON NETWORK PHARMACOLOGY AND MOLECULAR DOCKING VERIFICATION.,,,,,
IDENTIFICATION OF POTENTIAL POLY (ADP-RIBOSE) POLYMERASE-1 INHIBITORS DERIVED FROM RAUWOLFIA SERPENTINA: POSSIBLE IMPLICATION IN CANCER THERAPY.,,,,,
A COMPARISION STUDY FOR ESTIMATION OF GYMNEMIC ACIDS BY HPLC AND GRAVIMETRY METHOD FOR VARIOUS EXTRACTS OF GYMNEMA SYLVESTRES.,,,,,
LETTUCE AS AN EFFECTIVE REMEDY IN UREMIC PRURITUS: REVIEW OF THE LITERATURE SUPPLEMENTED BY AN IN SILICO STUDY.,,,,,
NETWORK PHARMACOLOGY-BASED STRATEGY FOR EXPLORING THE PHARMACOLOGICAL MECHANISM OF HONEYSUCKLE (LONICER JAPONICA THUNB.) AGAINST NEWCASTLE DISEASE.,,,,,
HIGH PERFORMANCE THIN LAYER CHROMATOGRAPHIC METHOD FOR THE DETERMINATION OF CINNAMALDEHYDE IN CINNAMOMUM ZEYLANICUM BARK POWDER.,,,,,
SIMULTANEOUS DETERMINATION OF BIOACTIVE CONSTITUENTS IN GARCINIA MORELLA USING UPLC-Q-TOF-MS.,,,,,
GC/MS ANALYSIS OF ADHATODA VASICA LEAF AND FLOWER.,,,,,
NEW ALIPHATIC ALCOHOLS FROM ROOT BARK OF RICINUS COMMUNIS LINN.,"Perwez Alam, M. Ali.",Journal of Natural Remedies,2008,8,2
STANDARDISATION AND QUALITY CONTROL OF HERBAL DRUGS-1 TLC FLUORODENSITOMETRIC DETERMINATION OF MARKER COMPOUNDS OF PLUMBAGO INDICA L.,,,,,
A PHARMACOGNOSTICAL STUDY ON CONVOLVULUS PROSTRATUS FORSSK.,,,,,
COMPARATIVE PHARMACOGNOSTIC STUDY OF CLERODENDRUM PHLOMIDIS AND PREMNA INTEGRIFOLIA.,,,,,
"QUANTIFICATION OF ELLAGIC ACID, GALLIC ACID AND PICROSIDE-I FROM PHALATRIKADI KVATHA CHURNA BY HPTLC.",,,,,
INFLUENCE OF PROPAGATION TECHNIQUES AND HARVESTING TIME ON ROOT YIELD AND ALKALOID CONTENTS OF RAUVOLFIA SERPENTINA.,,,,,
CINEOLE RICH CLONE IN EUCALYPTUS TERETICORNIS OF PHARMACEUTICAL IMPORTANCE.,,,,,
"DEVELOPMENT OF PHYSICO-CHEMICAL PARAMETERS FOR INDIGENOUS DRUG, BHARANGI: CLERODENDRUM SERRATUM AND PREMNA HERBACEA.",,,,,
PHARMACOPOEIAL STANDARDIZATION OF ALECTRA CHITRAKUTENSIS (M. A. RAU.) R. PRASAD & R. D. DIXIT FOUND IN CHITRAKOOT REGION.,,,,,
EFFECT OF NPK FERTILIZERS ON CHEMICAL CONSTITUENTS OF ALOE VERA LEAVES.,,,,,
PHARMACOGNOSTICAL AND PHYTOCHEMICAL INVESTIGATION OF DICHROSTACHYS CINEREA W. & A. (MIMOSACEAE).,"H. B. Mishal, V. V. Bhadane, R. H. Mishal.",Journal of Natural Remedies,2008,8,1
PHARMACOGNOSTIC STUDIES ON THE ROOT OF SPONDIAS MANGIFERA WILLD.,,,,,
PHARMACOGNOSTICAL STUDY AND DEVELOPMENT OF QUALITY CONTROL PARAMETERS FOR SARCOSTEMMA BREVISTIGMA WIGHT AND ARN.,,,,,
COMPARATIVE STUDY OF VARIOUS METHODS FOR EXTRACTION OF ANTIOXIDANT AND ANTIBACTERIAL COMPOUNDS FROM PLANT SEEDS.,,,,,
EVALUATION OF SEASONAL VARIATION IN RELATION TO SECONDARY METABOLITE AND BIOMASS PRODUCTION OF ANDROGRAPHIS PANICULATA.,,,,,
INTEGRATED UPLC-Q-TOF-MS/MS AND NETWORK PHARMACOLOGY APPROACH TO INVESTIGATING THE METABOLIC PROFILE OF MAREIN OF COREOPSIS TINCTORIA NUTT.,,,,,
INSIGHT INTO THE AYURVEDA THEORY OF DRAVYASAMGRAHAKALA ON SHATAVARI (ASPARAGUS RACEMOSUS WILLD) ROOT WITH REFERENCE TO QUALITY STANDARD PARAMETERS.,,,,,
GREEN SYNTHESIS AND CHARACTERIZATION OF IRON OXIDE NANOPARTICLES USING CORIANDRUM SATIVUM L. LEAF EXTRACT.,,,,,
IN SILICO-BASED STUDIES ON PHYTOCHEMICALS FROM NATIVE INDIAN PLANTS AS POTENTIAL INHIBITORS OF SARS-COV-2.,,,,,
RAPID DETECTION OF PROTEINACEOUS PROTEASE INHIBITOR FROM SEVERAL PLANTS OF NORTH MAHARASHTRA REGION.,,,,,
IDENTIFICATION OF ANTIOXIDANT AND ANTIDIABETIC COMPOUNDS IN HEDYCHIUM SPICATUM USING TLC BIOAUTOGRAPHY COUPLED WITH MASS SPECTROMETRY AND THEIR IN SILICO MOLECULAR DOCKING STUDIES.,"1. Harjeet Singh, 2. Nardev Singh.",Indian Journal of Pharmaceutical Education and Research,2022,56,3
EFFECT OF EXTRACTION SOLVENT ON THE PHYTOCONSTITUENTS OF AEGLE MARMELOS (L.) CORREA.,,,,,
DEVELOPMENT AND VALIDATION OF UV-SPECTROPHOTOMETRIC METHOD FOR ESTIMATION OF GALLIC ACID IN ACALYPHA INDICA LEAF EXTRACT AND ITS CELLULOSE NANOPARTICLE FORMULATION.,,,,,
A PHARMACOGNOSTICAL STUDY ON FUMARIA PARVIFLORA LAMK.,,,,,
PHYTOCHEMICAL STUDIES OF TEPHROSIA PURPUREA LINN. AND MARTYNIA ANNUA LINN. EXTRACTS FOR IDENTIFICATION OF CHEMICAL CONSTITUENTS.,,,,,
GREEN SYNTHESIS OF MANGANESE OXIDE NANOPARTICLES USING KIGELIA AFRICANA (LAM.) BENTH. AQUEOUS ROOT EXTRACT AND INFLUENCE ON CHICKPEA (CICER ARIETINUM LINN.) SEED GERMINATION AND PLANT GROWTH.,,,,,
THE ALTERED OUTPUT OF ALOE VERA (L.) BURM. F. CROP UNDER DIFFERENTIAL WATER STRESS CONDITIONS.,,,,,
PHARMACEUTICAL DEVELOPMENT OF POLYHERBAL KUSHTHAGHNA MAHAKASHAYA LOTION WITH FTIR AND HPTLC CHARACTERIZATION.,,,,,
IDENTIFICATION AND QUANTIFICATION OF BOERAVINONE-B IN DRY FRUIT EXTRACT OF BOERHAAVIA DIFFUSA LINN AND IN ITS POLYHERBAL FORMULATION.,,,,,
PHARMACEUTICAL ANALYSIS OF KANCHANARA & NANO KANCHANARA STEM BARK POWDER IN HYPOTHYROIDISM.,,,,,
QUALITATIVE AND QUANTITATIVE ESTIMATION OF GUGGULSTERONE E AND Z IN DIFFERENT SODHIT GUGGUL BY LC-MS AND HPLC METHOD.,"1. Patel Mayuree, 2. Macwan Carol, 3. B. N. Suhagia, 4. Sanjeev R. Acharya.",Journal of Natural Remedies,2017,17,3
MICROSTRUCTURAL CHARACTERIZATION OF THE GARCINIA MANGOSTANA FRUIT AT DIFFERENT MATURITY LEVEL.,,,,,
"SIMULTANEOUS METHOD DEVELOPMENT AND VALIDATION OF BERBERINE, RUBIADIN AND 3-O-ACETYL-11- KETO -B- BOSWELLIC ACID BY REVERSE PHASE HIGH PERFORMANCE LIQUID CHROMATOGRAPHY IN POLYHERBAL FORMULATION.",,,,,
QUALITATIVE AND QUANTITATIVE DETERMINATION OF VARIOUS EXTRACTS OF OCIMUM BASILICUM L. LEAVES.,,,,,
QUALITATIVE AND QUANTITATIVE SCREENING OF PHYTOCONSTITUENTS AND CHARACTERIZATION OF VARIOUS EXTRACTS OF WEDELIA TRILOBATA LEAF EXTRACTS.,,,,,
IN SILICO SCREENING OF TRADITIONAL HERBAL MEDICINE DERIVED CHEMICAL CONSTITUENTS FOR POSSIBLE POTENTIAL INHIBITION AGAINST SARS-COV-2.,,,,,
QUALITY ASSESSMENT OF NIMBADI ARKA PREPARED BY DIFFERENT METHODS.,,,,,
PHYTO-PHARMACOGNOSTICAL INVESTIGATION W.S.R. MICROMETRIC INVESTIGATION OF SHEETHAVAR SEED (CELOSIA ARGENTEA LINN.).,,,,,
DNA BARCODING MARKERS AND NEXT GENERATION SEQUENCE ANALYSIS OF RBCL IN INTRASPECIES GENETIC VARIATIONS OF THREE VARIETIES OF CISSUS QUADRANGULARIS L.,,,,,
STANDARDIZATION OF DOOSHIVISHAHARI AGADA THROUGH HPTLC.,,,,,
FORMULATION AND STANDARDIZATION OF POLYHERBAL ANTIHYPERLIPIDEMIC FORMULATION.,"1. Smitha Rani, 2. S. L. Manju.",Journal of Natural Remedies,2020,20,4
PHARMACEUTICO ANALYTICAL STUDY OF GUDUCHYADI AVALEHA - MODIFIED FORM OF GUDUCHYADI GHRITA.,,,,,
NEW CHEMICAL CONSTITUENTS FROM THE LEAVES AND TWIGS OF HOLOPTELEA INTEGRIFOLIA.,,,,,
EVALUATING THE ANTI-CANCER EFFICACY OF ETHANOLIC EXTRACT OF ERYTHRINA VARIEGATE LINN. AN IN-SILICO APPROACH.,,,,,
ANALYTICAL STANDARDIZATION OF SHLESHMANTAKA AGAD.,,,,,
EVALUATION OF HEAVY METALS AND MICROBIAL CONTAMINATION OF SELECTED HERBAL CHURNA MARKETED FORMULATIONS.,,,,,
COMPARATIVE PHARMACOGNOSTICAL AND PHYTOCHEMICAL STUDY OF CASSIA AURICULATA AND CASSIA FISTULA.,,,,,
PHARMACEUTICAL STANDARDIZATION OF NAGAPHANI PHALASAVA (FERMENTED DOSAGE FORM OF OPUNTIA ELATIOR MILL. FRUITS).,,,,,
IN SILICO SCREENING OF CHEMICAL CONSTITUENTS IN RASAM AS A BENEFICIAL SUPPLEMENTARY TREATMENT FOR NOVEL CORONAVIRUS.,,,,,
SHELF-LIFE EVALUATION OF KASISADYA GHRITAM PREPARED BY TWO DIFFERENT METHODS: A PRELIMINARY EVALUATION.,,,,,
COMPARATIVE SHELF-LIFE STUDY OF RAW GUGGULU (COMMIPHORA WIGHTII OLEO-GUM RESIN) AND SHODHITA GUGGULU (COW URINE PROCESSED C. WIGHTII OLEO-GUM RESIN).,"1. Vaibhav Charde, 1. Chandrashekar Jagtap, 2. Vijay Kumar, 2. Vikram Kushwaha, 2. Jyotika Grewal, 2. Sujeet K Mishra, 2. Santosh K Shakya, 3. Hemant Soni, 3. Gagandeep Singh, 1. Gajji Babu, 4. Arjun Singh, 4. Ravindra Singh, 4. Shruti Khanduri, 5. Bhagwan Sahai Sharma, 5. Narayanam Srikanth.",Journal of Drug Research in Ayurvedic Sciences,2022,7,1
INSILICO AND PHARMACOLOGICAL PROPERTY ANALYSIS OF BIOACTIVE COMPONENTS FROM PRUNUS AVIUM AGAINST DIABETICS.,,,,,
BIOACTIVE POTENTIAL OF BRIDELIA RETUSA (L.) A. JUSS. PLANT: A WILD EDIBLE PLANT.,,,,,
DEVELOPMENT AND EVALUATION OF A POLYHERBAL TABLET FOR POLYCYSTIC OVARIAN SYNDROME (PCOS).,,,,,
IN SILICO SCREENING OF TRIPHALA CHURNA AGAINST BACTERIAL AGENTS.,,,,,
COMPARATIVE PHYSICOCHEMICAL ANALYSIS OF JALAKUMBHIKSHARA PREPARED WITH WATER AND COW URINE.,,,,,
DESIGNING AND RECOGNITION OF INTERNAL TRANSCRIBED SPACER REGION IN SOLANUM SPECIES.,,,,,
PREPARATION OF GOMAYA SWARASA (COW DUNG-EXPRESSED JUICE): A PRELIMINARY PHARMACEUTICAL EVALUATION.,,,,,
DISCOVERY OF IMMUNOMODULATORS FROM PLANT KINGDOM TARGETING IL-6 FOR THE EFFECTIVE MANAGEMENT THERAPY OF SARS-COV-2.,,,,,
PHYSICO-CHEMICAL STANDARDIZATION AND NUTRITIONAL ASSESSMENT OF DEVDARVADYARISHTA.,,,,,
DETECTION OF NONPERMITTED FOOD COLOR METANIL YELLOW IN TURMERIC: A THREAT TO THE PUBLIC HEALTH AND AYURVEDIC DRUG INDUSTRY.,"1. Abhineet Verma, 1. Satyen Saha, 2. Shobha K Bhat.",Journal of Ayurveda,2022,16,2
"ALLELOPATHIC EFFECT OF SOLANUM NIGRUM ON PISUM SATIVUM, ELEUSINE CORACANA AND TRIGONELLA FOENUM GRAECUM.",,,,,
A LIGNAN FROM THE ROOTS OF CROSSANDRA NILOTICA.,,,,,
PHYTOCHEMICAL INVESTIGATIONS OF PLANT TRICHODESMA INDICUM.,,,,,
ROLE OF MEDIA IN THE PHARMACEUTICAL PROCESSING OF KRISHNA VAJRA ABHRAKA - A FOURIER TRANSMISSION INFRARED SPECTROSCOPY STUDY (FTIR).,,,,,
DOCKING STUDIES OF ABRIN WITH ANTI-CEA ANTIBODY-ITS IMPLICATIONS IN DRUG DESIGN.,,,,,
EFFECTS OF BIO-INOCULANTS AND FERTILIZERS ON GROWTH OF MORINGA OLEIFERA PKM1 VARIETY.,,,,,
A NEW GLYCOSIDE FROM SCUTELLARIA SCANDANCE BARK.,,,,,
ISOLATION AND SEPARATION OF PROTEINS FROM THE SEEDS OF SYSMBRIUM IRIO.,,,,,
METALLOGRAPHIC STUDY OF AYURVEDIC BHASMAS- AN ANALYTICAL STUDY OF SWARNA MAKSHIKA (CHALCOPYRITE).,,,,,
"AMOUNT OF NATURAL PRODUCTS AND TOTAL ALKALOID SUBSTANCES IN FRUIT, ROOT AND LEAVES OF PHYSALIS ALKEKENGI.",Habibeh zare.,Biomedical and Pharmacology Journal,2010,3,1
"ESSENTIAL OIL ANALYSIS OF FT-IR AND GC-MS STUDIES OF JASMINUM GRANDIFLORUM, JASMINUM SAMBAC AND POLIANTHUS TUBEROSA FLOWERS.",,,,,
PHARMACOGNOSTICAL EVALUATION OF LEAVES OF VERNONIA CINEREA LESS.,,,,,
PRILIMINARY PHYSIO-CHEMICAL AND PHYTO-CHEMICAL CHARACTERIZATION OF POWDERED MATERIAL OF CASSIA FISTULA FRUIT.,,,,,
STANDARDIZATION OF ABHRAKA SHODHANA - A PHARMACEUTICAL STUDY.,,,,,
ANCIENT PHARMACEUTICAL TECHNIQUES OF BHASMA AND ITS QUALITY CONTROL WITH SPECIAL REFERENCE TO SWARNA MAKSHIKA BHASMA.,,,,,
DETERMINATION OF MICROBIAL LOAD IN REFERENCE TO STABILITY STUDY OF CHURNAS (POWDERS).,,,,,
EVALUATION OF ADSORPTION EFFICIENCY OF ALANGIUM SALVIFOLIUM TREE BARK FOR METHYLENE BLUE RETRIEVAL FROM AQUEOUS SOLUTION.,,,,,
PHYTOCHEMICAL EXTRACTION AND ANALYSIS OF MEDICINALLY IMPORTANT PLANT CISSUS QUDRANGULARIS L. (HADJOD).,,,,,
PROXIMATE ANALYSIS OF LEAVES OF VITEX L. FROM SHENDURJANA (GHAT) OF WARUD TAHSIL OF MAHARASHTRA STATE.,,,,,
PHYTOCHEMICAL INVESTIGATION OF PLANT SEEDS OF CHHATTISGARH: AMINO ACID COMPOSITION OF SEEDS OF BUTEA MONOSPERMA AND OCIMUM GRATISSIUM.,"1. Arpita Pathak, 1. Kiran Vajpai, 2. Sharad K. Vajpai.",Biomedical and Pharmacology Journal,2012,5,1
A NEW KAURANE DITERPENE FROM THE LEAVES OF CALLICARPA MACROPHYLLA VAHL.,,,,,
MEIOTIC STUDY IN CATHARANTHUS ROSEUS.,,,,,
PHARMACOGNOSTIC ASPECT OF SCOPARIA DULCIS L.,,,,,
EFFECT OF MURCHHANA SAMSKARA IN THE PREPARATION OF HINGUTRIGUNA TAILA - AN ANALYTICAL STUDY.,,,,,
ISOLATION AND STUDY OF B-SITOSTEROL THE UNSAPONIFIABLE MATTER FROM THE PLANT MALACHRA CAPITATA (LINN).,,,,,
SYNTHESIS THE MONTMORILLONITE- POMEGRANATE (PUNICA GRANATUM L.) PEEL POLYPHENOLS NANOSTRUCTURE AS A DRUG DELIVERY VEHICLE.,,,,,
MOLECULAR DOCKING STUDY OF CERTAIN PLANT ALKALOID DERIVATIVES AS INHIBITORS OF VARIOUS DRUG TARGETS OF ALZHEIMERS DISEASE.,,,,,
DEVELOPMENT AND VALIDATION OF AN UPLC-ESI-MS/MS ANALYTICAL METHOD FOR THE DETERMINATION OF STREPTOMYCIN AND DIHYDROSTREPTOMYCIN RESIDUES IN HONEY.,,,,,
GC MS ANALYSIS OF ONE AYURVEDIC PREPARATION ASWAGANDHARISHTAM.,,,,,
MOLECULAR DOCKING AND DRUG-LIKENESS FOR THE IDENTIFICATION OF INHIBITORY ACTION OF ACETOGENINS FROM ANNONA MURICATA AS POTENTIAL ANTICANCER AGAINST HYPOXIA INDUCIBLE FACTOR 1 ALPHA.,"1. Supri I. Handayani, 1. Rahmiati, 1. Lisnawati Rahmadi, 2. Rosmalena, 3. Vivitri D. Prasasty.",Biomedical and Pharmacology Journal,2018,11,3
GENETIC DIVERSITY AND DENDROGRAM OF CARDIOSPERMUM HALICACABUM- AN IN VITRO STUDY.,,,,,
MOLECULAR TARGETS AND MECHANISMS OF HEDYOTIS DIFFUSA-SCUTELLARIA BARBATA HERB PAIR FOR THE TREATMENT OF COLORECTAL CANCER BASED ON NETWORK PHARMACOLOGY AND MOLECULAR DOCKING.,,,,,
EFFECT OF PUNICA GRANATUM L. PEEL EXTRACT ON PHYTOPATHOGENIC BACTERIA.,,,,,
NUTRITIONAL VALUE ASSESSMENT OF CISSUS WOODROWII (STAPF EX COOKE) SANTAPAU PLANT PARTS: AN UNDERUTILIZED ENDEMIC PLANT OF WESTERN GHATS OF INDIA.,,,,,
MOLECULE ATTACHMENT AND PREDICTION OF ADMET COMPOUNDS IN CINNAMOMUM BURMANNII ON OREXIN RECEPTOR AS ANTI-INSOMNIA.,,,,,
IN SILICO PHYTOCHEMICAL COMPOUNDS SCREENING OF ALLIUM SATIVUM TARGETING THE MPRO OF SARS-COV-2.,,,,,
IN SILICO INVESTIGATION ON PHYTOCONSTITUENTS IN PAMBURUS MISSIONIS S. FOR ANTIOXIDANT ACTIVITY.,,,,,
DETECTION AND CONFIRMATION OF VARIOUS VARIETIES OF HARITAKI (TERMINALIA CHEBULA RETZ.) IN NORTH-WESTERN GHATS OF NORTH KARNATAKA.,,,,,
STRUCTURAL AND CHEMICAL CHARACTERIZATION OF RASAPARPATI W.S.R TO X-RAY DIFFRACTION.,,,,,
STABILITY STUDY OF SARPAGANDHA GHANA VATI - A PRELIMINARY EVALUATION.,"1. Manohar Bajiya, 2. Punam Aggarwal, 3. R Galib, 3. Pradeep Kumar Prajapati, 3. Pramod R Yadav.",IndianJournal of Ayurveda and Integrative Medicine,2021,2,2
PHARMACOGNOSTIC STUDIES ON LEAVES OF GYMNANTHEMUM AMYGDALINUM WITH SPECIAL REFERENCE TO A NEW ADDITION TO THE FLORA OF SOUTH INDIA.,,,,,
AUGMENTATION OF AESTHETIC AND ANTISOLAR ATTRIBUTES OF A SUNSCREEN CREAM BY METHANOLIC EXTRACT OF RAKTCHANDAN (PTEROCARPUS SANTALINUS).,,,,,
FIRST-ORDER KINETIC STUDY-BASED COMPARATIVE SHELF-LIFE ASSESSMENT OF RAW VETAS (SALIX ALBA L. STEM BARK) AND VETAS GHANA (A SEMISOLID FORM OF SALIX ALBA L. STEM BARK AQUEOUS EXTRACT).,,,,,
"DNA BAR-CODING, PHARMACOGNOSTICAL, AND PHYTOCHEMICAL ANALYSIS OF ATALANTIA MONOPHYLLA DC. LEAVES.",,,,,
"ENRICHMENT OF HYDROALCOHOLIC EXTRACT OF TRIGONELLA FOENUM-GRAECUM L. SEED WITH MAJOR COMPONENTS USING TLC FINGERPRINT, IMAGE ANALYSIS, AND DESIGN OF EXPERIMENT STUDIES.",,,,,
PHARMACEUTICAL AND ANALYTICAL CHARACTERIZATION OF SHATADHOUT GHRITA.,,,,,
AUTHENTICATION OF THE MARKET SAMPLES OF ASHWAGANDHA BY DNA BARCODING REVEALS THAT POWDERS ARE SIGNIFICANTLY MORE ADULTERATED THAN ROOTS.,,,,,
NETWORK PHARMACOLOGY-BASED STRATEGY TO INVESTIGATE PHARMACOLOGICAL MECHANISMS OF TINOSPORA SINENSIS FOR TREATMENT OF ALZHEIMER'S DISEASE.,,,,,
UROLITHIASIS: HPTLC METHOD FOR QUANTITATIVE DETECTION OF RUTIN AND QUERCETIN IN AN HERBAL PLANT.,,,,,
HPLC QUANTIFICATION AND STABILITY STUDY OF ANTILIPIDEMIC POLYHERBAL FORMULATION.,"Smitha Rani, S. L. Manju.",Journal of Natural Remedies,2022,22,3
COMPUTATIONAL INVESTIGATION OF PLANT-BASED BIOACTIVE COMPOUNDS AS INHIBITORS AGAINST TUBERCULOSIS.,,,,,
ANTICANCER SCREENING OF THE PHYTOCHEMICALS PRESENT IN THE MEDICINAL PLANT VITEX NEGUNDO AGAINST MUTANT ANAPLASTIC LYMPHOMA KINASE (ALK) PROTEIN: AN IN-SILICO APPROACH.,,,,,
"FTIR AND ELEMENTARY ANALYSIS OF TRIGONA HONEY, APIS HONEY AND ADULTERATED HONEY MIXTURES.",,,,,
STANDARD OPERATIVE PROCEDURE (SOP) FOR UDUMBER STEM BARK KSHARA SUTRA AND ITS PHYTOPHARMACOLOGICAL APPRAISAL.,,,,,
ACTIVE COMPOUNDS ACTIVITY FROM THE MEDICINAL PLANTS AGAINST SARS-COV-2 USING IN SILICO ASSAY.,,,,,
ANTICANCER ACTIVITIES OF SAPONINS AND QUINONES GROUP THROUGH OXIDATIVE STRESS AND GLYCOLYSIS INHIBITION VIA IN SILICO STUDIES.,,,,,
TARGETING THE EXTRACELLULAR POLYSACCHARIDE PRODUCTION (EPS) BY BIOFILM FORMING BACTERIA FROM ORTHODONTIC BRACKETS AND WIRES THROUGH ANTIQUORUM SENSING ACTION OF BIOACTIVE COMPOUNDS FROM CURCUMA LONGA AND ZINGIBER OFFICINALE.,,,,,
"ESTIMATION OF COPPER AND CADMIUM IN VARIOUS EXTRACTS OF PTERIS VITTATA, CATHARANTHUS ROSEUS AND GANODERMA LUCIDUM.",,,,,
"IN SILICO ANTIMALARIAL 5,7-DIHYDROXY-2- (4-HYDROXYPHENYL) -6- (3-METHYLBUT-2-ENYL) CHROMEN-4-ONE (6-PRENYLAPIGENIN) PLANT CANNABIS SATIVA L. (CANNABACEAE) ENZYME INHIBITOR OF DHFR PLASMODIUM VIVAX.",,,,,
OPTIMIZATION OF GLYCERYL POLYACRYLATE IN NANOEMULGEL OF MANGOSTEEN (GARCINIA MANGOSTANA L.) RIND FRACTION.,"Ni Putu Ayu Dewi Wijayanti, Putu Sanna Yustiantara, I Wayan Agus Widiantara",Biomedical and Pharmacology Journal,2021,14,2
PCOS MODULATORY ACTIVITY OF TINOSPORA CORDIFOLIA LEAVES - AN IN SILICO APPROACH.,,,,,
"GREEN SYNTHESIS OF GOLD NANOPARTICLES: A NOVEL, ENVIRONMENT-FRIENDLY, ECONOMIC, SAFE APPROACH.",,,,,
PHARMACOGNOSTIC AND PHYTOCHEMICAL SCREENING OF DATURA STRAMONIUM BY TLC AND GC-MS: A FORENSIC APPROACH.,,,,,
A STUDY ON HPTLC QUANTIFICATION FOR QUALITY CONTROL OF MYRICETIN A NUTRACEUTICAL FROM DIFFERENT PLANT PARTS OF MYRICA ESCULENTA LINN.,,,,,
IMPACT OF SEASONAL VARIATION ON LUPEOL CONTENT IN LATEX OF CALOTROPIS GIGANTEA R.BR. AND CALOTROPIS PROCERA AIT.,,,,,
COMPARATIVE QUANTITATIVE ESTIMATION OF COLCHICINE IN CORMS OF DIFFERENT COLCHICINE BEARING PLANTS USING HPLC AND HPTLC METHOD.,,,,,
"SIMULTANEOUS METHOD DEVELOPMENT AND VALIDATION OF 1, 8-CINEOLE AND BETULINIC ACID IN SHATI VATI - AN AYURVEDIC FORMULATION BY HPTLC.",,,,,
A COMPARATIVE ANALYTICAL STUDY OF ASHODHIT AND SHODHIT ROOTS OF THEVETIA NERIIFOLIA JUSS. W.S.R YOGRATNAKAR.,,,,,
A COMPARATIVE ANALYSIS OF MACRO AND MICRONUTRIENT CONTENT IN NUTRACEUTICAL ASPARAGUS RACEMOSUS (SHATAVARI ROOTS) BY ENERGY DISPERSIVE X-RAY FLUORESCENCE AND ION CHROMATOGRAPHY.,,,,,
"SIMULTANEOUS QUANTIFICATION OF CURCUMIN, PIPERINE AND CAPSAICIN BY HPTLC IN RASAM, A POLYHERBAL SOUP.","1. Nehal Panseriya, 2. Mohan Maruga Raja MK.",International Journal of Ayurvedic Medicine,2022,13,3
SENSORY EVALUATION TECHNIQUE FOR DISCRIMINATING DIFFERENT SAMPLES OF ABHRAKA BHASMA.,,,,,
PHARMACEUTICO-ANALYTICAL STUDY OF KARAVIRADYA TAILA.,,,,,
MYCORRHIZAL INOCULATION IMPACT ON ACORUS CALAMUS L. - AN ETHNOMEDICINAL PLANT OF WESTERN HIMALAYA AND ITS IN SILICO STUDIES FOR ANTI-INFLAMMATORY POTENTIAL.,,,,,
PHYTOCHEMICAL ANALYSIS OF CLERODENDRON INFORTUNATUM LINN. LEAVES IN VARIOUS SEASONS BY DIFFERENT SOLVENT AND EXTRACTION TECHNIQUES.,,,,,
UNTARGETED METABOLOMICS AND DNA BARCODING FOR DISCRIMINATION OF PHYLLANTHUS SPECIES.,,,,,
PHARMACOGNOSTIC AND PHYTOCHEMICAL STUDIES ON LEAVES OF LAUNAEA SARMENTOSA (WILLD.) SCHULTZ - BIP. EX KUNTZE.,,,,,
DECIPHERING THE METABOLIC PROFILE AND PHARMACOLOGICAL MECHANISMS OF ACHYRANTHES BIDENTATA BLUME SAPONINS USING ULTRA-PERFORMANCE LIQUID CHROMATOGRAPHY QUADRUPOLE TIME-OF-FLIGHT MASS SPECTROMETRY COUPLED WITH NETWORK PHARMACOLOGY-BASED INVESTIGATION.,,,,,
PROTECTIVE MECHANISMS OF NOOTROPIC HERB SHANKHPUSHPI (CONVOLVULUS PLURICAULIS) AGAINST DEMENTIA: NETWORK PHARMACOLOGY AND COMPUTATIONAL APPROACH.,,,,,
AN EXPLORATION OF THE PRELIMINARY UNIT OPERATIVE PHARMACEUTICAL PROCESS OF VAJRA BHASMA (DIAMOND ASH).,,,,,
NETWORK PHARMACOLOGY-BASED STRATEGY TO INVESTIGATE THE MECHANISMS OF CIBOTIUM BAROMETZ IN TREATING OSTEOARTHRITIS.,"1,2. Guang-Yao Chen, 1. Yi-Fei Wang, 1,2. Xin-Bo Yu, 1. Xiao-Yu Liu, 1,2. Jia-Qi Chen, 2,3. Jing Luo, 2,3. Qing-Wen Tao.",Evidence Based Complementary and Alternative Medicine,2022,2022,
EVALUATION OF NUTRITIONAL AND FUNCTIONAL PROPERTIES OF ECONOMICALLY IMPORTANT SEAWEEDS.,,,,,
"SULFATED POLYSACCHARIDES DERIVED FROM HYPNEA VALENTIAE AND THEIR POTENTIAL OF ANTIOXIDANT, ANTIMICROBIAL, AND ANTICOAGULANT ACTIVITIES WITH IN SILICO DOCKING.",,,,,
MECHANISTIC INVESTIGATION OF CURCUMA PROTECTION AGAINST ORAL SUBMUCOUS FIBROSIS.,,,,,
DISCOVERY OF EIGHT ALKALOIDS WITH D1 AND D2 ANTAGONIST ACTIVITY IN LEAVES OF NELUMBO NUCIFERA GAERTN. USING FLIPR ASSAYS.,,,,,
DEVELOPMENT OF NANOEMULSIONS FOR WOUND DRESSINGS CONTAINING CASSIA ALATA L. LEAF EXTRACTION.,,,,,
A-GLUCOSIDASE INHIBITORS FROM SYZYGIUM POLYANTHUM (WIGHT) WALP LEAVES AS REVEALED BY METABOLOMICS AND IN SILICO APPROACHES.,,,,,
"NETWORK PHARMACOLOGY ANALYSIS, MOLECULAR DOCKING, AND IN VITRO VERIFICATION REVEAL THE ACTION MECHANISM OF PRUNELLA VULGARIS L. IN TREATING BREAST CANCER.",,,,,
PHARMACOKINETICS AND TRANSPLACENTAL TRANSFER OF CODEINE AND CODEINE METABOLITES FROM PAPAVER SOMNIFERUM L.,,,,,
OPTIMIZATION AND EVALUATION OF THE QUERCUS INFECTORIA GALLS THERMOSENSITIVE IN SITU GEL FOR RECTAL DELIVERY.,,,,,
IN SILICO SCREENING OF BIOACTIVE COMPOUNDS FROM SYZYGIUM CUMINI L. AND MORINGA OLEIFERA L. AGAINST SARS-COV-2 VIA TETRA INHIBITORS.,"1. Nur Sofiatul Aini, 2. Viol Dhea Kharisma, 2,3. Muhammad Hermawan Widyananda, 2. Ahmad Affan Ali Murtadlo, 2,4. Rasyadan Taufiq Probojati, 5. Dora Dayu Rahma Turista, 6. Muhammad Badrut Tamam, 7. Vikash Jakhmola, 8,9. Devni Prima Sari, 8,10. Muhammad Thoriq Albari, 8,11. Devi Pernamasari, 8,10. Muhammad Arya Ghifari, 8,10. Muhammad Raffi Ghifari, 8,12. Riso Sari Mandeli, 8,13. Muhardi, 8,14. Budhi Oktavia, 8,14. Trisna Kumala Sari, 8,15. Titi Sriwahyuni, 8,16. Putri Azhari, 17. Mirella Fonda Maahury, 18. ANM Ansori1, 8,14. Rahadian Zainul.",Pharmacognosy Journal,2022,14,4
POTENTIAL ANTICANCER PEPTIDES DESIGN FROM THE CYSTEINE RICH PLANT DEFENSINS: AN IN-SILICO APPROACH.,,,,,
"PHARMACOGNOSTIC STUDY OF ROOTS AND AERIAL PARTS OF LESS EXPLORED HERACLEUM CANDICANS WALL. EX DC.FROM BETAAB VALLEY, PAHALGAM, KASHMIR, INDIA.",,,,,
BIOACTIVE COMPOUNDS FROM PURSLANE (PORTULACA OLERACEA L.) AND STAR ANISE (ILLICIUM VERUM HOOK) AS SARS-COV-2 ANTIVIRAL AGENT VIA DUAL INHIBITOR MECHANISM: IN SILICO APPROACH.,,,,,
PHARMACOGNOSTIC STUDY OF CALOTROPIS PROCERA (AITON) W.T. AITON ROOT AND STEM.,,,,,
PHARMACOGNOSTIC EVALUATION AND PHYSICOCHEMICAL ANALYSIS OF CAESALPINIA BONDUCELLA IN MASHI KALPANA.,,,,,
RP-HPLC METHOD FOR SIMULTANEOUS QUANTIFICATION OF BERBERINE CHLORIDE AND GALANGIN IN TINOSPORA CORDIFOLIA M. AND ALPINIA GALANGA L. AND THEIR FORMULATIONS.,,,,,
GENETIC DIVERSITY IN COMMIPHORA WIGHTII (ARN.) BHANDARI (GUGGUL): AN ASSESSMENT OF POPULATIONS IN CONSERVATION SITES OF KACHCHH REGION (GUJARAT) OF INDIA.,,,,,
IN VITRO MICROPROPAGATION OF ENDEMIC TAXON CURCUMA KARNATAKENSIS AND STUDY OF ITS ANTIBACTERIAL ACTIVITY.,,,,,
IN SILICO STUDY OF ENTRY INHIBITOR FROM MORINGA OLEIFERA BIOACTIVE COMPOUNDS AGAINST SARS-COV-2 INFECTION.,,,,,
FORMULATION AND EVALUATION OF COSMETIC PREPARATIONS USING NOVEL NATURAL COLORANT FROM LANTANA CAMARA LINN (CHATURANGI) AND BOMBAX CEIBA LINN (SHAALMALI).,"1. Dheeraj S. Randive, 2. Somnath D. Bhinge, 1. Mangesh A. Bhutkar, 1. Kiran P. Shejawal, 1. Anjum S. Mulla, 1. Monika S. Thorat, 1. Pranoti D. Patil.",Indian Drugs,2022,59,8
IN SILICO SCREENING OF BIOACTIVE COMPOUNDS FROM GARCINIA MANGOSTANA L. AGAINST SARS-COV-2 VIA TETRA INHIBITORS.,,,,,
SUCCESSIVE EXTRACTS GUIDED ISOLATION OF PLUMBAGIN FROM PLUMBAGO ZEYLANICA L. IN THE COURSE OF DEVELOPMENT OF MARKER COMPOUND.,,,,,
PHARMACOGNOSTIC PROFILE OF SIMPLICIA AND ETHANOLIC LEAVES EXTRACT FROM INDONESIAN PIPER BETLE VAR. NIGRA.,,,,,
COMPARATIVE MORPHO-ANATOMICAL STUDIES TO AUTHENTICATE AND DIFFERENTIATE THE STEM BARKS OF CINNAMOMUM VERUM J.PRESL AND CINNAMOMUM CASSIA (L.) J.PRESL AND ITS MARKET SCENARIO.,,,,,
DEVELOPMENT OF A GASTRORETENTIVE POLYHERBAL FORMULATION AND ITS STANDARDIZATION.,,,,,
SEASONAL EVALUATION OF SHATAVARIN-IV BY HPLC FOR THE BEST PROCUREMENT TIME OF ASPARAGUS RACEMOSUS WILLD. TUBERS AND PHARMACOGNOSTICAL STUDIES.,,,,,
DETOXIFICATION OF DATURA METEL L. SEEDS USING SHODHANA (PURIFYING PROCESS) AND ESTIMATION OF SCOPOLAMINE CONTENT.,,,,,
DEVELOPMENT OF A SOLID SELF-EMULSIFYING DRUG DELIVERY SYSTEM OF BOSWELLIA SERRATA.,,,,,
AN HPLC METHOD TO DETERMINE PHENOLIC COMPOUNDS OF PLANT EXTRACTS: APPLICATION TO BYRSONIMA CRASSIFOLIA AND SENNA ALATA LEAVES.,,,,,
QUANTITATIVE ESTIMATION OF IMMUNOMODULATORY FLAVONOID QUERCETIN BY HPTLC IN DIFFERENT LEAFY VEGETABLES AVAILABLE IN WEST BENGAL.,"Tushar Adhikari, Prerona Saha.",Pharmacognosy Research,2022,14,4
BIOSYNTHESIS OF SILVER NANOPARTICLES FROM POLYPHENOLIC EXTRACT OF BALIOSPERMUN SOLANIFOLIUM USING CENTRAL COMPOSITE DESIGN.,,,,,
MACROSCOPIC AND MICROSCOPIC EVALUATION OF SANSEVIERIA CYLINDRICA PLANT.,,,,,
COMPARATIVE PHYSICO CHEMICAL AND PHYTO CHEMICAL STUDY OF COMMERCIAL SAMPLES OF TRIVRUT (OPERCULINA TURPETHUM SILVA. MANSO.) FROM HERBAL DRUG MARKETS OF INDIA.,,,,,
COMPARATIVE GC-MS ANALYSIS OF RAKTACHANDANA (PTEROCARPUS SANTALINUS L.F.) HEARTWOOD AND ITS SUBSTITUTE USHIRA (CHRYSOPOGON ZIZANIOIDES(L.) ROBERTY) ROOTS.,,,,,
EVALUATION OF VRIKSHAYURVEDA TREATMENTS ON PHYSIOLOGICAL ATTRIBUTES AND PRODUCTION OF DITERPENOIDS IN ANDROGRAPHIS PANICULATA (BURM.F.) NEES.,,,,,
COMPARATIVE ANALYTICAL PROFILE OF BENINCASA HISPIDA THUMB. AND CUCURBITA MAXIMA DUCHESNE.,,,,,
CHARACTERIZATION OF CHEMICAL COMPOUNDS OF MEDICINAL IMPORTANCE IN DIOSPYROS MONTANA ROXB.,,,,,
AGE DEPENDENT ALTERATIONS IN PHOTOSYSTEM II ACCEPTOR SIDE IN CUCUMIS SATIVUS COTYLEDONARY LEAF THYLAKOIDS: ANALYSIS OF BINDING CHARACTERISTICS OF HERBICIDE 14C-ATRAZINE.,,,,,
EFFECT OF WATER STRESS ON PROLINE CONTENT AND TRANSCRIPT LEVELS IN LATHYRUS SATIVUS.,,,,,
CLONING AND SEQUENCING OF AN APPARENTLY RECOMBINANT PROMOTER FOR NAPIN GENE FROM BRASSICA CAMPESTRIS GENOMIC LIBRARY AND ITS EVOLUTIONARY SIGNIFICANCE.,"Somnath Bhattacharyya, Radha Kanta Mandal.",Indian Journal of Biochemistry and Biophysics,1999,36,4
PURIFICATION AND CHARACTERISATION OF GELONIN FROM SEEDS OF GELONIUM MULTIFLORUM.,,,,,
PURIFICATION AND CHARACTERIZATION OF CYTOSOLIC PYRUVATE KINASE FROM DEVELOPING SEEDS OF BRASSICA CAMPESTRIS L.,,,,,
PURIFICATION AND CHARACTERIZATION OF A POLY(A)-BINDING PROTEIN FROM CHICKPEA (CICER ARIETINUM) EPICOTYL.,,,,,
PURIFICATION AND CHARACTERIZATION OF SERUM A2-GLOBULIN BINDING PROTEIN FROM ALOCASIA MACRORHIZA TUBER.,,,,,
PEANUT (ARACHIS HYPOGAEA) LECTIN: USE IN QUANTITATION OF DESIALYLATION OF GLYCOPROTEINS.,,,,,
"BINDING MECHANISM OF METHYL-A-N-ACETYL-D-GALACTOPYRANOSYL AMINE TO ARTOCARPUS LAKOOCHA LECTIN, ARTOCARPIN: A PROTON NUCLEAR MAGNETIC RESONANCE STUDY.",,,,,
OXIDATIVE STRESS IN CUCUMBER (CUCUMIS SATIVUS L) SEEDLINGS TREATED WITH ACITFLUORFEN.,,,,,
PURIFICATION AND CHARACTERIZATION OF A HEMAGGLUTININ ISOLATED FROM THE LEAVES OF CHENOPODIUM (CHENOPODIUM AMARANTICOLOR).,,,,,
H -ATPASE AS A BIOCHEMICAL MARKER FOR EARLY DETECTION OF ROOT (WILT) DISEASE IN COCONUT PALMS (COCOS NUCIFERA L).,,,,,
CHARACTERIZATION OF HIGH TEMPERATURE INDUCED STRESS IMPAIRMENTS IN THYLAKOIDS OF RICE SEEDLINGS.,"1,2. B Vani, 2. P Pardha Saradhi, 1. Prasanna Mohanty.",Indian Journal of Biochemistry and Biophysics,2001,38,4
PURIFICATION AND CHARACTERIZATION OF A 29 KDA POLY(A)-BINDING PROTEIN FROM CHICKPEA (CICER ARIETINUM) EPICOTYL.,,,,,
ISOLATION AND CHARACTERIZATION OF NADP -LINKED ISOCITRATE DEHYDROGENASE OF GERMINATING PEA SEEDS (PISUM SATIVUM).,,,,,
PURIFICATION AND PROPERTIES OF ANTIVIRAL PROTEINS FROM THE LEAVES OF BOUGAINVILLEA XBUTTIANA.,,,,,
AFFINITY PURIFICATION AND CHARACTERIZATION OF A SEED LECTIN FROM CROTALARIA MEDICAGINEA.,,,,,
PURIFICATION AND PROPERTIES OF INVERTASE FROM THE FLOWERS OF WOODFORDIA FRUTICOSA.,,,,,
PURIFICATION AND CHARACTERIZATION OF LIPOXYGENASE FROM AROMATIC AND NON-AROMATIC RICE (ORYZA SATIVA L.).,,,,,
MACRO-MICROSCOPY AND HPTLC ATLAS OF HEARTWOOD OF ERYTHROXYLUM MONOGYNUM ROXB. (INDIAN BASTARD SANDALWOOD).,,,,,
"PURIFICATION, CHARACTERIZATION AND CHEMICAL MODIFICATION STUDIES ON A TRANSLATION INHIBITOR PROTEIN FROM LUFFA CYLINDRICA.",,,,,
FTIR BASED METABOLOMICS PROFILING AND FINGERPRINTING OF SOME MEDICINAL PLANTS: AN ATTEMPT TO DEVELOP AN APPROACH FOR QUALITY CONTROL AND STANDARDIZATION OF HERBAL MATERIALS.,,,,,
PHARMACOGNOSTICAL STANDARDIZATION OF BALAMULACHURNA- ROOT POWDER OF SIDA RHOMBIFOLIA SUBSP. RETUSA (L.) BORSSUM.,"1. Thota Jyostna Kumari, 2. Goli Penchala Prasad, 3. Goli Penchala Pratap, 3. Mohd Kashif Husain, 1. Padamata Sai Sudhakar.",Pharmacognosy Research,2023,15,1
CHARACTERIZATION OF TYROSINASE AND ACCOMPANYING LACCASE FROM AMORPHOPHALLUS CAMPANULATUS,,,,,
SIMULTANEOUS QUANTITATIVE DETERMINATION OF SIX TRITERPENOID SAPONINS IN ARDISIA JAPONICA COLLECTED FROM DIFFERENT REGIONS OF CHINA THROUGH LC-ESI-MS.,,,,,
CHANGES IN NMR RELAXATION TIMES IN SOYBEAN AND WHEAT SEEDS EQUILIBRATED AT DIFFERENT TEMPERATURES AND RELATIVE HUMIDITY.,,,,,
PHARMACOGNOSTIC EVALUATION AND DEVELOPMENT OF QUALITY CONTROL PARAMETERS FOR ROOT OF ABELMOSCHUS MANIHOT (L.) MEDIK.,,,,,
ACTIVATION OF TOBACCO LEAF POLYPHENOL OXIDASE BY SODIUM DODECYL SULFATE.,,,,,
PURIFICATION OF CATECHOLASE FROM SOLANUM MELANGENA (BRINJAL).,,,,,
MONITORING OF CANNABIS CULTIVAR TECHNOLOGICAL MATURITY BY TRICHOME MORPHOLOGY ANALYSIS AND HPLC PHYTOCANNABINOID CONTENT.,,,,,
BBD DRIVEN OPTIMIZATION OF EXTRACTION OF THERAPEUTICALLY ACTIVE XANTHANOID MANGIFERIN FROM MANGIFERA INDICA L. LEAVES AND ITS ANTIOXIDANT ACTIVITY.,,,,,
PURIFICATION AND CHARACTERIZATION OF CINNAMYL ALCOHOL-NADPH-DEHYDROGENASE FROM THE LEAF TISSUES OF A BASIN MANGROVE LUMNITZERA RACEMOSA WILLD.,,,,,
NETWORK PHARMACOLOGY IDENTIFICATION AND IN VIVO VALIDATION OF KEY PHARMACOLOGICAL PATHWAYS OF PHYLLANTHUS RETICULATUS (EUPHORBIACEAE) LEAF EXTRACT IN LIVER CANCER TREATMENT.,"1,2. Yunli Tang, 1. Luyao Sun, 2. Jiangcun Wei, 1. Chen Sun, 2. Caiyu Gan, 1. Xiaofang Xie, 2. Chenyan Liang, 1. Cheng Peng, 2. Huaien Wu, 2. Zuowen Zheng, 2. Zhirui Pan, 2. Yuhua Huang.",Journal of Ethnopharmacology,2022,297,
PARTIAL PURIFICATION OF CHLOROPHYLL DEGRADING ENZYMES FROM CAVENDISH BANANA (MUSA CAVENDISHI).,,,,,
MICROBIAL STUDY OF BHALLATAKARISHTA FORMULATE BY TWO DIFFERENT LIQUID MEDIA.,,,,,
"PARTIAL PURIFICATION, CHARACTERIZATION AND PROPERTIES OF TWO ISOFORMS OF GLUTAMINE SYNTHETASE FROM PENNISETUM GLAUCUM L. LEAVES.",,,,,
MORPHOLOGICAL AND ETHNOMEDICINAL STUDY OF BERBERIS NAPAULENSIS (DC.) LAFERR. (SYN. MAHONIA NEPALENSIS DC.).,,,,,
ISOLATION AND CHARACTERIZATION OF TWO N-ACETYL-D-LACTOSAMINE SPECIFIC LECTINS FROM TUBERS OF ARISAEMA INTERMEDIUM BLUME AND A. WALLICHIANUM HOOK F.,,,,,
"DPPH RADICAL SCAVENGING ACTIVITY AND CONTENTS OF H2O2, MALONDIALDEHYDE AND PROLINE IN DETERMINING SALINITY TOLERANCE IN CHICKPEA SEEDLINGS.",,,,,
PURIFICATION AND PARTIAL CHARACTERIZATION OF A-D-MANNOSIDASE FROM ERYTHRINA INDICA SEEDS.,,,,,
EXOGENOUS APPLICATION OF PUTRESCINE AT PRE-ANTHESIS ENHANCES THE THERMOTOLERANCE OF WHEAT (TRITICUM AESTIVUM L.).,,,,,
EMBRYO IS NOT REQUIRED FOR INITIATION OF A-AMYLASE ACTIVITY IN GERMINATING COWPEA (VIGNA UNGUICULATA L.) SEEDS.,,,,,
IN SILICO ANALYSIS OF THE STRUCTURE AND INTERACTION OF COP1 PROTEIN OF ARABIDOPSIS THALIANA.,"Sudha Karumuri, Rajib Bandopadhyay.",Indian Journal of Biochemistry and Biophysics,2014,51,5
MOLECULAR AND BIOCHEMICAL MARKERS ASSOCIATED WITH LEAFFOLDER (CNAPHALOCROCIS MEDINALIS G.) RESISTANCE IN RICE (ORYZA SATIVA L.).,,,,,
OCCURRENCE OF TRYPSIN-LIKE PROTEASE IN CARDAMOM (ELETTARIA CARDAMOMUM MATON).,,,,,
EFFECT OF EXOGENOUS SUCROSE ON THE ENZYMES OF STARCH DEGRADATION AND SUCROSE METABOLISM IN COWPEA (VIGNA UNGUICULATA L.) SEEDLINGS.,,,,,
EXPRESSION OF Delta one-PYRROLINE-5-CARBOXYLATE SYNTHETASE GENE DURING DROUGHT IN RICE (ORYZA SATIVA L.).,,,,,
ANALYSIS OF WATER SOLUBLE POLYSACCHARIDES AS A POTENTIAL CHEMOTAXONOMIC MARKER FOR LANDRACES IN BIXA ORELLANA.,,,,,
INDUCTION OF RESISTANCE IN HOST AGAINST THE INFECTION OF LEAF BLIGHT PATHOGEN (ALTERNARIA PALANDUI) IN ONION (ALLIUM CEPA VAR AGGREGATUM).,,,,,
OXYRADICAL ACCUMULATION AND RAPID DETERIORATION OF SOYBEAN SEEDS DUE TO FIELD WEATHERING.,,,,,
ROLE OF GAMMA-ORYZANOL IN DROUGHT-TOLERANT AND SUSCEPTIBLE CULTIVARS OF RICE (ORYZA SATIVA L.).,,,,,
BEMISIA TABACI FEEDING INDUCES PATHOGENESIS-RELATED PROTEINS IN CASSAVA (MANIHOT ESCULENTA CRANTZ).,,,,,
PURIFICATION OF A PROTEASE INHIBITOR FROM DOLICHOS BIFLORUS USING IMMOBILIZED METAL AFFINITY CHROMATOGRAPHY.,"1. Kalika Kuhar, 1. Anuradha Mittal, 1. Rekha Kansal, 2. Vijay Kumar Gupta.",Indian Journal of Biochemistry and Biophysics,2014,51,1
"EVALUATION OF WATER BINDING, SEED COAT PERMEABILITY AND GERMINATION CHARACTERISTICS OF WHEAT SEEDS EQUILIBRATED AT DIFFERENT RELATIVE HUMIDITIES.",,,,,
INCORPORATION OF NA PLUS/H PLUS ANTIPORTER GENE FROM AELUROPUS LITTORALIS CONFERS SALT TOLERANCE IN SOYBEAN (GLYCINE MAX L.).,,,,,
PURIFICATION OF A PEROXIDASE FROM SOLANUM MELONGENA FRUIT JUICE.,,,,,
"EVALUATION OF CHANGES IN LIPID PEROXIDATION, ROS PRODUCTION, SURFACE STRUCTURES, SECONDARY METABOLITES AND YIELD OF LINSEED (LINUM USITATISSIMUM L.) UNDER INDIVIDUAL AND COMBINED STRESS OF ULTRAVIOLET-B AND OZONE USING OPEN TOP CHAMBERS.",,,,,
ISOLATION OF STRESS RESPONSIVE PSB A GENE FROM RICE (ORYZA SATIVA L.) USING DIFFERENTIAL DISPLAY.,,,,,
"INFLUENCE OF PULSED MAGNETIC FIELD ON SOYBEAN (GLYCINE MAX L.) SEED GERMINATION, SEEDLING GROWTH AND SOIL MICROBIAL POPULATION.",,,,,
INDIVIDUAL AND INTERACTIVE EFFECTS OF ELEVATED CARBON DIOXIDE AND OZONE ON TROPICAL WHEAT (TRITICUM AESTIVUM L.) CULTIVARS WITH SPECIAL EMPHASIS ON ROS GENERATION AND ACTIVATION OF ANTIOXIDANT DEFENCE SYSTEM.,,,,,
CHARACTERIZATION OF DIFFERENTIALLY EXPRESSED STRESS-ASSOCIATED PROTEINS IN STARCH GRANULE DEVELOPMENT UNDER HEAT STRESS IN WHEAT (TRITICUM AESTIVUM L.).,,,,,
EXPRESSION OF A HEAT STABLE PHYTASE FROM ASPERGILLUS FUMIGATUS IN TOBACCO (NICOTIANA TABACUM L. CV. NC89).,,,,,
"MOLECULAR CLONING, CHARACTERIZATION AND EXPRESSION OF LIPOXYGENASE 2 (LOX-2) ISOZYME FROM INDIAN (SOYBEAN GLYCINE MAX (L.) MERRILL) CV. PUSA 16.","Somnath Mandal, Nandita Sahana, A P Rajarani, I M Santha.",Indian Journal of Biochemistry and Biophysics,2013,50,1
UV-B INDUCED CHANGES IN ANTIOXIDANT ENZYMES AND THEIR ISOFORMS IN CUCUMBER (CUCUMIS SATIVUS L.) COTYLEDONS.,,,,,
POTENTIAL OF ANTIOXIDANT ENZYMES IN DEPICTING DROUGHT TOLERANCE OF WHEAT (TRITICUM AESTIVUM L.).,,,,,
EXTRACTION OF BIOACTIVE PRINCIPLES FROM MUCUNA PRURIENS SEEDS.,,,,,
"ENHANCEMENT IN THE GERMINATION, GROWTH AND YIELD OF OKRA (ABELMOSCHUS ESCULENTUS) USING PRE-SOWING MAGNETIC TREATMENT OF SEEDS.",,,,,
CARBOHYDRATE CONTENT AND ANTIOXIDATIVE POTENTIAL OF THE SEED OF THREE EDIBLE INDICA RICE (ORYZA SATIVA L.) CULTIVARS.,,,,,
STUDIES ON GLUCOSE-METABOLIZING ENZYMES IN CYTOSOLIC AND BACTEROIDAL FRACTIONS OF MUNGBEAN (VIGNA RADIATA L.) AND LENTIL (LENS CULINARIS L.) NODULES.,,,,,
PRE-TREATMENT OF SEEDS WITH STATIC MAGNETIC FIELD AMELIORATES SOIL WATER STRESS IN SEEDLINGS OF MAIZE (ZEA MAYS L.).,,,,,
CLONING AND CHARACTERIZATION OF DIACYLGLYCEROL ACYLTRANSFERASE (DGAT) CDNA SEQUENCE FROM BRASSICA JUNCEA CV. PUSA BOLD.,,,,,
PURIFICATION AND CHARACTERIZATION OF MN-PEROXIDASE FROM MUSA PARADISIACA (BANANA) STEM JUICE.,,,,,
CLONING AND CHARACTERIZATION OF A GENE ENCODING NOVEL ZINC FINGER PROTEIN TRANSCRIPTION FACTOR INDUCED UNDER WATER DEFICIT STRESS FROM RICE (ORYZA SATIVA) CV. N-22.,"Khela Ram Soren, Kishwar Ali, Aruna Tyagi.",Indian Journal of Biochemistry and Biophysics,2012,49,1
APPLICATION OF FAST CHLOROPHYLL A FLUORESCENCE TRANSIENT (OJIP) ANALYSIS TO MONITOR FUNCTIONAL INTEGRITY OF PEA (PISUM SATIVUM) MESOPHYLL PROTOPLASTS DURING ISOLATION.,,,,,
PONGAMIA PINNATA SEED CAKE: A PROMISING AND INEXPENSIVE SUBSTRATE FOR PRODUCTION OF PROTEASE AND LIPASE FROM BACILLUS PUMILUS SG2 ON SOLID-STATE FERMENTATION.,,,,,
MITOCHONDRIAL COMPLEX I IMPAIRMENT AND DIFFERENTIAL CARBON MONOXIDE SENSITIVITY OF CYTOCHROME C OXIDASE IN WILD TYPE AND CMS II MUTANTS OF NICOTIANA SYLVESTRIS.,,,,,
ROLE OF CHLOROPHYLLASE IN CHLOROPHYLL HOMEOSTASIS AND POST-HARVEST BREAKDOWN IN PIPER BETLE L. LEAF,,,,,
CLONING AND CHARACTERIZATION OF DROUGHT RESPONSIVE PARTIAL GENE SEQUENCE(S) FROM ORYZA SATIVA L. SUBSP. INDICA.,,,,,
ROLE OF ANTIOXIDANT AND ANAEROBIC METABOLISM ENZYMES IN PROVIDING TOLERANCE TO MAIZE (ZEA MAYS L.) SEEDLINGS AGAINST WATERLOGGING.,,,,,
CHARACTERIZATION OF WATER BINDING AND GERMINATION TRAITS OF MAGNETICALLY EXPOSED MAIZE (ZEA MAYS L.) SEEDS EQUILIBRATED AT DIFFERENT RELATIVE HUMIDITIES AT TWO TEMPERATURES.,,,,,
KINETIC PROPERTIES OF CELL WALL BOUND SUPEROXIDE DISMUTASE IN LEAVES OF WHEAT (TRITICUM AESTIVUM L.) FOLLOWING STRIPE RUST (PUCCINIA STRIIFORMIS) INFECTION.,,,,,
PHOTOINHIBITION AND PHOTOSYNTHETIC ACCLIMATION OF RICE (ORYZA SATIVA L. CV JYOTHI) PLANTS GROWN UNDER DIFFERENT LIGHT INTENSITIES AND PHOTOINHIBITED UNDER FIELD CONDITIONS.,,,,,
BIOCHEMICAL CHARACTERIZATION OF A CALCIUM-SENSITIVE PROTEIN KINASE LECPK2 FROM TOMATO.,"1. Wenjun Chang, 2. Gui Fu, 2. Xin Chen, 1. Jiahong Zhu, 3. Zhili Zhang.",Indian Journal of Biochemistry and Biophysics,2011,48,3
COLD-INDUCED SWEETENING DEVELOPMENT IN INDIAN POTATO (SOLANUM TUBEROSUM L.) VARIETIES.,,,,,
EFFECT OF NICKEL ON ROOT GROWTH AND THE KINETICS OF METAL IONS TRANSPORT IN ONION (ALLIUM CEPA) ROOT.,,,,,
EVALUATION OF OXIDATIVE STRESS TOLERANCE IN MAIZE (ZEA MAYS L.) SEEDLINGS IN RESPONSE TO DROUGHT.,,,,,
POLYGALACTURONASE INHIBITOR PROTEIN FROM FRUITS OF ANTHRACNOSE RESISTANT AND SUSCEPTIBLE VARIETIES OF CHILLI (CAPSICUM ANNUUM L).,,,,,
PURIFICATION AND PARTIAL CHARACTERIZATION OF OXALATE OXIDASE FROM LEAVES OF FORAGE SORGHUM (SORGHUM VULGARE VAR. KH-105) SEEDLINGS.,,,,,
ROLE OF H2O2 AND CELL WALL MONOAMINE OXIDASES IN GERMINATION OF VIGNA RADIATA SEEDS.,,,,,
CHARACTERIZATION OF WATER DISTRIBUTION AND ACTIVITIES OF ENZYMES DURING GERMINATION IN MAGNETICALLY-EXPOSED MAIZE (ZEA MAYS L) SEEDS.,,,,,
CHARACTERIZATION OF SEEDS OF SELECTED WILD SPECIES OF RICE (ORYZA) STORED UNDER HIGH TEMPERATURE AND HUMIDITY CONDITIONS.,,,,,
EFFECT OF EXOGENOUS H2O2 ON ANTIOXIDANT ENZYMES OF BRASSICA JUNCEA L. SEEDLINGS IN RELATION TO 24-EPIBRASSINOLIDE UNDER CHILLING STRESS.,,,,,
REGULATION OF GROWTH AND ANTIOXIDANT ENZYME ACTIVITIES BY 28-HOMOBRASSINOLIDE IN SEEDLINGS OF RAPHANUS SATIVUS L. UNDER CADMIUM STRESS.,"Indu Sharma, Pratap Kumar Pati1, Renu Bhardwaj.",Indian Journal of Biochemistry and Biophysics,2010,47,3
PREPARATION OF GOLD NANOPARTICLES FROM MIRABILIS JALAPA FLOWERS.,,,,,
COMPARATIVE ANTIOXIDANT AND HEPATOPROTECTIVE POTENTIAL QUERCETIN AND CORYCAVIDINE FROM HEDYOTIS CORYMBOSA (L.) LAM. AND SOLANUM XANTHOCARPUM SCHRAD & WENDL.,,,,,
"PRELIMINARY PHARMACOGNOSY, PHYSICO-PHYTOCHEMICAL AND NUTRACEUTICAL PROFILE OF ABHAYADI AVALEHA.",,,,,
GROWTH PROMOTING ACTIVITIES OF ANTAGONISTIC BACTERIAL ENDOPHYTES FROM HEVEA BRASILIENSIS (WILLD. EX A. JUSS.) MULL.ARG.,,,,,
BIOACTIVE MOLECULES AND THE ANTIDIABETIC EFFICACY OF MEMECYLON RANDERIANUM - AN ETHNOMEDICINAL PLANT FROM THE WESTERN GHATS.,,,,,
"ELECTROPHYSIOLOGICAL RESPONSES OF BANANA PSEUDOSTEM WEEVIL, ODOIPORUS LONGICOLLIS OLIVIER (COLEOPTERA: CURCULIONIDAE) TO METHYL JASMONATE, 1-HEXANOL AND HOST PLANT EXTRACT.",,,,,
DETERMINATION OF AMINO ACIDS IN BLACK GARLIC USING HIGH-PERFORMANCE LIQUID CHROMATOGRAPHY AFTER DERIVATIZATION WITH 9-FLUORENYLMETHYLOXYCARBONYL CHLORIDE.,,,,,
"PROCESS OPTIMIZATION OF ULTRASONIC ASSISTED EXTRACTION OF BETALAINS FROM RED BEET, BETA VULGARIS L. WASTE STALKS.",,,,,
"APPLE POMACE AS EFFECTIVE SUBSTRATE FOR GROWTH AND SPORE PRODUCTION OF ENTOMOPATHOGENIC FUNGI, LECANICILLIUM LECANII, BEAUVERIA BASSIANA AND PAECILOMYCES FUMOSOROSEUS.",,,,,
A COMPARATIVE STUDY OF HPLC-DAD AND UPLC-UV METHODS FOR SIMULTANEOUS DETERMINATION OF 11 POLYPHENOLS IN MORINGA OLEIFERA LEAVES.,"1,2,3. Yanqin Zhu, 4. Qinhong Yin, 3. Yaling Yang.",Tropical Journal of Pharmaceutical Research,2021,20,11
"IMPACT OF SHADE NET INTENSITIES ON HERB, ESSENTIAL OIL YIELD AND QUALITY IN HOLY BASIL, OCIMUM TENUIFLORUM L. ELITE GERMPLASM INGR18044.",,,,,
NOVEL PROCESSING METHOD FOR IMPROVED ANTIOXIDANT AND NUTRITIONAL VALUE OF ELEPHANT FOOT YAM (AMORPHOPHALLUS PAEONIIFOLIUS DENNST-NICOLSON).,,,,,
SPECIES DIVERSITY OF GENUS CAPSICUM USING AGROMORPHOLOGICAL DESCRIPTORS AND SIMPLE SEQUENCE REPEAT MARKERS.,,,,,
SHELF LIFE COMPUTATION OF BHALLATAKA RASAYANA: A PRELIMINARY DISQUISITION.,,,,,
RELATIVE PERFORMANCE OF WHEAT GENOTYPES UNDER INDIVIDUAL AND COMBINED WATER DEFICIT AND SALINITY STRESS.,,,,,
"DIVERSITY ANALYSIS OF SWEET POTATO (IPOMOEA BATATASL. LAM) GENOTYPES USING MORPHOLOGICAL, BIOCHEMICAL AND MOLECULAR MARKERS.",,,,,
EFFECT OF POTASSIUM APPLICATION ON YIELD AND QUALITY OF GREEN GRAM (VIGNA RADIATA L.) ON COARSE TEXTURED SOILS OF SOUTHERN HARYANA.,,,,,
ASSESSMENT OF GENETIC FIDELITY IN MICROCLONES OF CURRY LEAF PLANTS (MURRAYAKOENIGII L.)SPRENG.) USING ISSR MARKERS.,,,,,
DEVELOPMENT OF TRANSGENIC CUCUMBER MOSAIC VIRUS (CMV) RESISTANT GERBERA PLANTS EXPRESSING CMV COAT PROTEIN GENE.,,,,,
SIMILARITY AND DOCKING ANALYSIS OF BIOACTIVE COMPOUNDS FROM ADANSONIA DIGITATA L. AGAINST VASCULAR ENDOTHELIAL GROWTH FACTOR RECEPTOR-AN IN SILICO APPROACH.,"Shikha Sharma, Vinay Janardan Shukla.",Journal of Drug Research in Ayurvedic Sciences,2023,8,1
GENETIC VARIABILITY OF EARLY FLOWERING AND YIELD CONTRIBUTING TRAITS IN BARNYARD MILLET (ECHINOCHLOA FRUMENTACEA (ROXB). LINK) GROWN AT DIFFERENT ALTITUDES.,,,,,
PRELIMINARY ANALYSIS OF RASAYANA VATI - A NOVEL HERBAL MEDICINE.,,,,,
META-TOPOLIN AND B-CYCLODEXTRIN ENHANCE MULTIPLE SHOOT AND ROOT PRODUCTION IN BLACK GRAM VIGNA MUNGO L. HEPPER,,,,,
INTERNAL TRANSCRIBED SPACER (ITS) REGIONS: A POWERFUL TOOL FOR ANALYSIS OF THE DIVERSITY OF WHEAT GENOTYPES.,,,,,
IMPACT OF MANNITOL AND POLY ETHYLENE GLYCOL 6000 INDUCED WATER DEFICIT ON PLANT BIOMASS AND MAJOR SECONDARY METABOLITES IN CENTELLA ASIATICA (L.) URB. IN VITRO.,,,,,
INFLUENCE OF LIGHT INTENSITY AND SALINITY ON GROWTH AND ANTIOXIDANT MACHINERY OF THYMUS VULGARIS L.,,,,,
TILLAGE AND NUTRIENT MANAGEMENT INFLUENCE NET GLOBAL WARMING POTENTIAL AND GREENHOUSE GAS INTENSITY IN SOYBEAN-WHEAT CROPPING SYSTEM.,,,,,
BIOLOGICALLY SYNTHESIZED SILVER NANOPARTICLES ECLIPSE FUNGAL AND BACTERIAL CONTAMINATION IN MICRO PROPAGATION OF CAPPARIS DECIDUA (FORSK.) EDGEW: A SUBSTITUTE TO TOXIC SUBSTANCES.,,,,,
FORMULATION AND EVALUATION OF POLYHERBAL HAIR OIL FOR GENERAL PURPOSE.,,,,,
COMPARATIVE PHYSIOLOGICAL AND HISTOLOGICAL INVESTIGATIONS ON RESISTANT AND SUSCEPTIBLE POMEGRANATE GENOTYPES INFECTED WITH XANTHOMONAS AXONOPODIS PV. PUNICAE.,"1,2,3. Priya BT, 3. Murthy BNS, 3. Laxman RH.",Indian Journal of Experimental Biology,2022,60,4
ACCELERATED STABILITY STUDIES OF WEDELOLACTONE IN A POLYHERBAL FORMULATION BY RP-HPLC.,,,,,
EFFECT OF SALT STRESS ON GROWTH AND PHYSIOLOGICAL PARAMETERS OF SORGHUM GENOTYPES AT AN EARLY GROWTH STAGE.,,,,,
"INFLUENCE OF ROOT-KNOT NEMATODE, MELOIDOGYNE INCOGNITA (KOFOID & WHITE) CHITWOOD INFECTION ON DIFFERENT PLANT GROWTH PARAMETERS IN MUNGBEAN, VIGNA RADIATA (L.) WILCZEK.",,,,,
A HEMAGGLUTININ FROM PONGAMIA PINNATA (L.) PIERRE SEED.,,,,,
A COMBINATION PROCESS INCLUDING IONIZING RADIATION FOR HYGIENIZATION AND SHELFLIFE EXTENSION OF LEAFY VEGETABLES.,,,,,
INDUCTION OF SOMATIC EMBRYOGENESIS IN TECOMELLA UNDULATA (SM.) SEEM USING A PISTILLATE EXPLANT.,,,,,
CHROMIUM (VI) BIOSORPTION USING NOVEL BIOSORBENTS FROM CALOTROPIS GIGANTEA.,,,,,
"TERMINAL HEAT STRESS IN INDIAN MUSTARD (BRASSICA JUNCEA L.): VARIATION IN DRY MATTER ACCUMULATION, STEM RESERVE MOBILIZATION, CARBOHYDRATES TRANSLOCATION AND THEIR CORRELATION WITH SEED YIELD.",,,,,
"PROTECTIVE ROLE OF ANTIOXIDATIVE ENZYMES AND ANTIOXIDANTS AGAINST IRON-INDUCED OXIDATIVE STRESS IN THE CYANOBACTERIUM ANABAENA SPHAERICA ISOLATED FROM IRON RICH PADDY FIELD OF CHHATTISGARH, INDIA.",,,,,
AMELIORATING DROUGHT STRESS IN SUGARCANE (SACCHARUM SPP.) USING BIOSTIMULANTS.,"1. Gomathi Raju, 2. Nori Sri Sailaja, 1. Vengavasi Krishnapriya, 3. Prakash M.",Indian Journal of Experimental Biology,2022,60,7
"INFLUENCE OF NAPHTHALENE ACETIC ACID ON FRUIT SETTING, FRUIT QUALITY AND YIELD OF MANILKARA ACHRAS L. CV. KALIPATTI UNDER SUBTROPICAL CONDITIONS.",,,,,
"SCREENING FOR SEEDLING STAGE SALINITY TOLERANCE AND COMPARATIVE TRANSCRIPTOME ANALYSIS IN RICE, ORYZA SATIVA L.",,,,,
UNDERSTANDING THE STARCH DIGESTIBILITY CHARACTERISTICS OF INDIAN MAIZE HYBRIDS.,,,,,
"GENETIC DIVERSITY AND MARKER TRAIT ASSOCIATION FOR YELLOW MOSAIC VIRUS DISEASE IN GREEN GRAM, VIGNA RADIATA (L.) WILCZEK.",,,,,
DEVELOPMENT OF MUTRALA KASHAYA - A NOVEL AYURVEDIC DECOCTION.,,,,,
VALIDATING THE PHYSIOLOGICAL POTENTIAL OF ZERO MONOPODIAL COMPACT COTTON TCH 1819 CULTURE BY CHEMICAL MANIPULATION.,,,,,
ROLE OF POLYAMINES ON IN VITRO REGENERATION AND PODOPHYLLOTOXIN PRODUCTION IN PODOPHYLLUM HEXANDRUM ROYLE.,,,,,
"DETERMINATION OF RESOURCE MOBILIZATION DURING SEEDLING GROWTH OF PALMYRA PALM, BORASSUS FLABELLIFER L.",,,,,
PHENOTYPIC DIVERSITY AND STABILITY OF EARLY MATURING BARNYARD MILLET (ECHINOCHLOA SP.) GERMPLASM FOR GRAIN YIELD AND ITS CONTRIBUTING TRAITS.,,,,,
TIME COURSE EVALUATION OF PROVITAMIN A CAROTENOIDS STORED UNDER DIFFERENT STORAGE REGIMENS IN MAIZE.,"1. Harmanjot Kaur, 2. Abhijit Kumar Das, 1. Mehak Sethi, 2. Mukesh Choudhary, 2. Sujay Rakshit, 2. Dharam Paul Chaudhary.",Indian Journal of Experimental Biology,2021,59,2
PHYSIOCHEMICAL RESPONSE OF PAPAYA GENOTYPES EXPOSED TO LOW TEMPERATURE REGIMES.,,,,,
REGENERATION OF TRACHYSPERMUM AMMI L. SPRAGUE ECOTYPES VIA INDIRECT SOMATIC EMBRYOGENESIS USING HYPOCOTYL AND EPICOTYL EXPLANTS.,,,,,
BIOPOTENCY AND TOXICITY OF DIVERSE GROUP OF INSECTICIDES UNDER LABORATORY CONDITION AGAINST SUNFLOWER DEFOLIATOR SPILARCTIA OBLIQUA (WALKER).,,,,,
PHYSIOLOGICAL STUDIES AND NUTRIENT ACCUMULATION IN MUSTARD VARIETIES IN RESPONSE TO FERTILIZER DOSES UNDER SALINE CONDITION IN SEMI-ARID REGION OF NORTHWESTERN HARYANA.,,,,,
MOLECULAR CLONING AND IN SILICO ANALYSIS OF HEAT STRESS RESPONSIVE GENE CLPB1 FROM ZIZIPHUS NUMMULARIA GENOTYPES.,,,,,
"CULTURAL, MORPHOLOGICAL AND MOLECULAR DIVERSITY OF USTILAGINOIDEA VIRENS (COOKE) TAK. ISOLATES CAUSING FALSE SMUT OF RICE IN DIFFERENT AGROCLIMATIC REGIONS OF KARNATAKA.",,,,,
EVALUATION OF SOME EFFECTIVE POTENTIALITIES OF NEWLY FORMULATED RICE FERMENTED FOOD USING ELEPHANTOPUS SCABER L. RHIZOME AS HERBAL STARTER.,,,,,
POPULATION STRUCTURE AND ASSOCIATION STUDIES FOR REPRODUCTIVE STAGE SALINITY TOLERANCE IN RICE (ORYZA SATIVA L.).,,,,,
ETHYLENE INDUCED STAY-GREEN GENE EXPRESSION REGULATES DROUGHT STRESS IN WHEAT.,,,,,
ENHANCEMENT OF MANGIFERIN BY FUNGAL ENDOPHYTES ISOLATED FROM SALACIA CHINENSIS L. AND SALACIA OBLONGA WALL.,"1. Jasmeet Kaur, 2. Minakshi Verma, 1. Bibhu Prasad Panda, 2. Vidhu Aeri,",Indian Journal of Experimental Biology,2022,60,10
"GRAFT-INDUCED VARIATIONS ON MORPHOLOGICAL, BIOCHEMICAL AND MOLECULAR PARAMETERS IN APPLE (MALUS X DOMESTICA BORKH.).",,,,,
"VARIABILITY AND TRAITS ASSOCIATION ANALYSES IN BACTERIAL WILT RESISTANT F4 PROGENIES OF TOMATO, SOLANUM LYCOPERSICUM L. FOR YIELD AND BIOCHEMICAL TRAITS.",,,,,
NOVEL APPLICATION OF NERIUM LEAF AND IMAGE J SOFTWARE IN DROP COLLAPSE ASSAY FOR RAPID SCREENING OF BIOSURFACTANT PRODUCING MICROORGANISMS.,,,,,
EFFECTS OF TEMPERATURE AND TREATED URBAN WASTEWATER ON SEED GERMINATION AND SEEDLING GROWTH IN DIFFERENT POPULATIONS OF MORINGA OLEIFERA (LAM.).,,,,,
"PLANT GROWTH PROMOTING ACTIVITIES OF P SOLUBILIZING BACTERIA AND THEIR IMPACT ON DISEASE RESISTANCE IN GROUNDNUT, ARACHIS HYPOGAEA L. AGAINST SOIL BORNE FUNGAL PATHOGENS.",,,,,
SEEDLING VIGOUR AS A POTENTIAL INDICATOR FOR RAPID SCREENING OF RICE (ORYZA SATIVA L.) GENOTYPES FOR ALUMINIUM (AL) TOXICITY TOLERANCE.,,,,,
IN VITRO FLORIGENESIS: AN EFFICIENT REGENERATION SYSTEM AVOIDING TIME CONSUMING VEGETATIVE PHASE IN POPULAR INDIAN SOYBEAN VARIETY JS-335.,,,,,
BIOACTIVITY GUIDED FRACTIONATION OF BOMBAX CEIBA L. ROOT EXTRACT FOR ANTIDEPRESSANT ACTIVITY AND ELUCIDATION OF MECHANISM OF ACTION USING IN SILICO STUDIES.,,,,,
CHANGES IN EXPRESSION OF POLYAMINES AND ETHYLENE BIOSYNTHESIS GENES IN GROUNDNUT (ARACHIS HYPOGAEA L.) GENOTYPES DURING SCLEROTIUM ROLFSII INFECTION.,,,,,
INVESTIGATION OF THE POTENTIAL MECHANISM OF ALPINIA OFFICINARUM HANCE IN IMPROVING TYPE 2 DIABETES MELLITUS BASED ON NETWORK PHARMACOLOGY AND MOLECULAR DOCKING.,"Xuguang Zhang, 1. Xiangyi Li, 1. Hailong Li, 1. Mingyan Zhou, 1. Yuxin Zhang, 1. Weiyong Lai, 1. Xiuwen Zheng, 2. Feihu Bai, 1. Junqing Zhang",Evidence-Based Complementary and Alternative Medicine,2023,2023,
QUALITY CONTROL MEASURE OF JEEVA RASA AVALEHA: A MALE SEXUAL STIMULANT.,,,,,
ISOLATION OF OLEUROPEIN FROM OLIVE LEAF BY EFFECTIVE METHOD AND INVESTIGATION OF ITS ANTIMICROBIAL PROPERTIES.,,,,,
PHYTOCHEMICALS AND ANTIOXIDANT ACTIVITY OF SISYMBRIUM IRIO L. SEEDS.,,,,,
PHYTOCHEMICAL INVESTIGATIONS ON THE THERAPEUTIC PROPERTIES OF ENSETE GLAUCUM (ROXB.) CHEESMAN.,,,,,
PHARMACEUTICAL STANDARDIZATION AND PHYSICOCHEMICAL CHARACTERIZATION OF TRADITIONAL AYURVEDIC MINERAL DRUG RED OCHRE ROASTED IN COWS GHEE (SHUDDHA GAIRIK).,,,,,
QUANTITATIVE ANALYSIS OF BIO-ACTIVE PHYTOCHEMICAL(S) IN SELECTED SCENTED RICE VARIETIES (ORYZA SATIVA) REVEALS ITS INTAKE TOWARDS ADVANTAGE AGAINST METABOLIC DISORDERS.,,,,,
IMPROVISED STORAGE OF CASSIA FISTULA L. FRUIT POD WITH SPECIAL REFERENCES TO AYURVEDIC PRINCIPLES AND PRACTICES BY TRADITIONAL TEXT: AN ANALYTICAL INVESTIGATION.,,,,,
"TAXONOMY, PHARMACOGNOSY AND PHYTOCHEMICAL CHARACTERISTICS TO IDENTIFY THE AUTHENTIC AND SUBSTITUTE BOTANICAL SOURCES USED AS AGNIMANTHA.",,,,,
FATTY ACID COMPOSITION AND BIOACTIVITY OF SESBANIA SESBAN SEED OIL.,,,,,
ASSESSMENT OF GENETIC DIVERSITY USING MORPHOLOGICAL AND MOLECULAR MARKERS IN TRADITIONAL CULTIVARS OF MANGO (MANGIFERA INDICA L.).,"1. Durgam Sridhar, 1. Bikash Ghosh, 2. Arpita Das, 3. Krishnendu Pramanik.",Indian Journal of Traditional Knowledge,2022,21,2
"BIO-FUNCTIONAL PROPERTIES AND STORAGE STUDY OF CHUBITCHI- A FERMENTED RICE BEVERAGE OF GARO HILLS, MEGHALAYA.",,,,,
MOLECULAR DOCKING OF POTENTIAL INDIAN MEDICINAL PLANT COMPOUNDS AGAINST DENGUE VIRAL PROTEINS.,,,,,
RAPID AND SENSITIVE HIGH-PERFORMANCE THIN-LAYER CHROMATOGRAPHIC (HPTLC) METHOD FOR IDENTIFICATION AND QUANTIFICATION OF LUTEOLIN BY DENSITOMETRY IN KASAMARDA (CASSIA OCCIDENTALIS L.).,,,,,
EFFECT OF PARTICLE SIZE OF RAGI FLOUR ON PHYSICO-CHEMICAL AND SENSORY PROFILE OF RAGI MUDDE.,,,,,
COMPARISON OF NUTRIENT COMPOSITION OF WILD DIOSCOREA SPECIES CONSUMED BY ETHNIC GROUPS OF ODISHA IN INDIA WITH COMMERCIALLY CULTIVATED ROOTS AND TUBERS.,,,,,
EFFECT OF REPEATED EXTRACTION OF WHITE ASH WITH WATER ON PHYSICOCHEMICAL PROPERTIES OF PALASH KSHAR.,,,,,
MORPHOLOGICAL CHARACTERIZATION OF SALI RICE ACCESSIONS OF NORTH EAST INDIA.,,,,,
"OPTIMIZATION OF FERMENTATION VARIABLES FOR AYURVEDIC FORMULATION, DRAKSHASAVA BY RESPONSE SURFACE METHODOLOGY AND ITS MARKER BASED VALIDATION STUDIES.",,,,,
"PHYTOCHEMICALS, MINERAL CONTENTS AND ANTIOXIDANT PROPERTY OF WILD EDIBLE FRUITS OF SIKKIM HIMALAYA.",,,,,
DEVELOPMENT AND STANDARDISATION OF LAGHU SUDARSHAN CHURNA - AN AYURVEDIC POLYHERBAL FORMULATION.,"1. Anupam Kumar Mangal, 2. Rinku Tomer, 1. Heena Jindal, 3. Shyam Baboo Prasad, 2. Harjeet Singh, 1. Bhagwan S Sharma, 1. Narayanam Srikanth, 1. Kartar Singh Dhiman.",Indian Journal of Traditional Knowledge,2022,21,1
"IDENTIFICATION AND QUANTIFICATION OF BIOLOGICAL ACTIVE CONSTITUENTS OF AMRITARISHTA, A HERBAL FORMULATION.",,,,,
DEVELOPMENT OF QUALITY STANDARDS OF TRIPHALA KWATHA CHURNA WITH ITS INGREDIENTS THROUGH HPTLC AND MASS SPECTROSCOPY.,,,,,
EX SITU CONSERVATION AND QUALITATIVE CHARACTERIZATION OF TRADITIONAL CULTIVARS OF RICE (ORYZA SATIVA L.),,,,,
COMPARATIVE PHARMACOGNOSTICAL STUDIES OF THREE MAHONIA SPECIES: EXPLORING THE POSSIBILITIES AS A SUBSTITUTE FOR THE AYURVEDIC DRUG DARUHARIDRA.,,,,,
"EFFECT OF MODIFIED ATMOSPHERE PACKAGING ON PHYSICAL, BIO-CHEMICAL AND FUNCTIONAL PROPERTIES OF JAMUN (SYZYGIUM CUMINI) DURING STORAGE.",,,,,
ANTIOXIDANT ACTIVITY OF SESAME OIL ON OXIDATIVE STABILITY OF OLIVE OIL.,,,,,
COMPARATIVE STUDY ON PHYSICAL CHARACTERISTICS AND NUTRITIONAL COMPOSITION OF PUMPKIN (CUCURBITA MOSCHATA) AT DIFFERENT STAGES OF MATURITY.,,,,,
BIOSYNTHESIS OF ZINC OXIDE NANOPARTICLES VIA LEAF EXTRACTS OF CATHARANTHUS ROSEUS (L.) G. DON AND THEIR APPLICATION IN IMPROVING SEED GERMINATION POTENTIAL AND SEEDLING VIGOR OF ELEUSINE CORACANA (L.) GAERTN,,,,,
"PHARMACOGNOSY, PHYTOCHEMISTRY, AND MOLECULAR STUDIES OF AN IMPORTANT MEDICINAL HERB ACHILLEA MILLEFOLIUM L.",,,,,
X-RAY DIFFRACTION STUDY FOR CHEMICAL ANALYSIS OF RAJAT BASED BHASMAS.,Sonali Dhamal.,International Journal of Ayurvedic Medicine,2022,13,4
SEM-EDAX AND ICP-OES ANALYSIS OF RASA BHASMA ALONG WITH ITS PHYSICO-CHEMICAL CHARACTERIZATION.,,,,,
PHYSICOCHEMICAL AND PHYTOCHEMICALS INVESTIGATION OF DOOSHIVISHARI AGADA BY HPLC.,,,,,
IDENTIFICATION OF PHYTOCONSTITUENTS FOR COMBATING POLYCYSTIC OVARIAN SYNDROME THROUGH IN SILICO TECHNIQUES.,,,,,
NETWORK PHARMACOLOGY AND MOLECULAR DOCKING STUDY OF THE ACTIVE INGREDIENTS IN SAPTASARAM KASHAYAM FOR THE TREATMENT OF POLYCYSTIC OVARY SYNDROME.,,,,,
"PHARMACOGNOSTIC, PHYTOCHEMICAL ANALYSIS AND IN-VITRO ANTIOXIDANT ACTIVITY OF SENECIO EDGEWORTHII HOOK PLANT.",,,,,
FINGERPRINTS OF TWO MEDICINAL SPECIES OF ALTERNANTHERA - A. FICOIDEA AND A. SESSILIS TO FACILITATE DIFFERENTIATION IN DRIED FORM.,,,,,
"GC-MS ANALYSIS AND QUALITATIVE PHYTOCHEMICAL SCREENING OF ARISTOLOCHIA ASSAMICA, A NEWLY DISCOVERED RARE MEDICINAL PLANT SPECIES OF INDIA.",,,,,
FORMULATION AND EVALUATION OF HERBAL LIPSTICK FROM PIGMENT OF NYCTANTHES ARBOR-TRISTIS.,,,,,
STRUCTURAL INVESTIGATION OF AYURVEDA LAUHA (IRON) BHASMA.,,,,,
AN ALTERNATIVE EXCIPIENT FROM VEGETABLE SOURCE FOR ORAL DRUG DOSAGE FORMS TO REGULATE DRUG DELIVERY.,"Gatla Venkata Amruthavalli, Arumugam Vijayalakshmi",Indian Journal of Pharmaceutical Education and Research,2023,57,1s
"THE POTENTIAL OF MALE PAPAYA (CARICA PAPAYA, L.) FLOWER AS A FUNCTIONAL INGREDIENT FOR HERBAL TEA PRODUCTION.",,,,,
EVALUATION OF NUTRITIONAL AND PHYTOCHEMICAL PROFILING OF BACCAUREA RAMIFLORA LOUR. SYN. BACCAUREA SAPIDA (ROXB.) MULL. ARG. FRUITS.,,,,,
"VALIDATION OF INDIGENOUS KNOWLEDGE ON EDIBILITY OF BABY CLAM, KATYLESIA OPIMA FROM THE RATNAGIRI COAST OF MAHARASHTRA.",,,,,
CYTOTOXICITY AND PHYTOCHEMICAL PROFILES OF PHYLLANTHUS EMBLICA STEM BARKS WITH IN SILICO DRUG-LIKELINESS: FOCUSING ON ANTIDIABETIC POTENTIALS.,,,,,
ADOPTION OF INDIGENOUS PADDY CULTIVATION PRACTICES BY TRIBAL FARMERS OF TAMIL NADU.,,,,,
MINERAL CONTENTS OF TRADITIONAL BREADS ENRICHED WITH FLORAL HONEY.,,,,,
INFLUENCE OF DIFFERENT FERMENTATION CONDITIONS ON THE FORMULATION AND DEVELOPMENT OF AMLA (EMBLICA OFFICINALIS GAERTIN.) WINE.,,,,,
ASSESSMENT OF PHARMACOGNOSTIC SPECIFICATION OF CANNABIS SATIVA LEAVES IN THAILAND.,,,,,
POTENTIAL OF HIBISCUS SABDARIFFA L. CALYX (ROSELLA) EXTRACT AS ANTIBACTERIAL AGENT IN DENTAL DISEASE: PHYTOCHEMICAL AND CHEMICAL COMPONENTS PROFILING.,,,,,
"COMMON BEAN (PHASEOLUS VULGARIS L., FABACEAE), LANDRACES OF LUSHAI HILLS IN INDIA: NUTRIENTS AND ANTIOXIDANTS SOURCE FOR THE FARMERS.","1. S K Dutta, 2. Dibyendu Chatterjee, 3. D Sarkar, 1. S B Singh, 1. T Boopathi, 2. Kuotsu Rukuosietuo, 2. Vikramjeet K, 1. Akoijam R S, 1. Saha S, 1. Vanlalhmangaiha, 1. Malsawmzuali, 1. Chowdhury S, 1. Lungmuana.",Indian Journal of Traditional Knowledge,2016,15,2
"INDIGENOUS KNOWLEDGE OF TRADITIONAL LANDRACES IN RICE (ORYZA SATIVA L.) IN SITU CONSERVATION OF TAMIL NADU, INDIA.",,,,,
IDENTIFICATION AND QUANTIFICATION OF POLYPHENOLIC COMPOUNDS IN UNDERUTILIZED FRUITS (STAR FRUIT AND EGG FRUIT) USING HPLC.,,,,,
BIOACTIVE PHYTOCONSTITUENTS OF ETHANOLIC EXTRACT FROM CHROMOLAENA ODORATA LEAVES INTERACT WITH VASCULAR ENDOTHELIAL GROWTH FACTOR AND CYCLOOXYGENASE-2: A MOLECULAR DOCKING STUDY.,,,,,
CHARACTERIZATION OF NUTRACEUTICALS IN BAEL POWDER PREPARED FROM FRUITS HARVESTED AT DIFFERENT DEVELOPMENTAL STAGES.,,,,,
AUTHENTICATION OF COMMERCIAL SAMPLES OF SHANKHPUSHPI THROUGH PHYSICO-PHYTOCHEMICAL ANALYSIS AND TLC FINGERPRINTING.,,,,,
STANDARDIZATION AND QUALITY CONTROL OF DARVYADI PRAVAHI KVATHA - AN AYURVEDIC FORMULATION.,,,,,
PHARMACOGNOSTIC EVALUATION OF BILVA AEGLE MARMELOS (L.) CORREA ROOT BARK.,,,,,
"ASSESSMENT OF PHYSICOCHEMICAL, FUNCTIONAL AND NUTRITIONAL PROPERTIES OF RAW AND TRADITIONAL POPPED RICE.",,,,,
NUTRITIONAL AND PHYTOCHEMICAL EVALUATION OF A. LIVIDUS L.SYN. AMARANTHUS BLITUM SUBSP. OLERACEUS (L.) COSTEA LEAVES.,,,,,
A MODERN FORMULATION OF TRADITIONAL MEDICINE: JUJUBE (ZIZIPHUS JUJUBA MILL.) FRUIT SYRUP.,"1. Zahra Sobhani, 1. Seyed Ahmad Emami, 2,3. Bibi Sedigheh Fazly Bazzaz, 3. Omid Rajabi.",Indian Journal of Traditional Knowledge,2019,18,4
A TRADITIONAL FOOD: SUNFLOWER (HELIANTHUS ANNUUS L.) AND HEATHER CALLUNA VULGARIS (L.) HULL HONEYS.,,,,,
PHYSICAL PROPERTIES OF AN INDIAN AYURVEDIC MEDICINE (SHANKH BHASMA) AS NANO MATERIALS FOR ITS APPLICATION.,,,,,
"NEPENTHES KHASIANA HOOK F., AN ENDANGERED TROPICAL PITCHER PLANT OF INDIA.",,,,,
NUTRITIONAL EVALUATION OF RHUS CHINENSIS MILL. (HEIMANG) AND DEVELOPMENT OF VALUE ADDED PRODUCTS.,,,,,
CURATIVE REMEDIES FOR RHEUMATOID ARTHRITIS: HERBAL INFORMATICS APPROACH FOR RATIONAL BASED SELECTION OF NATURAL PLANT PRODUCTS.,,,,,
"ON THE USE OF DALBERGIA STIPULACEA ROXB. (FABACEAE) IN ORAL HEALTHCARE WITH SUPPLEMENTARY NOTES ON SPECIES USED IN ORAL HYGIENE IN MANIPUR, INDIA.",,,,,
PHARMACOGNOSTICAL STANDARDIZATION AND HPTLC FINGERPRINTING ANALYSIS OF CROCUS SATIVUS L.,,,,,
DEVELOPMENT OF CHEWABLE TABLET OF TRIKATU CHURNA AND STANDARDIZATION BY DENSITOMETRY.,,,,,
"PURIFICATION OF GUGGUL BY AYURVEDIC PROCESS (SHODHANA), ESTIMATION OF GUGGULSTERONE E & Z BEFORE AND AFTER PURIFICATION BY HPLC ANALYSIS.",,,,,
TRADITIONAL WISDOM OF MEITEI COMMUNITY REGARDING ELIMINATION OF CYANOGENIC GLYCOSIDES IN BAMBOO SHOOT FOOD PRODUCTS.,"1. Yengkokpam Ranjana Devi, 1. Amrit Chakma, 2. Supriya Yenkokpam.",Indian Journal of Traditional Knowledge,2017,16,3
STANDARDIZATION OF DHANYAPANCHAKA KVATHA GHANA VATI- AN AYURVEDIC FORMULATION.,,,,,
EVALUATION OF AYURVEDIC COMPOUND FORMULATIONS 6- PANCHKOLA CHURNA.,,,,,
EFFICACY OF LIQUID FORMULATION OF VERSATILE RHIZOBACTERIA ISOLATED FROM SOILS OF THE NORTH-WESTERN HIMALAYAS ON SOLANUM LYCOPERSICUM.,,,,,
"ASSESSMENT OF CALORIMETRIC, ANTIBACTERIAL AND FASTNESS PROPERTIES OF SILK FABRIC DYED WITH CASUARINA EQUISETIFOLIA L. LEAF EXTRACT.",,,,,
REDISCOVERING NANO DRUG DELIVERY SYSTEMS IN AYURVEDIC LIPID BASED FORMULATIONS.,,,,,
NUTRITIVE INVESTIGATION OF PLANTS USED IN DIETETICS: WITH SPECIAL REFERENCE TO YOGA.,,,,,
HERBAL INFORMATICS APPROACH FOR THE SELECTION OF NATURAL COMPOUNDS TARGETING DIABETES MELLITUS.,,,,,
"ASSESSMENT OF PHYTOCHEMICAL, ANTIOXIDANT AND GENETIC DIVERSITIES AMONG SELECTED MEDICINAL PLANT SPECIES OF MIMOSOIDEAE (MIMOSACEAE).",,,,,
CHEMICAL EVALUATION OF MUCUNA SPECIES FOR L-DOPA CONTENT - AN ANTI-PARKINSONS DRUG YIELDING MEDICINAL PLANT FROM INDIA.,,,,,
IN SILICO ANALYSIS OF CYCLEA PELTATA (LAM.) HOOK.F. THOMSON ROOT EXTRACT FOR DOCKING STUDIES OF THE COMPOUND B-ESTRADIOL.,"1. Meena J, 2. Archana D, 2. Santhy KS.",Indian Journal of Traditional Knowledge,2018,17,1
CHEMICAL CHARACTERIZATION OF AN AYURVEDIC HERBO-MINERAL PREPARATION- AROGYAVARDHANI VATI: A POTENTIAL TOOL FOR QUALITY ASSURANCE.,,,,,
FORMULATION AND STANDARDIZATION OF PEETHA SAIREYAKA TABLET A NOVEL AYURVEDIC DRUG TO COMBAT CHRONIC TONSILLITIS IN CHILDREN.,,,,,
PHARMACOGNOSTICAL AND PHYTOCHEMICAL STUDIES OF ATIBALA (ABUTILON INDICUM LINN. SWEET) FRUIT.,,,,,
"QUANTITATIVE ESTIMATION OF TOTAL TANNIN, ALKALOID, PHENOLIC, AND FLAVONOID CONTENT OF THE ROOT, LEAF, AND WHOLE PLANT OF BYTTNERIA HERBACEA ROXB.",,,,,
IN-SILICO PREDICTION OF PHYTOCONSTITUENTS FROM PHYLLANTHUS NIRURI FOR ANTICANCER ACTIVITY AGAINST PROSTATE CANCER TARGETING PIM-1 KINASE,,,,,
PHARMACOGNOSTICAL AND PHARMACEUTICAL EXPLORATION OF THE TRADITIONAL MEDICINE IPOMOEA CARNEA JACQ.,,,,,
PROBABLE MODE OF ACTION OF SIDA CORDIFOLIA IN DYSPAREUNIA AN IN-SILICO NETWORK PHARMACOLOGICAL APPROACH.,,,,,
SOME QUALITY STANDARDS FOR DRONAPUSHPI PANCHANGA (LEUCAS ASPERA SPRENG) POWDER.,,,,,
QUALITATIVE PHYTOCHEMICAL CHARACTERIZATION AND FREE RADICAL SCAVENGING ACTIVITY OF TALAPOTAKA CHURNA.,,,,,
PRELIMINARY ANALYTICAL STUDY OF BHALLATAKADI KSHARA (HERBOMINERAL PREPARATION).,"Pravin M. Jawanjal, 1. Prashant B. Bedarkar, 1. Biswa Jyoti Patgiri, 2. Shriram S. Savrikar.",International Journal of Ayurveda Research,2023,4,1
SEASONAL ASSESSMENT OF ASIATICOSIDE CONTENT IN CENTELLA ASIATICA (L.) URB. BY HPLC AND PHARMACOGNOSTICAL STUDIES TO ESTABLISH ITS BEST PROCUREMENT TIME.,,,,,
PHARMACOGNOSTICAL AND PHARMACEUTICAL ANALYSIS OF JEEVANTYADI AVALEHA: A POLYHERBAL AYURVEDIC FORMULATION.,,,,,
DETERMINATION OF TOTAL ALKALOID CONTENT IN UNPURIFIED DHATTURA BEEJA (DATURA METEL L. SEEDS) AND PURIFIED DHATTURA BEEJA (D. METEL L. SEEDS) BY UV-SPECTROSCOPIC METHOD.,,,,,
PHARMACEUTICO-ANALYTICAL STANDARDIZATION OF AMAVATARI RASA - A HERBO-MINERAL FORMULATION.,,,,,
PREPARATION OF SUGAR-FREE WHEAT THROUGH ANCIENT INDIAN PROCESS - AN ANALYTICAL STUDY.,,,,,
DEVELOPMENT OF QUALITY CONTROL PARAMETERS FOR CLASSICAL AYURVEDIC FORMULATION: VYOSHADI CHURNA.,,,,,
"COMPARATIVE STUDY OF THE PHYSIOLOGICAL RESPONSES, SECONDARY METABOLITES, AND GENE EXPRESSION OF MEDICINAL PLANT PRUNELLA VULGARIS L. TREATED WITH EXOGENOUS METHYL JASMONATE AND SALICYLIC ACID.",,,,,
ALLELOPATHIC POTENTIAL OF LANTANA CAMARA L. LEAF EXTRACTS AND SOILS INVADED BY IT ON THE GROWTH PERFORMANCE OF LEPIDIUM SATIVUM L.,,,,,
IMPROVED QUANTIFICATION OF CATECHIN AND EPICATECHIN IN RED RICE (ORYZA SATIVA L.) USING STABLE ISOTOPE DILUTION LIQUID CHROMATOGRAPHY-MASS SPECTROMETRY.,,,,,
"WATER HYACINTH S EXTENT AND ITS IMPLICATION ON WATER QUALITY IN LAKE VICTORIA, UGANDA.","Hussein Kiyemba, Bernard Barasa, Joyfred Asaba, Paul Makoba Gudoyi, and Gertrude Akello.",The Scientific World Journal,2023,2023,
A COMPARATIVE PHARMACEUTICO ANALYTICAL STUDY OF SAPTAAVARTITA GUDOOCI TAILA.,,,,,
"GROWTH, PHYSIOLOGICAL, AND BIOCHEMICAL RESPONSES OF ETHIOPIAN RED PEPPER (CAPSICUM ANNUM L.) CULTIVARS TO DROUGHT STRESS.",,,,,
ANALYTICAL STUDY OF KAUSEYAASMA BHASMA.,,,,,
"IMPROVEMENT OF NUTRIENT UPTAKE, YIELD OF BLACK SESAME (SESAMUM INDICUM L.), AND ALLUVIAL SOIL FERTILITY IN DYKE BY SPENT RICE STRAW FROM MUSHROOM CULTIVATION AS BIOFERTILIZER CONTAINING POTENT STRAINS OF RHODOPSEUDOMONAS PALUSTRIS.",,,,,
SHELF LIFE EVALUATION AND COMPARATIVE HPTLC PROFILE OF RASAANJANA GHANAVATI.,,,,,
FLOWER MORPHOLOGY AND PHYLOGENETIC ANALYSIS OF SOME DIOSCOREA SPECIES OF THE SECTION STENOPHORA (DIOSCOREACEAE).,,,,,
ESTABLISHMENT OF EFFICIENT CANNABIS (CANNABIS SATIVA L.) PROTOPLAST ISOLATION AND TRANSIENT EXPRESSION CONDITION.,,,,,
"HABITAT SUITABILITY, RANGE DYNAMICS, AND THREAT ASSESSMENT OF SWERTIA PETIOLATA D. DON: A HIMALAYAN ENDEMIC MEDICINALLY IMPORTANT PLANT UNDER CLIMATE CHANGE.",,,,,
HAIRY ROOT CULTURES OF PHYSALIS MINIMA L. - AN ALTERNATIVE SOURCE OF WITHAFERIN A PRODUCTION.,,,,,
INDUCTION OF RADIOMUTANTS IN CHRYSANTHEMUM MORIFOLIUM RAMAT. CV. GUL-E-SAHIR FOR NOVEL TRAITS.,"1. Manpreet Singh, 2. Madhu Bala.",Indian Journal of Experimental Biology,2019,57,1
"IMPACT OF GAMMA IRRADIATION ON GROWTH, YIELD AND PHYSIOLOGICAL ATTRIBUTES OF MAIZE.",,,,,
PHYLOGENETIC INFERENCE AND SECONDARY STRUCTURE PREDICTIONS OF TURKISH GENOTYPES OF CORIANDRUM SATIVUM (L.) BASED ON ITS4 AND ITS5 NRDNA SEQUENCES.,,,,,
DEVELOPMENT OF CALLUS AND CELL SUSPENSION CULTURE FROM THE LEAF OF ADHATODA VASICA NEES USING ECONOMICAL GROWTH MEDIA.,,,,,
ESTIMATION OF WITHANOLIDE A IN DIVERSE GENOTYPES OF ASHWAGANDHA WITHANIA SOMNIFERA (L.) DUNAL.,,,,,
"IMPROVED IN VITRO REGENERATION, GENETIC FIDELITY ANALYSIS, ANTIOXIDANT POTENTIAL, AND HAIRY ROOT INDUCTION OF JUSTICIA GENDARUSSA BURM. F.",,,,,
"SIMULTANEOUS EXTRACTION OF PECTIN, FIBRE, ANTHOCYANIN AND OIL FROM MULBERRY POMACE.",,,,,
"COMPARATIVE ANALYSIS OF SAPONINS, FLAVONOIDS, PHENOLICS AND ANTIOXIDANT ACTIVITIES OF FIELD ACCLIMATIZED AND IN VITRO PROPAGATED BACOPA MONNIERI (L.) PENNELL FROM DIFFERENT LOCATIONS IN INDIA.",,,,,
SYNTHESIS AND CHARACTERIZATION OF ZINC OXIDE AND IRON OXIDE NANOPARTICLES USING SESBANIA GRANDIFLORA LEAF EXTRACT AS REDUCING AGENT.,,,,,
IN VITRO TRANSVERSE THIN CELL LAYER CULTURE IN MUNG BEAN VIGNA RADIATA (L.) WILCZEK.,,,,,
"PROSOPIS JULIFLORA (SW.) DC. AS CATTLE FEED: TOXICITY AND PALATABILITY OF DIFFERENT PARTS, AND FERMENTATION KINETICS IN VITRO.","Bandla Srinivas, OH Chaturvedi.",Indian Journal of Experimental Biology,2019,57,7
RAPID BIOLOGICAL SYNTHESIS OF SILVER NANOPARTICLES FROM OCIMUM SANCTUM AND THEIR CHARACTERIZATION.,,,,,
ENHANCEMENT OF INDIGO DYE YIELD FROM INDIGOFERA PLANT BIOMASS BY USING FUNGAL ELICITORS DURING FERMENTATION.,,,,,
CULM ANATOMY REVEALED ASSOCIATION OF VASCULAR BUNDLE NUMBER AND SILICON CONTENT WITH LODGING BEHAVIOUR IN KODO MILLET (PASPALUM SCROBICULATUM L.).,,,,,
RAPID BIOSYNTHESIS OF SILVER NANOPARTICLES BY EXPLOITING THE REDUCING POTENTIAL OF TRAPA BISPINOSA PEEL EXTRACT.,,,,,
SHELF LIFE OF BIOAGENTS AND LONGEVITY OF BIOLOGICALLY COATED PIGEONPEA SEED.,,,,,
SALICYLIC ACID PRIMING ENHANCES LOW TEMPERATURE STRESS TOLERANCE IN EGYPTIAN CLOVER (TRIFOLIUM ALEXANDRINUM L.) BY INFLUENCING ANTIOXIDANT SYSTEM.,,,,,
"LIPID-BASED AYURVEDIC FORMULATIONS OF A SINGLE HERB-YASHTIMADHU (GLYCYRRHIZA GLABRA): PHARMACEUTICAL STANDARDIZATION, SHELF-LIFE ESTIMATION AND COMPARATIVE CHARACTERIZATION.",,,,,
"REPRODUCTIVE BIOLOGY AND POLLINATORS OF A STENO-ENDEMIC AND CRITICALLY ENDANGERED TREE, MONOON TIRUNELVELIENSE (ANNONACEAE), FROM KALAKKAD-MUNDANTHURAI TIGER RESERVE (KMTR), INDIA.",,,,,
DEVELOPMENT OF LIPOXYGENASE-3 FREE INDIAN SOYBEAN USING GENE-MUTATION BASED MOLECULAR MARKERS.,,,,,
SPATIO-TEMPORAL GENETIC DIVERSITY IN INDIAN BARLEY (HORDEUM VULGARE L.) VARIETIES BASED ON SSR MARKERS.,"1. Lalit Arya, 2. Manjusha Verma, 1. SK Singh, 2. RPS Verma.",Indian Journal of Experimental Biology,2019,57,7
EVALUATION OF SOLANUM LYCOPERSICUM L. GENOTYPES FOR HIGH TEMPERATURE STRESS TOLERANCE EMPLOYING TEMPERATURE INDUCTION RESPONSE TECHNIQUE.,,,,,
IDENTIFICATION OF DROUGHT TOLERANT SESAMUM GENOTYPES USING BIOCHEMICAL MARKERS.,,,,,
VARIETAL VARIATION IN PHYSIOLOGICAL AND BIOCHEMICAL ATTRIBUTES OF SUGARCANE VARIETIES UNDER DIFFERENT SOIL MOISTURE REGIMES.,,,,,
PRESENCE OF INTEGRASE CORE DOMAIN IN MUTANT TYPE BLACK PEPPER PIPER NIGRUM L. THEKKEN WITH ALTERED INFLORESCENCE ARCHITECTURE.,,,,,
PROBIOTIC POTENTIAL OF LACTIC ACID BACTERIA FROM FRESH VEGETABLES: APPLICATION IN FOOD PRESERVATION.,,,,,
EXPLORING THE MECHANISM OF THE ANTITHROMBOTIC EFFECTS OF PUERARIA LOBATA AND PUERARIA LOBATA VAR. THOMSONII BASED ON NETWORK PHARMACOLOGY.,,,,,
ELUCIDATION OF DRUG-LIKE PROPERTIES IN METABOLITES OF CURCUMA ANGUSTIFOLIA ROXB.,,,,,
"SHOOT APEX PRIMING, ANTIOXIDANTS, AND MECHANICAL INJURIES MODULATING REGENERATION AND TRANSFORMATION POTENTIAL OF GRAIN LEGUME CROP RICEBEAN (VIGNA UMBELLATA (THUNB.) OHWI & OHASHI).",,,,,
"INDUCTION OF MULTIPLE SHOOTS IN ORYZA SATIVA: ROLES OF THIDIAZURON, 6-BENZYLAMINOPURINE, DECAPITATION, FLOODING, AND ETHREL TREATMENTS.",,,,,
ESTABLISHMENT OF HIGHLY EFFICIENT AND REPRODUCIBLE AGROBACTERIUM-MEDIATED TRANSFORMATION SYSTEM FOR TOMATO (SOLANUM LYCOPERSICUM L.).,"Muneeb Hassan Hashmi, Faisal Saeed, Ufuk Demirel, Allah Bakhsh.",In Vitro Cellular and Developmental Biology - Plant,2022,58,
A NOVEL IN VITRO PROPAGATION SYSTEM FOR WEST INDIAN ELM GUAZUMA ULMIFOLIA LAM. MALVACEAE A VALUABLE MEDICINAL WOODY SPECIES.,,,,,
IN VITRO PROPAGATION FOR CONSERVATION OF THE RARE DATE PALM (PHOENIX DACTYLIFERA L.) AMRI USING IMMATURE INFLORESCENCE.,,,,,
IN VITRO MEDIUM-TERM CONSERVATION OF GARCINIA INDICA: A TROPICAL RECALCITRANT SEEDED FRUIT TREE OF INDIA.,,,,,
MICROPROPAGATION USING DIRECT AND INDIRECT ORGANOGENESIS IN ARTEMISIA MARITIMA L.: SCANNING ELECTRON MICROSCOPY OF SOMATIC EMBRYOS AND GENOME SIZE ANALYSIS BY FLOW CYTOMETRY.,,,,,
JUGLONE PROMOTES SHOOTING AND INHIBITS ROOTING IN LEAF EXPLANTS OF IN VITRO RAISED TOMATO (SOLANUM LYCOPERSICUM L. VAR. PUSA RUBY) SEEDLINGS.,,,,,
THE GENETIC FIDELITY STUDY OF DIFFERENT CALLUS-DERIVED PLANTLETS OF FICUS RELIGIOSA L. USING ISSR MARKERS.,,,,,
SEPARATION OF METHANOLIC LEAF EXTRACTS OF THREE RUTACEOUS PLANTS BY CAPILLARY ELECTROPHORESIS AND HIGH-PERFORMANCE LIQUID CHROMATOGRAPHY METHODS.,,,,,
COMPARATIVE PHARMACEUTICAL STUDY OF ERANDAMOOLA KASHAYA BY CLASSICAL AND PRESSURE COOKER METHOD AND ITS ANALYTICO PHARMACOGNOSTIC STUDY.,,,,,
"FORMULATION, STANDARDIZATION, AND EVALUATION OF VAISVANARA CURNA TABLET.",,,,,
DISCRIMINATION OF DIFFERENT PART OF CURCUMA LONGA BY HPLC FINGERPRINTS COMBINED WITH MULTIVARIATE STATISTICAL ANALYSIS.,"1,2. Jiuhua Song, 2. Dabing Xiang, 1. Ying Cheng, 1. Yuan Fang, 1. Yinghong Wang, 1. Kai Shi.",Indian Journal of Pharmaceutical Education and Research,2023,57,2
MACRO-MICROSCOPIC AND HPTLC ATLAS OF CANAVALIA GLADIATA (JACQ.) DC. FRUIT.,,,,,
AUTHENTICATION OF AVERRHOA CARAMBOLA L. USING DNA BARCODING: DETECTION OF SNPS AND EVALUATION OF PHYLOGENETIC RELATIONSHIP.,,,,,
PRELIMINARY IDENTIFICATION AND QUANTIFICATION OF QUERCETIN CONCENTRATION AND ITS COMPARISON IN PSIDIUM GUAJAVA L. (GUAVA) FRUIT ETHANOL EXTRACT 50% AND 70%.,,,,,
"NUTRITIONAL ASSESSMENT OF INVASIVE ALIEN PLANTS AS BIOPROSPECTING RESOURCES IN MIZORAM, AN INDO-BURMA MEGA BIODIVERSITY HOTSPOT IN INDIA.",,,,,
ANALYSIS OF THE METABOLITE COMPOUND OF THE ETHANOL EXTRACT OF CHRYSANTHEMUM CINERARIIFOLIUM STEM AND ACTIVITY FOR INHIBITION OF ORAL SQUAMOUS CELL CARCINOMA (OSCC) IN SILICO STUDY.,,,,,
MOLECULAR DOCKING AND ADME STUDIES OF CENTELLA ASIATICA AS ANTI HYPERURICEMIA.,,,,,
CURCUMIN FROM CURCUMA LONGA L. AS DUAL INHIBITORS AGAINST INDONESIAN SARS-COV-2 ISOLATES: A MOLECULAR DOCKING STUDY.,,,,,
IN VIVO PERFORMANCE OF A HYDROGEL OF TRIBULUS TERRESTRIS IN ALLOXAN INDUCED DIABETIC RATS.,,,,,
DEVELOPMENT OF PHARMACOGNOSTIC PROFILE AND PRELIMINARY PHYTOCHEMICAL STUDY OF PLUCHEA WALLICHIANA DC.,,,,,
THE HEAVY METAL ANALYSIS OF THREE TINOSPORA SPECIES FREQUENTLY USED IN TRADITIONAL MEDICINE PREPARATION SAMPLED FROM DIFFERENT ENVIRONMENTALLY DIVERSE LOCATIONS.,"Hareendran Nair Janardhanan, Shan Sasidharan.",International Journal of Pharmaceutical Sciences and Drug Research,2022,14,6
"TECTONA GRANDIS LEAVES: DETERMINATION OF TOTAL FLAVONOID CONTENT, PHENOLIC CONTENT, CHARACTERIZATION OF THE LEAVES, AND COMPOUND IDENTIFICATION IN GC-MS.",,,,,
SUN PROTECTION FACTOR ACTIVITY OF JAMBLANG LEAVES SERUM EXTRACT (SYZYGIUM CUMINI).,,,,,
THE EFFECT OF DRYING METHODS ON CHEMICAL PROFILING OF ZINGIBERACEAE HERBS PRODUCTION.,,,,,
RESEARCH ON EXTERNAL SIGNS AND CHEMICAL COMPOSITION OF MEDICINAL PLANT RAW MATERIAL -LEAVES OF FICUS ELASTICA.,,,,,
PHYTOCHEMICAL ANALYSIS AND ANTIOXIDANT ACTIVITY OF WATER HYACINTH FLOWERS (EICHHORNIA CRASSIPES) EXTRACT.,,,,,
THE POTENTIAL OF ANTIVIRUS COMPOUNDS IN GLETANG (TRIDAX PROCUMBENS LINN.) IN INHIBITING 3CLPRO RECEPTOR OF SARS-COV-2 VIRUS BY IN SILICO.,,,,,
"PROFOUND ASSESSMENT OF PHYTOCHEMICAL, BOTANICAL AND ANTIOXIDANT CHARACTERISTICS INCLUDING DETERMINATION OF TOTAL PHENOLIC AND FLAVONOID CONTENTS OF STEM BARK OF CORDIA OBLIQUA L.",,,,,
IN SILICO ANALYSIS AND ADMET PREDICTION OF FLAVONOD COMPUNDS FROM SYZIGIUM CUMINI VAR. ALBUM ON A-GLUCOSIDASE RECEPTOR FOR SEARCHING ANTI-DIABETIC DRUG CANDIDATES.,,,,,
INFLUENCE OF CHITOSAN CONCENTRATION ON CHARACTERISTIC OF MICROSPHERES DELIVERY SYSTEM PREPARED FROM ELEUTHERINE PALMIFOLIA (L.) MERR. EXTRACT.,,,,,
"COMPARISON OF POWDERED ACTIVE COMPOUNDS MADE FROM TENDER COCONUT WATER FORTIFIED WITH VITAMIN E, PROCESSED BY SPRAY DRYING AND FREEZE DRYING.","1. Siti Thomas Zulaikhah, 1. Ratnawati Ratnawati, 2. Atina Hussaana, 3. Tjahya Muhandri.",Pharmacognosy Journal,2022,14,6
STRUCTURAL ELUCIDATION OF ANTI-PSEUDOMONAS COMPONENT FROM EUCALYPTUS TERETICORNIS.,,,,,
THE FORMULATION AND EVALUATION OF SUSTAINED RELEASE LINEZOLID TABLET USING NATURAL ANTIBACTERIAL POLYMER - AEGLE MARMELOS.,,,,,
MULTI-TARGETED PREDICTION OF THE ANTIVIRAL EFFECT OF MOMORDICA CHARANTIA EXTRACT BASED ON NETWORK PHARMACOLOGY.,,,,,
ESTIMATION OF DIGOXIN IN CHLOROFORM EXTRACT OF MORINGA CONCANENSIS LEAVES USING NEWLY DEVELOPED AND VALIDATED RP-HPLC METHOD.,,,,,
IDENTIFICATION OF MOLECULAR MARKERS TO STUDY THE GARCINIA SPP. DIVERSITY.,,,,,
DEVELOPMENT AND VALIDATION OF HPLC AND UV SPECTROPHOTOMETRIC METHOD FOR THE QUANTIFICATION OF CINNAMALDEHYDE IN CINNAMON BARK EXTRACT.,,,,,
"LEUCAENA LEUCOCEPHALA (LAM.) DE WIT., SUBABUL STEM LIGNIN: ISOLATION, STRUCTURAL CHARACTERIZATION AND THERMAL PROPERTIES.",,,,,
"BIOACTIVE COMPOUNDS FROM FOUR INDIAN MEDICINAL PLANTS HAVE DIFFERENT POTENCY TO INDUCE SEX REVERSAL IN NILE TILAPIA: A CHROMATOGRAPHIC, MOLECULAR DOCKING AND IN SILICO ANALYSIS.",,,,,
WOUNDING ACTIVATES A 47 KDA MAP KINASE IN CATHARANTHUS ROSEUS (L.) G. DON.,,,,,
"MODIFICATION IN SPINACH RESPONSE TO UV-B RADIATION BY NUTRIENT MANAGEMENT: PIGMENTS, ANTIOXIDANTS AND METABOLITES.","Suruchi Singh, Bhanu Pandey, SB Agrawal, Madhoolika Agrawal.",Indian Journal of Experimental Biology,2018,56,12
EFFECTIVE CULTURE MEDIUM AND COMBINATION OF PHYTOHORMONES FOR IN VITRO NODAL CULTURE OF SHOREA ROBUSTA ROXB. EX GAERTN.,,,,,
EFFECT OF ANTIOXIDANT PROTECTION SYSTEM ON REGENERATION POTENTIAL OF DIFFERENT CHEMOTYPES OF WITHANIA SOMNIFERA (L.) DUNAL - A COMPARATIVE ANALYSIS.,,,,,
GENETIC DIVERSITY ANALYSIS IN BUCKWHEAT GERMPLASM FOR NUTRITIONAL TRAITS.,,,,,
BIOTRANSFORMATION OF BANANA PSEUDOSTEM EXTRACT INTO A FUNCTIONAL JUICE CONTAINING VALUE ADDED BIOMOLECULES OF POTENTIAL HEALTH BENEFITS.,,,,,
IN VITRO TISSUE CULTURE STUDIES AND SYNTHETIC SEED FORMATION FROM PLUMBAGO ZEYLANICA L.,,,,,
PHARMACOGNOSTICAL EVALUATION OF INDIAN FOLK-TRADITIONAL PLANTS COELOGYNE CRISTATA AND PHOLIDOTA ARTICULATA USED FOR HEALING FRACTURES.,,,,,
"HYDROPENIA INDUCES EXPRESSION OF DROUGHT RESPONSIVE GENES (DRGS) ERD1, HAT, PLD-Delta, AND ZFA IN LINUM USITATISSIMUM L.",,,,,
CORRELATION BETWEEN SELECTED MORPHOLOGICAL FLORAL CHARACTERS AND YIELD COMPONENTS RELATED TRAITS IN ORYZA SATIVA L.,,,,,
HALOPHILIC BENTHIC DIATOM AMPHORA COFFEAEFORMIS - A POTENT BIOMARKER FOR LIPID AND BIOMEDICAL APPLICATION.,,,,,
ESSENTIAL OIL PROFILING OF ALPINIA SPECIES FROM SOUTHERN INDIA.,"1. Archana P Raina, 2. Z Abraham.",Indian Journal of Experimental Biology,2017,55,11
"THERMOSTABILITY ASSESSMENT, PROFILING AND LOCALIZATION OF PEROXIDASE ACTIVITY IN STEM TISSUES OF LEPTADENIA PYROTECHNICA: A DEFENSIVE ENZYME FOR SURVIVAL IN HIGH TEMPERATURE CONDITIONS.",,,,,
RAPID AND EFFICIENT AGROBACTERIUM MEDIATED TRANSFORMATION OF EARLY SCUTELLUM DERIVED CALLI OF INDICA RICE.,,,,,
STANDARDIZATION OF SCREENING TECHNIQUES FOR RESISTANCE TO LIPAPHIS ERYSIMI (KALT.) IN RAPESEED-MUSTARD UNDER FIELD CONDITIONS.,,,,,
"CLONING, CHARACTERIZATION AND EXPRESSION ANALYSIS OF APETALA2 GENES OF BRASSICA JUNCEA (L.) CZERN.",,,,,
PHYSICOCHEMICAL MECHANISMS OF RESISTANCE IN SORGHUM TO CHILO PARTELLUS (SWINHOE).,,,,,
"EFFECT OF INDIVIDUAL AND INTERACTIVE ALKALINITY AND SALINITY ON PHYSIOLOGICAL, BIOCHEMICAL AND NUTRITIONAL TRAITS OF MARVEL GRASS.",,,,,
EVALUATION OF NUTRACEUTICAL PROPERTIES OF FINGER MILLET GENOTYPES FROM MID HILLS OF NORTHWESTERN HIMALAYAN REGION OF INDIA.,,,,,
HEAT AND DROUGHT STRESS RESPONSES ALTER GRAIN CHARACTERISTICS BY IMPEDING STARCH PRECURSORS OF WHEAT.,,,,,
NUTRITIONAL ANALYSIS OF SELECTED SPECIES OF ALTERNANTHERA FORSSKAL (AMARANTHACEAE).,,,,,
IN VITRO ROOT INDUCTION - AN IMPROVED SYSTEM FOR PRODUCTION AND ELICITATION OF COLCHICINE FROM GLORIOSA SUPERBA L.,"TS Swapna, GS Nikhila.",Indian Journal of Experimental Biology,2018,56,7
TOUCHDOWN-PCR BASED RAPD ASSAY FOR EARLY DIAGNOSIS OF GENDER IN CARICA PAPAYA L.,,,,,
MICROBIAL PRODUCTION OF L-ASPARAGINASE AND ITS IMMOBILIZATION ON CHITOSAN FOR MITIGATION OF ACRYLAMIDE IN HEAT PROCESSED CARROT SLICES.,,,,,
INDUCTION OF HIGH FREQUENCY SOMATIC EMBRYOGENESIS AND ANALYSIS OF DEVELOPMENTAL STAGEWISE EXPRESSION OF SERK1 GENE DURING SOMATIC EMBRYOGENESIS IN CULTURES OF VIGNA RADIATA (L.) R. WILCZEKL.,,,,,
IN VITRO MUTAGENESIS AND CHARACTERIZATION OF MUTANTS THROUGH MORPHOLOGICAL AND GENETIC ANALYSIS IN ORCHID AERIDES CRISPA LINDL.,,,,,
CHLOROPHYLL FLUORESCENCE KINETICS AND RESPONSE OF WHEAT (TRITICUM AESTIVUM L.) UNDER HIGH TEMPERATURE STRESS.,,,,,
MASS MULTIPLICATION OF ARBUSCULAR MYCORRHIZAL FUNGI ASSOCIATED WITH SOME LEGUMINOUS PLANTS: AN ECOFRIENDLY APPROACH.,,,,,
"MOLECULAR CHARACTERIZATION OF MICROSYMBIONTS ASSOCIATED WITH ROOT NODULES OF CROTALARIA BURHIA BUCH. - HAM. EX BENTH., A NATIVE KEYSTONE LEGUME SPECIES FROM THAR DESERT OF INDIA.",,,,,
NANOPARTICLES INFLUENCE SEED GERMINATION TRAITS AND SEED PATHOGEN INFECTION RATE IN FORAGE SORGHUM (SORGHUM BICOLOUR) AND COWPEA (VIGNA UNGUICULATA).,,,,,
DEVELOPMENT OF AN EFFICIENT CRYOCONSERVATION PROTOCOL FOR HIMALYAN MULBERRY (MORUS LAEVIGATA WALL. EX BRANDIS) USING DORMANT AXILLARY BUDS AS EXPLANTS.,,,,,
PLANT GROWTH PROMOTING ACTIVITIES OF RHIZOSPHERE BACTERIA FROM TWO FERNS PRONEPHRIUM NUDATUM (ROXB.) HOLTTUM. AND BOLBITIS HETEROCLITA (C. PRESL) CHING: AN ANALYSIS OF FERN-RHIZOPHERE RELATIONSHIP.,"1. Aniruddha Sen, 2. MK Bhattacharya, 3. HK Prasad, 4. GD Sharma.",Indian Journal of Experimental Biology,2018,56,4
EFFECT OF AYURVEDA WATER PURIFICATION METHOD ON TOTAL DISSOLVED SOLUTES IN WATER.,,,,,
CARDIOPROTECTIVE POTENTIAL OF QUSQUALIS INDICA LEAVES; AN IN SILICO DOCKING STUDY.,,,,,
CLONING AND CHARACTERIZATION OF A WATER DEFICIT STRESS RESPONSIVE TRANSCRIPTION FACTOR GENE FROM ORYZA SATIVA L.,,,,,
"DETERMINATION OF BETULINIC ACID, OLEANOLIC ACID AND URSOLIC ACID FROM ACHYRANTHES ASPERA L. USING RP-UFLC-DAD ANALYSIS AND EVALUATION OF VARIOUS PARAMETERS FOR THEIR OPTIMUM YIELD.",,,,,
A MINIMAL COST MICROPROPAGATION PROTOCOL FOR DIANTHUS CARYOPHYLLUS L. - A COMMERCIALLY SIGNIFICANT VENTURE.,,,,,
EXPRESSION ANALYSIS OF TYPE 1 AND 2 METALLOTHIONEIN GENES IN RAPESEED (BRASSICA NAPUS L.) DURING SHORT-TERM STRESS USING SQRT-PCR ANALYSIS.,,,,,
NETWORK PHARMACOLOGY INTEGRATED MOLECULAR DOCKING DEMONSTRATES THE THERAPEUTIC MODE OF PANAX GINSENG AGAINST OVARIAN CANCER.,,,,,
"INFLUENCE OF ROOT-KNOT NEMATODE INFESTATION ON ANTIOXIDANT ENZYMES, CHLOROPHYLL CONTENT AND GROWTH IN POGOSTEMON CABLIN (BLANCO) BENTH.",,,,,
GROWTH RESPONSE MODULATION BY PUTRESCINE IN INDIAN MUSTARD BRASSICA JUNCEA L. UNDER MULTIPLE STRESS.,,,,,
DETERMINATION OF ALLYL ISOTHIOCYANATE FROM HEDYOTIS HERBACEA AND ITS INSILICO SCREENING FOR WOUND HEALING ACTIVITY.,"1. K Anand Babu, 2. S Sivakrishnan, 1. S Jasemine.",Tropical Journal of Pharmaceutical Research,2023,22,2
"INFLUENCE OF TEMPERATURE ON SYMPTOM EXPRESSION, DETECTION OF HOST FACTORS IN VIRUS INFECTED PIPER NIGRUM L.",,,,,
EFFECT OF SHADE ON AGRO-MORPHOLOGICAL PARAMETERS AND WEED FLORA OF SAFFRON (CROCUS SATIVUS L.) CULTIVATION IN THE SEMIARID ZONE OF EASTERN MOROCCO.,,,,,
TAGGING AND MAPPING OF SSR MARKER FOR RUST RESISTANCE GENE IN LENTIL (LENS CULINARIS MEDIKUS SUBSP. CULINARIS).,,,,,
PHARMACEUTICAL ASSESSMENT OF MELIA AZEDARACH GUM AS A BINDER AND DISINTEGRANT IN IMMEDIATE-RELEASE TABLETS.,,,,,
ASSESSMENT OF ARABIDOPSIS THALIANA CENH3 PROMOTER IN BRASSICA JUNCEA FOR DEVELOPMENT OF HAPLOID INDUCER LINES.,,,,,
EVALUATING SLOW PYROLYSIS OF PARTHENIUM HYSTEROPHORUS BIOCHAR: PERSPECTIVES TO ACIDIC SOIL AMELIORATION AND GROWTH OF SELECTED WHEAT (TRITICUM AESTIVUM) VARIETIES.,,,,,
A RAPID AND EFFICIENT PROTOCOL FOR IN VITRO MULTIPLICATION OF GENETICALLY UNIFORM STEVIA REBAUDIANA (BERTONI).,,,,,
REMOVAL OF CR (VI) FROM AQUEOUS SOLUTIONS USING BIOWASTES: TELLA RESIDUE AND PEA (PISUM SATIVUM) SEED SHELL.,,,,,
DEVELOPMENT OF TRANSGENIC PIGEONPEA (CAJANUS CAJAN. L MILLSP) OVEREXPRESSING CITRATE SYNTHASE GENE FOR HIGH PHOSPHORUS UPTAKE.,,,,,
"EVALUATION OF WILD, WINE, TABLE, AND RAISIN GRAPEVINE (VITIS SPP.) GENOTYPES IN GEDEO ZONE, SOUTHERN ETHIOPIA.","1. Dargie Tsegay Berhe, 2. Derbew Belew.",The Scientific World Journal,2022,2022,
ETHANOL PRODUCTION FROM RICE (ORYZA SATIVA) STRAW BY SIMULTANEOUS SACCHARIFICATION AND COFERMENTATION.,,,,,
"IMPACT OF DIFFERENT NANOPARTICLES ON COMMON WHEAT (TRITICUM AESTIVUM L.) PLANTS, COURSE, AND INTENSITY OF PHOTOSYNTHESIS.",,,,,
"NEUROSPORA SP. SR8, A NOVEL PHOSPHATE SOLUBILISER FROM RHIZOSPHERE SOIL OF SORGHUM IN KACHCHH, GUJARAT, INDIA.",,,,,
AGRONOMIC PRODUCTIVITY AND ORGANIC FERTILIZER RATES ON GROWTH AND YIELD PERFORMANCE OF CABBAGE (BRASSICA OLERACEA VAR. CAPITATA L.) IN NORTHWESTERN ETHIOPIA.,,,,,
CHARACTERIZATION OF PHYTOTOXIN PRODUCING ALTERNARIA SPECIES ISOLATED FROM SESAME LEAVES AND THEIR TOXICITY.,,,,,
THE POTENTIAL OF HYDROPONIC KIT-BASED GROWING ON A SELF-FERTIGATION SYSTEM FOR PAGODA MUSTARD (BRASSICA NARINOSA L) PRODUCTION.,,,,,
EFFECT OF DISCRETE (INDIVIDUAL) AND MIXED (BULK) GENOMIC DNA ON GENETIC DIVERSITY ESTIMATES AND POPULATION STRUCTURE IN TEAK (TECTONA GRANDIS L. F.).,,,,,
THE VALUE CHAIN OF MORINGA OLEIFERA PLANT AND THE PROCESS OF PRODUCING ITS BIODIESEL IN GHANA.,,,,,
"IN VITRO FLOWERING IN BAMBUSA BAMBOS (L.) VOSS, AN ANATOMICAL PERSPECTIVE.",,,,,
ACTIVE ANTIALOPECIA CHEMICAL IDENTIFICATION OF MERREMIA PELTATA LEAVES AND COMPUTATIONAL STUDY TOWARD ANDROGEN RECEPTOR USING MOLECULAR DOCKING AND MOLECULAR DYNAMIC SIMULATION.,"1,2. Syawal Abdurrahman, 3. Ruslin Ruslin, 1. Aliya N. Hasanah, 1. Resmi Mustarichie, 4. Mus Ifaya.",The Scientific World Journal,2022,2022,
SYNERGISTIC EFFECT OF SILVER NITRATE AND COCONUT WATER ON SHOOT DIFFERENTIATION AND PLANT REGENERATION FROM CULTURED COTYLEDONS OF CAPSICUM ANNUUM L.,,,,,
PHYSICOCHEMICAL CHARACTERIZATION AND CYTOCOMPATIBILITY STUDY OF LYOPHILIZED COW URINE POWDER.,,,,,
PROTECTIVE ROLE OF TRICHODERMA LOGIBRACHIATUM (WT2) ON LEAD INDUCED OXIDATIVE STRESS IN HELIANTHUS ANNUS L.,,,,,
"STANDARDIZATION OF COLLECTION METHODS, NUTRITIONAL EVALUATION, AND ESTIMATION OF MICROBIAL LOAD OF THE GOBHAKSHITA YAVA (COW FED PRE-DIGESTED BARLEY) AND GOBHAKSHITA GODHUMA (COW FED PRE-DIGESTED WHEAT).",,,,,
EXPRESSION ANALYSIS OF CANDIDATE GENES FOR ABIOTIC STRESS TOLERANCE IN BRASSICA GENOTYPES WITH CONTRASTING OSMOTIC STRESS TOLERANCE.,,,,,
ANALYTICAL SCREENING ON RASAMANIKYA PREPARED BY DIFFERENT PHARMACEUTICAL METHODS.,,,,,
IN VITRO SCREENING OF FOLIAR PATHOGENS FOR BIOLOGICAL CONTROL OF HORSE PURSLANE WEED.,,,,,
RELATIVE PHYTOCHEMICAL ANALYSIS OF PATHYADI KWATH AND PATHYADI KWATH ARKA WITH SPECIAL REFERENCE TO ANDROGRAPHOLIDE BY HIGH PERFORMANCE THIN LAYER CHROMATOGRAPHY.,,,,,
INFLUENCE OF PLANT GROWTH REGULATORS AND LIGHT ON CALLUS INDUCTION AND BIOACTIVE PHENOLIC COMPOUNDS PRODUCTION IN PYROSTEGIA VENUSTA (BIGNONIACEAE).,,,,,
TRANSDERMAL ABSORPTION STUDIES OF NIRGUNDI (VITEX NEGUNDO LINN) TAILA AND KASHAYA (DECOCTION) WITH THE AID OF GAS CHROMATOGRAPHY-MASS SPECTROMETRY,"C Padmakiran, 1. U N Prasad, 2. Sunil Kumar Koppala Narayan.",Journal of Ayurveda,2023,17,2
FATTY AND AMINO ACID COMPOSITIONS OF VERINICA FORDII: ASOURCE OF A-ELEOSTEARIC ACIS AND METHIONINE.,,,,,
MOLECULAR CHARACTERIZATION OF MATURASE K GENE AND PROTEIN PREDICTION OF VANDA SPATHULATA (L.) - AN AYURINFORMATICS APPROACHES.,,,,,
DETACHED LEAF ASSAY FOR EVALUATING RESISTANCE TO LEAF RUST PST. 104-2 IN WHEAT (TRITICUM AESTIVUM L.).,,,,,
BEST FROM WASTE: BIOACTIVITY-GUIDED FORMULATION DEVELOPMENT FROM A COMMON WEED - COMMELINA BENGHALENSIS.,,,,,
"EFFECT OF SUPPLEMENTAL ULTRAVIOLET-B RADIATION ON WITHANIA SOMNIFERA L. (DUNAL): AN APPRAISAL OF MORPHOLOGICAL, PHYSIOLOGICAL AND BIOCHEMICAL CHARACTERISTICS.",,,,,
GC-MS ANALYSIS AND MOLECULAR DOCKING OF PLANT-BASED COMPOUNDS FROM MEDICINAL PLANT SIDA ACUTA BURM F. FOR ANTIBACTERIAL POTENTIAL.,,,,,
IN VITRO PROPAGATION AND GENETIC STABILITY ASSESSMENT OF AN ENDANGERED TERRESTRIAL JEWEL ORCHID ANOECTOCHILUS ELATUS LINDL.,,,,,
IDENTIFICATION OF LEAD MOLECULES AGAINST MULTI-TARGET OF SARS-COV-2 FROM CARICA PAPAYA L. THROUGH IN-SILICO METHOD.,,,,,
"FRUIT DEFORMITY IN PAPAYA: FIELD SCREENING, NUTRIENT COMPOSITION AND AMELIORATION BY BORON APPLICATION.",,,,,
PREPARATION AND PRELIMINARY PHYSICOCHEMICAL PROFILE OF KAPHAKETU RASA.,"Pooja Yadav, 1. Sanjay Kumar, 1. Meghna Vaidya, 1. Anita Choudhary, 1. Shyama Prajapat.",International Journal of Ayurveda Research,2023,4,2
STOMATAL CLUSTERING PATTERN IN ARACHIS HYPOGAEA L. UNDER WATER DEFICIT STRESS.,,,,,
IN SILICO ANALYSIS OF PHYTOCHEMICALS FROM VARIOUS PLANT SOURCES AS DRUG CANDIDATES AGAINST LIFE-THREATENING DISEASES.,,,,,
A STUDY ON DEVELOPMENT AND QUALITY ANALYSIS OF A BEVERAGE INCORPORATED WITH TERMINALIA CHEBULA.,,,,,
MOLECULAR DOCKING ANALYSIS OF SELECTED BIOACTIVE COMPONENTS OF GLYCYRRHIZA GLABRA AGAINST BRONCHIAL ASTHMA,,,,,
DEVELOPMENT AND VALIDATION OF ANALYTICAL METHOD FOR ESTIMATION OF BERBERINE IN HERBAL EXTRACT OF MOMORDICA DIOICA.,,,,,
EVALUATION & COMPARISON OF NICOTINE QUANTIFICATION IN SMOKELESS TOBACCO PRODUCTS.,,,,,
GAS CHROMATOGRAPHY MASS SPECTROMETRY (GC-MS) PROFILING OF ARJUNARISHTA.,,,,,
CANANGA ODORATA (YLANG-YLANG) MODULATE PATHWAYS INVOLVED IN CANCER: GENE SET ENRICHMENT AND NETWORK PHARMACOLOGY APPROACH.,,,,,
IN-SILICO PREDICTION OF PHYTOCONSTITUENTS FROM MANILKARA HEXANDRA FOR ANTIDIABETIC ACTIVITY TARGETING GKRP (GLUCOKINASE REGULATORY PROTEIN).,,,,,
A PHYSICO-CHEMICAL ASSAY OF A HERBAL FORMULATION - SMRUTISUDHA GRANULES.,"1. Sreelakshmi CL, 2. Sudhir Kumar Pani, 3. Vishnu B, 4. Swapnil Raskar.",International Journal of Ayurvedic Medicine,2023,14,2
"CO-APPLICATION OF SALICYLIC ACID AND SPERMINE ALLEVIATES SALT STRESS TOXICITY IN WHEAT: GROWTH, NUTRIENT ACQUISITION, OSMOLYTES ACCUMULATION, AND ANTIOXIDANT RESPONSE.",,,,,
THE ROLE OF ARECA CATECHU EXTRACT ON DECREASING VISCOSITY OF VEGETABLE OILS.,,,,,
IDENTIFICATION OF NOVEL COLD STRESS RESPONSIVE MICRORNAS AND THEIR PUTATIVE TARGETS IN SULTANA GRAPEVINE (VITIS VINIFERA) USING RNA DEEP SEQUENCING.,,,,,
GROWTH AND BULB YIELD OF GARLIC AS INFLUENCED BY CLOVE SIZE.,,,,,
EFFECT OF ENVIRONMENTAL FACTORS ON CAMELINA SATIVA SEED GERMINATION AND EMERGENCE.,,,,,
EFFECT OF SODIUM AZIDE ON QUANTITATIVE AND QUALITATIVE STEM TRAITS IN THE M2 GENERATION OF ETHIOPIAN SESAME (SESAMUM INDICUM L.) GENOTYPES.,,,,,
MORPHO-PHYSIOLOGICAL AND BIOCHEMICAL RESPONSES OF BRASSICA SPECIES TOWARD LEAD (PB) STRESS.,,,,,
"EFFECT OF FE3O4 AND CUO NANOPARTICLES ON MORPHOLOGY, GENOTOXICITY, AND MIRNA EXPRESSION ON DIFFERENT BARLEY (HORDEUM VULGARE L.) GENOTYPES.",,,,,
SOXHLET EXTRACTION VERSUS HYDRODISTILLATION USING THE CLEVENGER APPARATUS: A COMPARATIVE STUDY ON THE EXTRACTION OF A VOLATILE COMPOUND FROM TAMARINDUS INDICA SEEDS.,,,,,
EVALUATION OF RELATIONSHIPS BETWEEN TRAITS OF ANISE (PIMPINELLA ANISUM L.) GENOTYPES IN RESPONSE TO DROUGHT STRESS USING THE STRUCTURAL EQUATION MODELING AND BIPLOT METHOD.,"1. Shaghayegh Mehravi, 2. Mehrdad Hanifei, 3. Mostafa Khodadadi, 4. Amir Gholizadeh, 5. Seyed Sajad Sohrabi.",Acta Physiologiae Plantarum,2023,45,
EFFECT OF GROWTH REGULATORS ON IN VITRO MICROPROPAGATION OF POTATO (SOLANUM TUBEROSUM L.) GUDIENE AND BELETE VARIETIES FROM ETHIOPIA.,,,,,
IDENTIFICATION AND FUNCTIONAL PREDICTION OF CIRCRNAS OF DEVELOPING SEEDS IN HIGH OLEIC ACID SUNFLOWER (HELIANTHUS ANNUUS L.).,,,,,
PHYSIOLOGICAL AND BIOCHEMICAL CHANGES DURING FLOWER DEVELOPMENT AND SENESCENCE IN CHRYSANTHEMUM AND GLADIOLUS.,,,,,
EFFECT OF BIOCHAR AND INORGANIC FERTILIZER ON THE SOIL PROPERTIES AND GROWTH AND YIELD OF ONION (ALLIUM CEPA) IN TROPICAL ETHIOPIA.,,,,,
IDENTIFICATION OF A GA-INSENSITIVE SEMI-DWARF LOCUS ON CHROMOSOMES 2D OF WHEAT (TRITICUM AESTIVUM) AND ITS RELATIONSHIP WITH EARLINESS AND GROWTH CHARACTERISTICS USING SELECTED CHROMOSOMAL SUBSTITUTION LINES.,,,,,
"GENOME-WIDE INVESTIGATION ON METAL TOLERANCE PROTEIN (MTP) GENES IN LEGUMINOUS PLANTS: GLYCINE MAX, MEDICAGO TRUNCATULA, AND LOTUS JAPONICUS.",,,,,
ELICITORS MEDIATED BIO-PRESERVATIVE POTENTIAL TARGETING SEEDLESS FRUITS USING CAPSICUM ANNUUM L. (SOLANACEAE) AND FOENICULUM VULGARE MILL. (APIACEAE) CALLI EXTRACTS.,,,,,
SOIL CONTAMINATION WITH POTENTIALLY TOXIC ELEMENTS AND ROOT HERBIVORY: EFFECTS ON ROOT SURFACE AREA AND STEM SECONDARY XYLEM OF YOUNG COMMON BEECH (FAGUS SYLVATICA L.).,,,,,
BZIP TRANSCRIPTION FACTORS REPRESS THE EXPRESSION OF WHEAT (TRITICUM AESTIVUM L.) HIGH MOLECULAR WEIGHT GLUTENIN SUBUNIT GENES IN VEGETATIVE TISSUES.,,,,,
GENOME-WIDE DIFFERENCES OF ALTERNATIVE SPLICING BETWEEN ORYZA SATIVA SSP. INDICA AND ORYZA SATIVA SSP. JAPONICA.,"1. Hongbo Pang, 1. Yuanming Wu, 1. Ziran Liu, 1. Yuankun Xie, 2. Qiang Chen, 1. Yueying Li, 3. Longkun WU, 1. Ze Wang, 4. Zeeshan Ahmed, 5. Xiaoming Zheng.",Acta Physiologiae Plantarum,2023,45,
IN SILICO UNRAVELING OF MOLECULAR ANTI-NEURODEGENERATIVE PROFILE OF CITRUS MEDICA FLAVONOIDS AGAINST NOVEL PHARMACEUTICAL TARGETS.,,,,,
"METHYLENE BLUE REMOVAL USING RAW AND MODIFIED BIOMASS PLUMERIA ALBA (WHITE FRANGIPANI) IN BATCH MODE: ISOTHERM, KINETICS, AND THERMODYNAMIC STUDIES.",,,,,
ZINC OXIDE PHYTONANOPARTICLES EFFECTS ON YIELD AND MINERAL CONTENTS IN FRUITS OF TOMATO (SOLANUM LYCOPERSICUM L. CV. CHERRY) UNDER FIELD CONDITIONS.,,,,,
ISOLATION AND IDENTIFICATION OF LACTIC ACID BACTERIA FROM COW MILK AND MILK PRODUCTS.,,,,,
RHIZOSPHERE SOIL MICROBIAL COMMUNITIES UNDER FOXTAIL MILLET CONTINUOUS AND ROTATIONAL CROPPING SYSTEMS AND THEIR FEEDBACK EFFECTS ON FOXTAIL MILLET DOWNY MILDEW SUPPRESSION.,,,,,
IDENTIFICATION AND FUNCTIONAL ANALYSIS OF MIR156 FAMILY AND ITS TARGET GENES IN FOXTAIL MILLET (SETARIA ITALICA).,,,,,
GENOTYPE BY ENVIRONMENT INTERACTION FOR GRAIN YIELD IN FOXTAIL MILLET (SETARAI ITALICA) USING AMMI MODEL AND GGE BIPLOT.,,,,,
IMMOBILIZATION OF CHROMIUM BIOAVAILABILITY THROUGH APPLICATION OF ORGANIC WASTE TO INDIAN MUSTARD (BRASSICA JUNCEA) UNDER CHROMIUM-CONTAMINATED INDIAN SOILS.,,,,,
ESTIMATION OF SORPTION-DESORPTION CHARACTERISTICS OF BIOSORBENT OF LANTANA CAMARA LEAVES FOR REMOVAL OF PB (II) IONS FROM WASTEWATER.,,,,,
VALIDATION OF RESISTANCE TO CEREAL CYST NEMATODE (HETERODERA AVENAE) AND YIELD PERFORMANCE STUDY IN DOUBLED HAPLOID LINES OF WHEAT (TRITICUM AESTIVUM L.).,"1,2. Saksham Pundir, 1. Vikas Kumar Singh, 1. Satish Kumar, 1. Deepti Chaturvedi, 1,2. Deepak Kumar, 3. Rambir Singh Kanwar, 2. Ashok Kumar, 4. Andreas Borner, 1. Shiveta Sharma, 1. Shailendra Sharma.",Genetic Resources and Crop Evolution,2023,70,1
GENOME-WIDE IDENTIFICATION OF MPK AND MKK GENE FAMILIES AND THEIR RESPONSES TO PHYTOHORMONE TREATMENT AND ABIOTIC STRESS IN FOXTAIL MILLET.,,,,,
COMPARATIVE TRANSCRIPTOMICS REVEALS KEY GENES CONTRIBUTING TO THE DIFFERENCES IN DROUGHT TOLERANCE AMONG THREE CULTIVARS OF FOXTAIL MILLET (SETARIA ITALICA).,,,,,
RECENT ADVANCEMENTS AND FUTURE PERSPECTIVES OF FOXTAIL MILLET GENOMICS.,,,,,
FOXTAIL MILLET (SETARIA ITALICA) AS A MODEL SYSTEM TO STUDY AND IMPROVE THE NUTRIENT TRANSPORT IN CEREALS.,,,,,
"ASSESSING THE GENETIC DIVERSITY IN HAWTHORN (CRATAEGUS SPP.) GENOTYPES USING MORPHOLOGICAL, PHYTOCHEMICAL AND MOLECULAR MARKERS.",,,,,
ASSESSMENT OF GENETIC VARIATION IN TURMERIC (CURCUMA LONGA L.) VARIETIES BASED ON MORPHOLOGICAL AND MOLECULAR CHARACTERIZATION.,,,,,
MOLECULAR AND MORPHOLOGICAL DIVERSITY AMONG THE CLUSTER BEAN CYAMOPSIS TETRAGONOLOBA (L.) TAUB. GENOTYPES.,,,,,
PINUS SYLVESTRIS L. MATURE SEEDS MEGAGAMETHOPHYTES CULTURED IN VITRO. INFLUENCE OF THE GENOTYPE AND THE GROWTH REGULATORS CONTENT IN NUTRIENT MEDIUM ON THE INITIATION OF CALLUS FORMATION.,,,,,
GENETIC DIVERSITY AND POPULATION STRUCTURE IN WILD SEABUCKTHORN (HIPPOPHAE SALICIFOLIA D. DON) GROWING IN THE UTTARAKHAND REGION OF THE INDIAN HIMALAYAS.,,,,,
VARIATION OF MORPHOLOGICAL TRAITS AMONG WHEAT (TRITICUM AESTIVUM L.) LANDRACES FROM TWO REGIONS OF THE ALGERIAN SAHARA. POTENTIAL INTEREST FOR WHEAT BREEDING.,"1. Sabrina Oumata, 2. Philippe Monneveux, 2. Maria Zaharieva, 3. Leila Mekliche-Hanifi, 4. Jacques David.",Genetic Resources and Crop Evolution,2023,70,1
ALLELIC VARIABILITY AND TRANSFERABILITY OF ATP6 GENE AMONG ALLIUM SPECIES.,,,,,
THIAMINE IMPROVES IN VITRO PROPAGATION OF SWEETPOTATO IPOMOEA BATATAS (L.) LAM. - CONFIRMED WITH A WIDE RANGE OF GENOTYPES.,,,,,
ON THE DEVELOPMENT OF DESCRIPTORS IN SMALL BITTER GOURD (MOMORDICA CHARANTIA L. VAR. MURICATA (WILLD.) CHAKRAV).,,,,,
PHARMACEUTICO-ANALYTICAL ASSESSMENT OF JEEVANTHYADI GHRITA-A POLYHERBAL AYURVEDA FORMULATION AND ITS POTENTIAL BENEFITS.,,,,,
INHIBITORY ACTIVITY OF POLYPHENOLIC COMPOUND EXTRACTED FROM P. BETEL AND T. AESTIVUM WITH HEPCIDIN FOR IRON DEFICIENCY ANEMIA: AN IN SILICO APPROACH.,,,,,
"EFFECT OF CHOLESTEROL AND DIFFERENT SOLVENTS ON PARTICLE SIZE, ZETA POTENTIAL AND DRUG RELEASE OF EUCALYPTUS OIL PHYTOSOME.",,,,,
MORPHO-ANATOMY AND HPTLC PROFILING OF SENNA MILL. SEEDS USED IN TRADITIONAL SYSTEM OF INDIAN MEDICINE.,,,,,
GENETIC CHARACTERIZATION AND AUTHENTICATION OF GARDENIA JASMINOIDES IN DIFFERENT REGIONS OF CHINA BY USING IMPROVED RAPD ANALYSIS.,,,,,
EFFECT OF CARBON AND NITROGEN SOURCES ON IN VITRO FLOWER AND FRUIT FORMATION AND WITHANOLIDES PRODUCTION IN WITHANIA SOMNIFERA (L.) DUNAL.,,,,,
"IN VITRO PROPAGATION OF THE GARDEN HELIOTROPE, VALERIANA OFFICINALIS L.: INFLUENCE OF PRE-CHILLING AND LIGHT ON SEED GERMINATION.","Bhat B, Sharma VD.",Indian Journal of Experimental Biology,2015,53,3
"PHARMACOGNOSTIC, CHEMICAL CHARACTERIZATION STUDIES ON OYSTER MUSHROOM (PLEUROTUS OSTREATUS).",,,,,
"PRODUCTION OF 4-IPOMEANOL, AN ANTICANCER AGENT FROM THE ROOT TUBERS AND RHIZOGENIC CALLUS OF IPOMOEA BATATAS LAM.: A COMPARATIVE STUDY.",,,,,
PHYSICO-CHEMICAL AND PHYTOCHEMICAL ANALYSIS OF SPHAERANTHUS INDICUS LINN. (WHOLE PLANT).,,,,,
ISOLATION AND GENE EXPRESSION ANALYSIS OF PHOSPHOLIPASE C IN RESPONSE TO ABIOTIC STRESSES FROM VIGNA RADIATA (L.) WILCZEK.,,,,,
COEXISTENCE OF DIPLOID AND POLYPLOID ACACIA SENEGAL (L. WILLD.) AND ITS IMPLICATIONS FOR INTERPLOIDY POLLINATION.,,,,,
PHOSPHORUS AMENDMENT COMPETITIVELY PREVENTS CHROMIUM UPTAKE AND MITIGATES ITS TOXICITY IN SPINACEA OLERACEA L.,,,,,
DIFFERENTIAL EFFECT OF SOIL AND ENVIRONMENT ON METABOLIC EXPRESSION OF TURMERIC (CURCUMA LONGA CV. ROMA).,,,,,
EVALUATION OF FOUR FORM CLASSES OF NORTHERN RED OAK (QUERCUS RUBRA) MULTI-CROPPED WITH SHORTLEAF PINE (PINUS ECHINATA).,,,,,
DIVERSITY OF DRIMIA INDICA (ROXB.) JESSOP AND ITS RELATIONSHIP TO DRIMIA NAGARJUNAE USING PHENOTYPIC TRAITS AND MOLECULAR MARKERS.,,,,,
COMPARATIVE ANALYSIS OF DIFFERENTIALLY EXPRESSED MIRNAS IN LEAVES OF THREE SUGARCANES (SAACHARUM OFFICINARUM L.) CULTIVARS DURING SALINITY STRESS.,"Tofigh Mazalmazraei, Leila Nejadsadeghi, Khosro Mehdi Khanlou, Daryoosh Nabati Ahmadi.",Molecular Biology Reports,2023,50,
EXPRESSION OF RADISH DEFENSIN (RSAFP2) GENE IN CHICKPEA (CICER ARIETINUM L.) CONFERS RESISTANCE TO FUSARIUM WILT DISEASE.,,,,,
EFFECTS OF ALCOHOLIC EXTRACT OF CURCUMA LONGA ON ASCARIDIA INFESTATION AFFECTING CHICKEN.,,,,,
EVALUATION OF NON-ISOTHERMAL THERMAL DEGRADATION KINETICS OF LAVENDER ESSENTIAL OIL (LAVANDULA ANGUSTIFOLIA).,,,,,
INTRA-PLANT FLORAL VARIATION IN CLEOME VISCOSA L. AND ITS POSSIBLE SIGNIFICANCE IN BREEDING SYSTEM.,,,,,
SYNTHESIS AND EVALUATION OF THE INCORPORATION OF SISAL FIBER CELLULOSE IN THE POLYMERIC MATRIX OF STARCH FROM JACKFRUIT SEED (ARTOCARPUS HETEROPHYLLUS LAM.) USING THERMOGRAVIMETRY.,,,,,
DEVELOPMENT AND CHARACTERIZATION OF A HIGH TEMPERATURE STRESS RESPONSIVE SUBTRACTIVE CDNA LIBRARY IN PEARL MILLET PENNISETUM GLAUCUM (L.) R.BR.,,,,,
"A MICRODROPLET CELL CULTURE BASED HIGH FREQUENCY SOMATIC EMBRYOGENESIS SYSTEM FOR PIGEONPEA, CAJANUS CAJAN (L.) MILLSP.",,,,,
CONTENT AND DISTRIBUTION OF PRUNASIN IN PERILLA FRUTESCENS.,,,,,
PLANT GROWTH REGULATORS IMPROVED CUTTING INDUCED PHYSIO-BIOCHEMICAL RESPONSES TO POSTPONEMENT SENESCENCE IN CHRYSANTHEMUM.,,,,,
ESSENTIAL OIL COMPOSITION OF CURCUMA SPECIES AND DRUGS FROM ASIA ANALYZED BY HEADSPACE SOLID-PHASE MICROEXTRACTION COUPLED WITH GAS CHROMATOGRAPHY-MASS SPECTROMETRY.,"1. Qundong Liu, 1. Katsuko Komatsu, 1. Kazufumi Toume, 1. Shu Zhu, 2. Ken Tanaka, 3. Shigeki Hayashi, 3. Naoko Anjiki, 3. Nobuo Kawahara, 4. Akihito Takano, 5. Katsunori Miyake, 6. Norio Nakamura, 7. Suchada Sukrong, 8. Mangestuti Agil, 9. Indira Balachandra.",Journal of Natural Medicines,2023,77,1
EFFECT OF DRYING AND PROCESSING ON DITERPENES AND OTHER CHEMICAL CONSTITUENTS OF GINGER.,,,,,
UNDERSTANDING THE VARIATIONS IN DIELECTRIC PROPERTIES OF MUSTARD (BRASSICA NIGRA L.) AND ARGEMONE (ARGEMONE MEXICANA) OIL BLENDS AT DIFFERENT TEMPERATURES.,,,,,
PEPPERMINT ESSENTIAL OIL VOLATILES AS NATURAL ALTERNATIVE TO PREVENT POTATO SPROUTING INDUCED BY GIBBERELLIC ACID.,,,,,
DESTALKING OF DRY RED CHILLIES (CAPSICUM ANNUM L.) AND ITS CHARACTERIZATION.,,,,,
DEVELOPMENT OF HIGH FREQUENCY IN VITRO SHOOT REGENERATION SYSTEM FROM LEAVES OF APPLE CULTIVAR OREGON SPUR AND OPTIMIZATION OF ANTIBIOTICS CONCENTRATION.,,,,,
PROBIOTIC FUNCTIONAL ATTRIBUTES OF LACTIC ACID BACTERIA FROM INDIGENOUSLY FERMENTED MILK PRODUCT KALAREI.,,,,,
NOVEL DETECTION METHOD TO RAPIDLY QUANTIFY TOXIC CUCURBITACIN IN LAGENARIA SICERARIA (BOTTLE GOURD).,,,,,
IMPACT OF PISTACIA LENTISCUS PLANT GUM ON PARTICLE SIZE AND SWELLING INDEX IN CENTRAL COMPOSITE DESIGNED AMOXYCILLIN TRIHYDRATE MUCOADHESIVE MICROSPHERES.,,,,,
BIO-INSPIRED GREEN SYNTHESIS OF NICKEL NANOPARTICLES USING STERCULIA FOETIDA LEAF EXTRACT AND ITS APPLICATION FOR REMOVAL OF TRIVALENT CHROMIUM FROM AQUEOUS SOLUTION.,,,,,
"STRUCTURE, IN VITRO STARCH DIGESTIBILITY AND PHYSICOCHEMICAL PROPERTIES OF STARCH ISOLATED FROM GERMINATED BAMBARA GROUNDNUT.","1,2. Chiemela Enyinnaya Chinma, 1,3. Joseph Oneh Abu, 1. Funmilayo Hannah Afolabi, 1. Peace Nwankwo, 4. Janet Adeyinka Adebo, 2,5. Samson Adeoye Oyeyinka, 2. Patrick Berka Njobeh, 6. Oluwafemi Ayodeji Adebo.",Journal of Food Science and Technology,2023,60,
CASSAVA STARCH AND CHICKPEA FLOUR PRE-TREATED BY MICROWAVE AS A SUBSTITUTE FOR GLUTEN-FREE BREAD ADDITIVES.,,,,,
"ENCAPSULATION OF THYME OIL INTO MICROSPONGES: PREPARATION, CHARACTERIZATION AND IN VITRO EVALUATION",,,,,
ESTABLISHMENT OF BOTANICAL AND PHYTOCHEMICAL STANDARDS FOR QUALITY ASSESSMENT OF SIDA VERONICIFOLIA LAM. ROOTS.,,,,,
QUANTITATION OF GALLIC ACID IN ACACIA NILOTICA L. PODS BY HPTLC.,,,,,
PHARMACEUTICAL EVALUATION OF MODIFIED KANTAKARI AVALEHA FOR PEDIATRIC USE.,,,,,
PHARMACOGNOSTIC STUDY AND HIGH-PERFORMANCE LIQUID CHROMATOGRAPHY FINGER PRINT PROFILE OF HERBS OF HRIDYADASHEMANI.,,,,,
BINDING MODES OF POTENTIAL ANTI-PRION PHYTOCHEMICALS TO PRPC STRUCTURES IN SILICO.,,,,,
COMPARISION OF TRADITIONAL AND LABORATORY METHODS OF SULPHUR PROCESSING.,,,,,
PHARMACEUTICAL STANDARDIZATION AND ANALYTICAL VALIDATION OF SANJIVANI VATI.,,,,,
PHARMACEUTICAL STANDARDIZATION OF AMRITA BHALLATAKA RASAYANA: A COMPOUND POLYHERBAL AYURVEDIC FORMULATION.,"Yagnik D Mundadiya, Swapnil Y Chaudhari, Biswa Jyoti Patgiri.",Journal of Drug Research in Ayurvedic Sciences,2023,8,3
PHARMACEUTICAL DEVELOPMENT OF LEKHANIYA MAHAKASHAYA INTO DISPERSIBLE TABLET-A POLYHERBAL FORMULATION.,,,,,
RECONNOITERING THE CAPABILITIES OF NODULE ENDOPHYTIC PANTOEA DISPERSA FOR IMPROVED NODULATION AND GRAIN YIELD OF CHICKPEA (CICER ARIETINUM L.).,,,,,
"POTASSIUM SILICATE REDUCES WATER CONSUMPTION, IMPROVES DROUGHT TOLERANCE, AND ENHANCES THE PRODUCTIVITY OF SWEET CORN (ZEA MAYS) UNDER DEFICIT IRRIGATION.",,,,,
GERMINATION ENHANCEMENT OF ORYZA SATIVA VAR. NERICA UNDER 2D-CLINOSTAT INDUCED MICROGRAVITY ENVIRONMENT.,,,,,
ALLOMETRIC MODELS TO ESTIMATE THE INDIVIDUAL LEAF AREA OF ARABICA COFFEE: AN APPROACH FROM FREQUENTIST AND BAYESIAN STATISTICS.,,,,,
AGGREGATION-RESISTANT PROTEINS ARE ADJUSTED DURING DROUGHT IN SUGARCANE PLANTS.,,,,,
INFLUENCE OF SEED AND POD BIOPHYSICAL CHARACTERS ON PRE-HARVEST SPROUTING TOLERANCE IN URDBEAN (VIGNA MUNGO L.).,,,,,
COMPOSITION AND DIVERSITY OF ROOT-INHABITING BACTERIAL MICROBIOTA IN THE PERENNIAL SWEET SORGHUM CULTIVAR AT THE MATURING STAGE.,,,,,
LEAF WATER STATUS AND BIOCHEMICAL ADJUSTMENTS AS A MECHANISM OF DROUGHT TOLERANCE IN TWO CONTRASTING WHEAT (TRITICUM AESTIVUM L.) VARIETIES.,,,,,
OVEREXPRESSION OF GPS AND FPS FROM CHRYSANTHEMUM INDICUM VAR. AROMATICUM RESULTED IN MODIFIED TRICHOME FORMATION AND TERPENOID BIOSYNTHESIS IN TOBACCO.,"1,2. Wenjie Gao, 3. Qingran Meng, 4. Xiang Wang, 5. Feng Chen, 1. Miao He, 6. Yunwei Zhou.",Plant Growth Regulation,2023,99,3
PHYSIOLOGICAL CHANGES INVOLVED IN THE ACQUISITION OF SEED VIGOR DURING MATURATION OF SUNFLOWER SEED.,,,,,
"EXTRACTION, CHARACTERIZATION, AND EVALUATION OF LEPIDIUM SATIVUM LINN. MUCILAGE AS A MUCOADHESIVE POLYMER.",,,,,
"GENETIC CHANGES IN F1 HYBRIDS OF THE GENETICALLY DIVERGENT SOLANUM L., SOLANUM MELONGENA L. X SOLANUM AETHIOPICUM L.",,,,,
"DETERMINATION OF HEAVY METAL LEVELS AND HEALTH RISK ASSESSMENT OF RAW COW MILK IN GUELMA REGION, ALGERIA.",,,,,
OPTIMAL HYDROTHERMAL TREATMENT OF SESAME SEEDS TO RETAIN MOST OF THE NUTRIENTS.,,,,,
"INFLUENCE OF GARLIC (ALLIUM SATIVUM) CLOVE-BASED SELENIUM NANOPARTICLES ON STATUS OF NUTRITIONAL, BIOCHEMICAL, ENZYMOLOGICAL, AND GENE EXPRESSIONS IN THE FRESHWATER PRAWN MACROBRACHIUM ROSENBERGII (DE MAN, 1879).",,,,,
SEASONAL AND GEOGRAPHIC VARIATION IN SEROTONIN CONTENT IN SEA BUCKTHORN.,,,,,
EUPHORBIA PROSTRATA AS AN ECO-FRIENDLY CORROSION INHIBITOR FOR STEEL: ELECTROCHEMICAL AND DFT STUDIES.,,,,,
EFFICIENCY OF MODIFIED PLANT GUAR GUM AS AID COAGULANT FOR REMOVAL OF DIAZINON FROM AQUEOUS SOLUTION: OPTIMIZATION BY RESPONSE SURFACE METHODOLOGY.,,,,,
EFFECT OF MODIFIED SOLAR DRYERS ON COLORIMETRIC AND PHYSICOCHEMICAL PROPERTIES OF PUMPKIN FLOWER (CUCURBITA MAXIMA).,"1. Octavio Garcia-Valladares, 1. Ana Maria Lucho-Gomez, 1. Erandi Anais Montiel-Baltazar, 1. Marian Castaneda-Vazquez, 2. Cesar Antonio Ortiz-Sanchez, 3. Beatriz Castillo-Tellez, 4. Guadalupe Luna-Solano, 1,5. Alfredo Dominguez-Nino.",Plant Foods for Human Nutrition,2023,78,1
DEVELOPMENT OF PSYLLIUM SEED HUSK-BASED COLORIMETRIC INDICATOR BY DIFFERENT HOMOGENIZATION METHODS.,,,,,
EFFECT OF COOKING METHOD AND ENZYMATIC TREATMENT ON THE IN VITRO DIGESTIBILITY OF COOKED AND INSTANT CHESTNUT FLOUR.,,,,,
"CHEMOMETRIC CLASSIFICATION OF MANGIFERA INDICA L. LEAF CULTIVARS, BASED ON SELECTED PHYTOCHEMICAL PARAMETERS; IMPLICATIONS FOR STANDARDIZATION OF THE PHARMACEUTICAL RAW MATERIALS.",,,,,
ESTIMATION OF SOME PHYTOCHEMICAL COMPOUNDS AND ANTIOXIDANT PROPERTIES OF LEAVES FROM DIFFERENT MULBERRY VARIETIES GROWN IN SYRIA.,,,,,
"COMPOSITION, STRUCTURE, AND TECHNO-FUNCTIONAL CHARACTERISTICS OF THE FLOUR, PROTEIN CONCENTRATE, AND PROTEIN ISOLATE FROM PURSLANE (PORTULACA OLERACEA L.) SEEDS.",,,,,
"SUSTAINABLE AGRICULTURAL USE OF SEWAGE SLUDGE: IMPACTS OF HIGH ZN CONCENTRATION ON ON FOLSOMIA CANDIDA, ENCHYTRAEUS CRYPTICUS, LACTUCA SATIVA, AND PHASEOLUS VULGARIS.",,,,,
IN VITRO EVALUATION OF ANTI-INFLAMMATORY ACTIVITY OF HABANERO CHILI PEPPER (CAPSICUM CHINENSE) SEEDS EXTRACTS PRETREATED WITH CELLULASE.,,,,,
A NEW HONEY ADULTERATION DETECTION APPROACH USING HYPERSPECTRAL IMAGING AND MACHINE LEARNING.,,,,,
"FUNCTIONAL, THERMAL AND STRUCTURAL PROPERTIES OF GREEN BANANA FLOUR (CV. GIANT CAVENDISH) BY DE-ASTRINGENCY, ENZYMATIC AND HYDROTHERMAL TREATMENTS.",,,,,
PHENOLIC AND COLOUR CHARACTERISTICS OF MUST AND WINE OBTAINED FROM RED GRAPES TREATED BY PULSED ELECTRIC FIELDS. EFFICACY OF PEF TO REDUCE MACERATION TIME IN ELABORATION OF RED WINES.,"1. N. Lopez-Giral, 2. R. Lopez, 2. P. Santamaria, 2. L. Gonzalez-Arenzana, 3. T. Garde-Cerdan.",European Food Research and Technology,2023,249,
DEVELOPING A ROBUST IN VIVO HAIRY ROOT SYSTEM FOR ASSESSING TRANSGENE EXPRESSION AND GENOME EDITING EFFICIENCY IN PAPAYA.,,,,,
IDENTIFICATION OF KEY AROMAS OF GRAPEFRUIT JUICE AND STUDY OF THEIR CONTRIBUTIONS TO THE ENHANCEMENT OF SWEETNESS PERCEPTION.,,,,,
"EFFECTS OF MAMMALIAN SEX HORMONES ON REGENERATION CAPACITY, RETROTRANSPOSON POLYMORPHISM AND GENOMIC INSTABILITY IN WHEAT (TRITICUM AESTIVUM L.).",,,,,
EVALUATION OF GENETIC DIVERSITY AND POPULATION STRUCTURE IN ELITE SOUTH INDIAN TEA CAMELLIA SINENSIS (L.) KUNTZE USING RAPD AND ISSR MARKERS.,,,,,
IN-PLANTA TRANSIENT TRANSFORMATION OF AVOCADO (PERSEA AMERICANA) BY VACUUM AGROINFILTRATION OF AERIAL PLANT PARTS.,,,,,
INVESTIGATION THE EFFECT OF DROUGHT STRESS ON TOLERANT AND RESISTANT RICE (ORYZA SATIVA L.) VARIETIES IN TERMS OF MORPHOLOGIC AND GENETIC CHARACTERS.,,,,,
CHARACTERIZATION OF JUNEGRASS (KOELERIA MACRANTHA (LEDEB.) SCHULT.) COLLECTED FROM KOP REGION IN CENTRAL ANATOLIA.,,,,,
A PROTOCOL FOR AGROBACTERIUM-MEDIATED GENETIC TRANSFORMATION OF LENS CULINARIS MEDIK (LENTIL).,,,,,
GENETIC DIVERSITY ANALYSIS IN CHRYSANTHEMUM (DENDRANTHEMA GRANDIFLORA TZVELEV) USING SSR MARKERS: CORROBORATING MUTANT BEHAVIOUR OF NEWLY EVOLVED GENOTYPES.,,,,,
OVER-EXPRESSION OF TRIGONELLA FOENUM-GRAECUM DEFENSIN (TFGD2) AND RAPHANUS SATIVUS ANTIFUNGAL PROTEIN (RSAFP2) IN TRANSGENIC PIGEONPEA CONFERS RESISTANCE TO THE HELICOVERPA ARMIGERA.,"Nirmala Nalluri, Vasavirama Karri.","Plant Cell, TIssue and Organ Culture (PCTOC)",2023,152,
DETERMINATION OF NATURAL DISTRIBUTION AREAS AND SOME AGRO-MORPHOLOGICAL CHARACTERISTICS WITH SEXUAL DIMORPHISM OF WILD ASPARAGUS (ASPARAGUS OFFICINALIS L.) IN IGDIR PLAIN-TURKEY.,,,,,
REGENERATION CHARACTERISTICS OF GARCINIA PEDUNCULATA: UTILIZATION OF ADVENTITIOUS EMBRYONY FOR MASS MULTIPLICATION.,,,,,
IN VITRO SELECTION OF CHILI (CAPSICUM ANNUUM) VARIETIES TOLERANT TO REDUCED NITROGEN SUPPLEMENTS.,,,,,
"THE DESCRIPTION, DISTRIBUTION AND HABITAT OF WILD BANANA SPECIES IN NORTHERN VIET NAM.",,,,,
"MOLECULAR (ISSR, CP DNA, ITS) AND MORPHOLOGICAL STUDY OF THE GENUS TRAGOPOGON L. (ASTERACEAE).",,,,,
"HPLC ISOLATION OF RUTIN, HESPERIDIN AND QUERCETIN FROM RUTA CHALEPENSIS EXTRACT GROWING IN IRAQ.",,,,,
"GENETIC DIVERSITY AND STRUCTURE OF SUPERIOR SPRING FROST TOLERANT GENOTYPES OF PERSIAN WALNUT (JUGLANS REGIA L.) IN EAST AZERBAIJAN PROVINCE OF IRAN, CHARACTERIZED USING INTER SIMPLE SEQUENCE REPEAT (ISSR) MARKERS.",,,,,
"ANTIOXIDANT, TOTAL PHENOLIC, AND TOTAL FLAVONOID OF 70% ETHANOL EXTRACT OF AVOCADO SEEDS (PERSEA AMERICANA MILL.).",,,,,
SSR MINING OF BLACK CUMIN (NIGELLA SATIVA L.) TRANSCRIPTOME FOR MOLECULAR MARKER DEVELOPMENT.,,,,,
STIMULATION OF EMODIN FROM ALOE VERA ON PROTEIN KINASE PIM1 IN THE CENTRAL NERVOUS SYSTEM THROUGH IN SILICO ANALYSIS.,"1,2. Rahadian Zainul, 3. Rismi Verawati, 4. Ritbey Ruga, 5. Muhammad Arya Ghifari, 6. Devi Purnamasari, 7. Putri Azhari, 8,9. Viol Dhea Kharisma, 10. Vikash Jakhmola, 11,12. Maksim Rebezov, 8,9,10. ANM Ansori.",Pharmacognosy Journal,2023,15,4
INTERACTION OF CYNAROSIDE FROM ORTHOSIPHON ARISTATUS PLANT EXTRACT ON TNF ALPHA AS A STIMULANT IN MALARIA AND ASTHMA.,,,,,
IN SILICO STUDY ON THE INHIBITION OF SITOGLUSIDE FROM CLOVE PLANT (SYZYGIUM AROMATICUM) ON INTERLEUKIN 2 IN B AND T CELL PROLIFERATION.,,,,,
THE ANCIENT DNA AND ARCHAEOBOTANICAL ANALYSIS SUGGEST CULTIVATION OF TRITICUM AESTIVUM SUBSP. SPELTA AT YUMUKTEPE AND YENIKAPI POTTERY NEOLITHIC SITES IN TURKEY.,,,,,
"MOLECULAR SCREENING OF THE LANDRACES FROM TURKEY AND MODERN BREAD WHEAT (TRITICUM AESTIVUM L.) CULTIVARS FOR HMW-GS, WBM, WAXY GENES AND LR34 GENE.",,,,,
HEPATITIS E INHIBITED BY ROSMARINIC ACID EXTRACT FROM CLOVE PLANT (SYZYGIUM AROMARICUM) THROUGH COMPUTATIONAL ANALYSIS.,,,,,
"GENETIC DIVERSITY AND STRUCTURE ANALYSIS OF MELON (CUCUMIS MELO L.) GENOTYPES USING URP, SRAP, AND CDDP MARKERS.",,,,,
IN SILICO STUDY OF RHAMNOCITRIN EXTRACT FROM CLOVE SYZYGIUM AROMARICUM IN INHIBITING ADENOSINE A1 ADENYLATE CYCLASE INTERACTION.,,,,,
"EFFECTS OF CLIMATIC DRIVERS ON THE GENETIC DIVERGENCE OF JUGLANS REGIA L. ACROSS DISTRICTS DIR AND SWAT, KHYBER PAKHTUNKHWA, PAKISTAN.",,,,,
STUDY ON THE INHIBITION OF SINENSETIN EXTRACT FROM CAT'S WHISKERS PLANT (ORTHOSIPHON ARISTATUS) ON ATP BINDING CASSETTE SUB-FAMILY G MEMBER 2 IN URIC ACID.,,,,,
MOLECULAR DOCKING OF THAFLAVINE FROM CAMELLIA SINENSIS IN INHIBITING B-CELL LYMPHOMA THROUGH BCL2 APOPTOSIS REGULATOR: AN IN SILICO STUDY.,"1,8. Rahadian Zainul, 1. Rismi Verawati, 2. Herland Satriawan, 3. Teresa Liliana Wargasetia, 4. Devi Purnamasari, 1. Amalia Putri Lubis, 5. Bahrun, 6. Riso Sari Mandeli, 7. Muhammad Thoriq Albari, 9,10. Viol Dhea Kharisma, 11. Vikash Jakhmola1, 12,13. Maksim Rebezov, 9,10,11. ANM Ansori.",Pharmacognosy Journal,2023,15,4
IN SILICO STUDY ON THE POTENTIAL OF GUAIACOL EXTRACT FROM GREEN TEA (CAMELLIA SINENSIS) AS A STIMULANT FOR CARBANOIC ANHYDRASE II IN RENAL TUBULAR ACIDOSIS.,,,,,
COMPUTATIONAL EVALUATION OF THE POTENTIAL OF SALICYLATE COMPOUND FROM SYZYGIUM AROMATICUM ON CARBONIC ANHYDRASE I AS A GASTRIC ACID STIMULANT.,,,,,
INTERACTION OF MASILINIC ACID FROM CLOVE PLANT (SYZYGIUM AROMATICUM) WITH CD81 ANTIGEN IN INHIBITING HIV VIRUS REGULATION IN SILICO.,,,,,
"EVALUATING GENETIC DIVERSITY OF GEOGRAPHICALLY DIVERSE POPULATIONS OF EMBELIA RIBES BURM F., A HIGHLY MEDICINAL WOODY LIANA FROM THE WESTERN GHATS OF INDIA, USING RANDOM AMPLIFIED POLYMORPHIC DNA (RAPD) AND INTERSIMPLE SEQUENCE REPEATS (ISSR) MARKERS.",,,,,
IDENTIFICATION OF GENOMIC REGIONS GOVERNING MOISTURE AND HEAT STRESS TOLERANCE EMPLOYING ASSOCIATION MAPPING IN RICE (ORYZA SATIVA L.).,,,,,
CANDIDATE GENE BASED SSR AND SNP MARKERS FOR GYNOECY IN BITTER GOURD (MOMORDICA CHARANTIA L.).,,,,,
"PHYLOGENY, GENE STRUCTURES, AND EXPRESSION PATTERNS OF THE AUXIN RESPONSE FACTOR (GHARF2) IN UPLAND COTTON (GOSSYPIUM HIRSUTUM L.).",,,,,
DEVELOPMENT AND EVALUATION OF NATURAL ANTI-DANDRUFF SHAMPOO.,,,,,
IN SILICO PHARMACOKINETIC AND MOLECULAR DOCKING STUDIES OF NATURAL PLANTS AGAINST ESSENTIAL PROTEIN KRAS FOR TREATMENT OF PANCREATIC CANCER.,,,,,
IDENTIFICATION AND QUANTIFICATION OF KAEMPFEROL FROM ETHYL ACETATE FRACTION OF PLUCHEA WALLICHIANA DC LEAVES.,"Kinjal Bera, Madhavi Patel.",Journal of Natural Remedies,2023,23,3
ASSESSMENT OF CHEMICAL CONSTITUENTS OF ALLIUM SATIVUM ESSENTIAL OIL EXTRACTED BY USING HYDRODISTILLATION TECHNIQUE AND THEIR PHARMACOLOGICAL POTENTIAL.,,,,,
"EVALUATION OF AGRO-MORPHOLOGICAL TRAITS, SEED CHARACTERIZATION AND GENETIC DIVERSITY OF LOCAL RICE (ORYZA SATIVA L.) VARIETIES OF PAKISTAN.",,,,,
APPLICATION OF QUALITY RISK ASSESSMENT AND DESIGN OF EXPERIMENT IN OPTIMIZING CHROMATOGRAPHIC METHOD FOR ESTIMATION OF TOTAL SARSASAPOGENIN FROM THE ROOTS OF ASPARAGUS RACEMOSUS WILD.,,,,,
MOLECULAR DOCKING OF TRITERPENOIDS FROM NEEM WITH THE ECDYSONE RECEPTOR OF LEPIDOPTERAN PESTS.,,,,,
COMPUTATIONAL ANALYSIS DEPICTING POTENCY OF PHYTOCHEMICALS TO TARGET MAPK SIGNALLING PATHWAY IN BREAST CANCER.,,,,,
"PHARMACOGNOSTICAL, PHYSICOCHEMICAL, AND PHYTOCHEMICAL INVESTIGATION OF ALLIUM WALLICHII KUNTH (AN UNEXPLORED AND UNDERUTILISED TRADITIONAL AROMATIC PLANT FROM HIMALAYAN REGIONS).",,,,,
A VALIDATED HPTLC METHOD FOR QUANTIFICATION OF LINOLEIC ACID AND BETA-SITOSTEROL IN SOLANUM NIGRUM EXTRACT.,,,,,
HISTO-ANATOMICAL CHARACTERIZATION OF AERIAL AND ROOT CRUDE SAMPLES OF WITHANIA SOMNIFERA (L.) DUNAL.,,,,,
"SAPONIN, TOTAL TANNIN, AND ANTHRAQUINONE CONTENTS IN ALHAGI MAURORUM FROM THE RAJASTHAN DESERT.",,,,,
ENHANCING THE SHELF LIFE OF PSIDIUM GUAJAVA DURING POST HARVESTING STORAGE BY COATING WITH CINNAMOMUM VERUM FORMULATIONS.,"1. E. Selva Subramanian, 1. Ruchita Aggarwal, 1. R. Kavyashree, 2. Nibedita Dey, 1. Shivaji Bole, 1. Neena Aloysious, 1. C. Kamatchi.",Journal of Natural Remedies,2023,23,3
"TRADITIONAL FERMENTED RICE BEVERAGE ENRICHED WITH ZINC, CALCIUM AND IRON.",,,,,
INVESTIGATION OF MICROSATELLITE LOCI FOR THE IDENTIFICATION OF REGISTERED VARIETIES OF PERILLA FRUTESCENS AND A DISCUSSION ON THE ANCESTOR SPECIES OF P. FRUTESCENS.,,,,,
RESPONSE OF POTATO CROP TO VRIKSHAAYURVEDA BASED HERBAL KUNAPAJALA AGAINST BLACK SCURF AND EARLY BLIGHT DISEASE.,,,,,
"AROMATASE INHIBITORS ISOLATED FROM A FLOWERING TEA, SNOW CHRYSANTHEMUM (THE CAPITULA OF COREOPSIS TINCTORIA NUTT.).",,,,,
"QUALITY RISK ASSESSMENT ON TRADITIONAL IMMUNITY BOOSTER PLANTS CULTIVATORS IN PUNJAB, INDIA.",,,,,
"A NEW 1,2-DIKETONE PHYSALIN ISOLATED FROM PHYSALIS MINIMA AND TRAIL-RESISTANCE OVERCOMING ACTIVITY OF PHYSALINS.",,,,,
"GROWTH, YIELD AND ECONOMICS OF CORIANDER (CORIANDRUM SATIVUM L.) INFLUENCED BY INTEGRATED NUTRIENT MANAGEMENT IN SEMI-ARID REGIONS OF INDIA.",,,,,
EFFICACY OF HERBAL EXTRACTS IN ALLEVIATING CORM DORMANCY IN GLADIOLUS (GLADIOLUS GRANDIFLORUS L.).,,,,,
THE DIVERSITY PROFILE OF PEPPER AND BANANA BASED HIGH RANGE HOME GARDENS IN KERALA.,,,,,
EVALUATION OF ROOTING CHARACTERISTICS OF EPHEDRA CUTTINGS BY ANATOMY AND PROMISING STRAIN SELECTION BASED ON ROOTING CHARACTERISTICS AND ALKALOID CONTENT.,"1. Yoshitomi Kudo, 1. Hirokazu Ando, 1. Ai Kaneda, 1. Honoka Ito, 1. Kazuki Umemoto, 2. Si-ran Ni, 2. Masayuki Mikage, 1. Yohei Sasaki.",Journal of Natural Medicines,2023,77,2
"PREPARATION AND CHARACTERIZATION OF SYRUP FROM NATIVE DRIED DATE (PHOENIX DACTYLIFERA L., VARIETY MECH-DEGLA) FRUITS.",,,,,
ANTI-DENGUE LEADS FROM CAESALPINIA BONDUC - AN IN SILICO APPROACH.,,,,,
SCIENTIFIC VALIDATION OF VEDIC KNOWLEDGE ON 'RAJATAM' AND THE CONVECTION CURRENT-ASSISTED SYNTHESIS OF SILVER NANOPARTICLES.,,,,,
DESIGN OF A VALIDATED HPTLC METHODOLOGY FOR THE MEASUREMENT OF LINOLEIC AND OLEANOLIC ACID IN ECLIPTA ALBA.,,,,,
ENDEMIC AND ENDANGERED ETHNO-HERBAL MEDICINAL CLIMBER OF DARJEELING HILLS (EDGARIA DARJEELINGENSIS C.B. CLARKE) IS A TREASURE OF ANTI-CANCER MOLECULES: A STUDY ON GC-MS ANALYSIS AND PROBABLE BIOSYNTHETIC PATHWAYS.,,,,,
"APPLICATION OF VEGETABLE OILS AS NATURAL, GREEN AND SUSTAINABLE SOLVENTS FOR EXTRACTION OF PLANT MATERIALS: STUDY OF PHYTOCHEMICAL CHARACTERIZATION AND CHEMICAL PROFILING OF VARIOUS OLEO-EXTRACTS OF GLYCYRRHIZA GLABRA.",,,,,
"BRAZILIN FROM CAESALPINIA SAPPAN L. AS A PROPROTEIN CONVERTASE SUBTILISIN/KEXIN TYPE 9 (PCSK9) INHIBITOR: PHARMACOPHORE-BASED VIRTUAL SCREENING, IN SILICO MOLECULAR DOCKING, AND IN VITRO STUDIES.",,,,,
PHARMACEUTICAL ASSESSMENT OF THE IMPACT OF THE METHOD OF EXTRACTION ON THE SUITABILITY OF PECTIN FROM PLANTAIN (MUSA PARADISIACA) PEELS AS A SUSPENDING AGENT IN ORAL LIQUID FORMULATIONS.,,,,,
MARSDENIA TENACISSIMA EXTRACT INDUCES ENDOPLASMIC RETICULUM STRESS-ASSOCIATED IMMUNOGENIC CELL DEATH IN NON-SMALL CELL LUNG CANCER CELLS THROUGH TARGETING AXL.,,,,,
PHARMACOGNOSTICAL AND PHYTOCHEMICAL SCREENING OF ROOT AND FRUIT OF FICUS SEMICORDATA BUCH. -HAM. EX SM. - AN EXTRA PHARMACOPOEIAL DRUG.,"Gupta Shashi, 1. Acharya Rabinarayan, 2. Harisha C. R, 3. Shukla Vinay J.",AYU,2022,43,3
A COMMON HPLC-PDA METHOD FOR AMINO ACID ANALYSIS IN INSECTS AND PLANTS.,,,,,
ISOLATION AND CHARACTERIZATION OF NATURAL INHIBITORS OF POST-PROLINE SPECIFIC PEPTIDASES FROM THE LEAVES OF COTINUS COGGYGRIA SCOP.,,,,,
INFLUENCE OF MANDUKAPARNI TARGETING MUSCARINIC ACETYLCHOLINE RECEPTOR M1 IN THE MANAGEMENT OF ALZHEIMER S DISEASE: A NETWORK PHARMACOLOGICAL APPROACH.,,,,,
PREPARATION OF VALUE-ADDED FORMULATIONS OF SELECTED KSHEERAPAKAS BY TRIAL AND ERROR METHOD.,,,,,
ESTABLISHMENT OF AN IN VITRO PLANTLET REGENERATION PROTOCOL FOR UNIQUE VARIETIES OF BRINJAL (SOLANUM MELONGENA L.) VAR. MATTU GULLA AND PERAMPALLI GULLA.,,,,,
NASAL APPLICATION OF SESAME OIL-BASED ANU TAILA AS BIOLOGICAL MASK FOR RESPIRATORY HEALTH DURING COVID-19.,,,,,
"PHENYLPROPANOID ENZYMES, PHENOLIC POLYMERS AND METABOLITES AS CHEMICAL DEFENSES TO INFECTION OF PRATYLENCHUS COFFEAE IN ROOTS OF RESISTANT AND SUSCEPTIBLE BANANAS (MUSA SPP.).",,,,,
"IN VITRO REGENERATION OF COELOGYNE NERVOSA A. RICH. AND ERIA PSEUDOCLAVICAULIS BLATT., THREATENED ORCHIDS OF WESTERN GHATS, INDIA.",,,,,
CHARACTERISATION OF SHIRASHULAHARA LEPA - A NON-CODIFIED FORMULATION.,,,,,
AN ANALYSIS OF VASCULAR SYSTEM IN THE COMPOUND TENDRILLED AFILA LEAF IN PISUM SATIVUM.,"Vishakha Sharma, Arvind Kumar, Sushil Kumar.",Indian Journal of Experimental Biology,2014,52,6
A SIMPLE TECHNIQUE FOR TRACKING INDIVIDUAL SPORE AND GAMETOPHYTE DEVELOPMENT IN ADIANTUM LUNULATUM BURM. F. USING MODIFIED EXTRA THIN ALGINATE FILM TECHNIQUE.,,,,,
A COMPARATIVE PHARMACEUTICAL STUDY OF ABHRASINDOORA BY TRADITIONAL AND CONTEMPORARY METHOD.,,,,,
MASS PROPAGATION OF CYMBIDIUM GIGANTEUM WALL. EX LINDL. USING IN VITRO SEEDLINGS.,,,,,
"IN VITRO REGENERATION IN OLIVE (OLEA EUROPAEA L.) CV, FRONTIO FROM NODAL SEGMENTS.",,,,,
IN VITRO CULTURE OF IMMATURE EMBRYOS OF CINNAMOMUM TAMALA NEES. - THE ROLE OF DIFFERENT FACTORS.,,,,,
IN VITRO REGENERATION AND PLOIDY LEVEL ANALYSIS OF EULOPHIA OCHREATA LINDL.,,,,,
IN VITRO CALLUS INDUCTION AND ESTIMATION OF PLUMBAGIN CONTENT FROM PLUMBAGO AURICULATA LAM..,,,,,
EFFICACY AND SAFETY OF VICIA FABA L. EXTRACT COMPARED WITH LEVODOPA IN MANAGEMENT OF PARKINSON S DISEASE AND AN IN-SILICO PHYTOMEDICINE ANALYSIS.,,,,,
MANNITOL-INDUCED DROUGHT STRESS ON CALLI OF TRIGONELLA FOENUM-GRAECUM L. VAR. RMT-303.,,,,,
COMPARATIVE ANALYTICAL EVALUATION OF PRUTHVISARA TAILA PREPARED BY TWO DIFFERENT METHODS.,"1. Archana Pagad, 2. AbhayaKumar Mishra, 3. Gazala Hussain.",International Journal of Ayurvedic Medicine,2023,14,3
STANDARDISATION OF KUVALAYAGHRTA: A POTENTIAL NOOTROPIC SUPPLEMENT.,,,,,
CHROMIUM ACCUMULATION POTENTIAL OF ZEA MAYS GROWN UNDER FOUR DIFFERENT FERTILIZERS.,,,,,
NEW VALIDATED ULTRA HIGH PERFORMANCE LIQUID CHROMATOGRAPHIC METHOD FOR ESTIMATION OF QUERCETIN.,,,,,
CHITOSAN-SESBANIA GUM MEDIATED PH-RESPONSIVE POLYELECTROLYTE COMPLEXES FOR TARGETED DELIVERY OF DICLOFENAC SODIUM: PREPARATION AND SPECTROSCOPICAL EVALUATION.,,,,,
FUZZY SET QUALITATIVE METHODOLOGY FOR IDENTIFYING THE CRITICAL PROCESS PARAMETERS AND QUALITY ATTRIBUTES IN THE MANUFACTURING OF AROGYAVARDHINI RASA.,,,,,
ISOLATION AND FUNCTIONING INVESTIGATION OF SALVIA HISPANICA SEED MUCILAGE AS A POTENTIAL SUSTAINED RELEASE CARRIER FOR WATER SOLUBLE DRUG.,,,,,
COMPARISON OF THE TWO EXTRACTION METHODS OF FRUIT PULP OF ARAGVADHA (CASSIA FISTULA LINN.) BY HPTLC.,,,,,
"DESIGN, DEVELOPMENT AND OPTIMIZATION OF BUCCAL TABLET CONTAINING EXTRACT OF TERMINALIA CHEBULA RETZ. FOR THE TREATMENT OF ASTHMA.",,,,,
ANALYTICAL STUDY AND PREPARATION OF PRAVAL GARBHA POTTALI.,,,,,
INFLUENCE OF EXTRACTION TECHNIQUES ON BETALAIN YIELD AND BIOACTIVE PHYTOCHEMICAL ANALYSIS OF NOPAL FRUIT PEELS.,Anbarasi Karunanithi.,Indian Journal of Pharmaceutical Education and Research,2023,57,4
A COMPARATIVE STUDY OF STRUCTURAL PROPERTIES AND ANTACID ACTIVITY OF SOME COMMERCIAL SAMPLES OF SHAUKTIKA BHASMA.,,,,,
EVALUATION OF DIFFERENT TRADITIONAL RICE LANDRACES FOR ITS BIOACTIVE COMPOUNDS.,,,,,
ASSESSMENT OF INDIGENOUS TECHNICAL KNOWLEDGE ON USES OF ALLIUMS IN PLANT PROTECTION.,,,,,
NETWORK PHARMACOLOGY AND MOLECULAR DOCKING-BASED ACTIVITY OF HEMIDESMUS INDICUS (L.) R.BR. IN ACUTE MYELOID LEUKEMIA: A COMPUTATIONAL STUDY.,,,,,
INDIGENOUS HYDROPRIMING PRACTICE FOR FASTENING SEED GERMINATION MIGHT INDUCE RECIPROCAL EFFECTS IN CHICKPEA (CICER ARIETINUM L.) UNDER - ON-FARM SEED PRIMING SCENARIO.,,,,,
PRELIMINARY ANALYTICAL PROFILE OF AMRTOTTARA KWATHA CHURNA.,,,,,
"STUDY ON ELEMENTAL ANALYSIS, PESTICIDES, ANTIOXIDANT, MARKER COMPOUND AND VALIDATION OF CONVERSION OF AJMODADI CHURNA, AN AYURVEDIC FORMULATION INTO SUITABLE DOSAGE FORM.",,,,,
IDENTIFICATION OF PATALA (STEREOSPERMUM COLAIS AND STEREOSPERMUM SUAVEOLENS ROOTS) BY PHARMACOGNOSTIC PARAMETERS - A PLANT DRUG IN DASAMULA.,,,,,
CRITICAL EVALUATIONS OF DIFFERENT ASPECTS INVOLVED IN PREPARATION OF HARTALA BHASMA.,,,,,
BLENDING OF EDIBLE OILS WITH POMEGRANATE SEED OIL- AN APPROACH TO IMPROVE THE QUALITY BY INCORPORATING SIGMA-5 FATTY ACID.,"1,2. Aruna Pamisetty, 1,2. R P Singh.",Indian Journal of Traditional Knowledge,2023,22,3
CUSTARD APPLE PEELS CONTAINING SAPONIN: ISOLATION AND FORMULATION OF HERBAL SHAMPOO.,,,,,
DETERMINATION OF PHENOLIC PROFILE OF GEMLIK OLIVE CULTIVAR.,,,,,
"EXTRACTION, IDENTIFICATION AND ESTIMATION OF CAFFEINE IN GREEN AND BLACK TEA SAMPLES BY A SIMPLE UV-VISIBLE SPECTROSCOPIC METHOD.",,,,,
ESTIMATION OF URSOLIC ACID IN METHANOLIC EXTRACT OF MOMORDICA DIOICA BY HPTLC METHOD.,,,,,
COMPARATIVE HPTLC ANALYSIS OF SAPTACHAKRA (SALACIA CHINENSIS L.) FROM NATURAL HABITAT VS SOUTH INDIAN MARKET SAMPLES.,,,,,
"COMPARATIVE ANALYSIS OF THE PROPERTIES OF ACID-BASE INDICATOR OF ROSE (ROSA SETIGERA), ALLAMANDA (ALLAMANDA CATHARTICA), AND HIBISCUS (HIBISCUS ROSA-SINENSIS) FLOWERS.",,,,,
PHYTOCHEMICAL CROSSTALK IN INDIAN GOOSEBERRY PREPARATION TO EXPLAIN THERAPEUTIC POTENTIALS OF DIETARY SUPPLEMENTS.,,,,,
CHARACTERIZATION OF SEED STORAGE PROTEINS FROM CHICKPEA USING 2D ELECTROPHORESIS COUPLED WITH MASS SPECTROMETRY.,,,,,
"GC-MS, FT-IR, AND ICP-MS ANALYSIS OF BIOACTIVE COMPOUNDS IN THE METHANOLIC LEAVES EXTRACT OF THALICTRUM FOLIOLOSUM.",,,,,
PHYTOCHEMICAL EVALUATION OF MOTH BEAN (VIGNA ACONITIFOLIA L.) SEEDS AND THEIR DIVERGENCE.,"1. Neha Gupta, 2. Nidhi Shrivastava, 1. Pramod Kumar Singh, 1. Sameer S. Bhagyawant.",Biochemistry Research International,2016,2016,
THE MECHANISM OF ACTION OF SAFFLOWER TOTAL FLAVONOIDS IN THE TREATMENT OF ENDOMETRITIS CAUSED BY INCOMPLETE ABORTION BASED ON NETWORK PHARMACOLOGY AND 16S RDNA SEQUENCING.,,,,,
PROTEIN BINDING CHARACTERISTICS OF THE PRINCIPAL GREEN TEA CATECHINS: A QCM STUDY COMPARING CRUDE EXTRACT TO PURE EGCG.,,,,,
EMBLICA OFFICINALIS GAERTN. (AMALAKI): A NATURAL HERBAL REMEDY TO ENHANCE CARDIORESPIRATORY FITNESS IN AYURVEDA - AN IN SILICO MOLECULAR DOCKING APPROACH.,,,,,
CHARACTERIZATION OF THE VOLATILE COMPONENTS OF ESSENTIAL OILS OF SELECTED PLANTS IN KENYA.,,,,,
SIMULTANEOUS ESTIMATION OF EUGENOL AND SCOPOLETIN FROM THE IN HOUSE AVIPATTIKAR CHURNA BY RP-HPLC METHOD AND ESTIMATION OF SCOPOLETIN FROM DIFFERENT EXTRACTS OF JALAP.,,,,,
GREEN TEA AS SIRT1 AND SIRT3 ACTIVATOR IN COVID-19: A MOLECULAR DOCKING APPROACH.,,,,,
COMPUTATIONAL SCREENING OF FOXTAIL MILLET (SETARIA ITALICA (L.) P.BEAUV.) POLYPHENOLS FOR FINDING B-SECRETASE (BACE 1) INHIBITORS THAT TARGET THE AMYLOIDOGENIC PATHWAY IN ALZHEIMERS DISEASE.,,,,,
"GLAUCARUBINONE - A LEAD MOLECULE FROM SIMAROUBA GLAUCA AS A POTENTIAL DRUG CANDIDATE, AN IN SILICO STUDY.",,,,,
"PHARMACOGNOSTICAL AND PHYTOCHEMICAL INVESTIGATION OF OLAX SCANDENS ROXB. (DHENIAANI) STEM, STEM BARK, ROOT AND LEAF.",,,,,
ELEMENTAL COMPOSITION OF BETEL LEAVES USING A NOVEL OPTICAL SPECTROSCOPIC TECHNIQUE.,"1. Kripa Adlene Edith A, 1. Ravikiran Ongole, 2. Unnikrishnan VK, 2. Adarsh UK, 3. Nagaraja NR",Asian Pacific Journal of Cancer Prevention,2023,24,10
"THE IMPACT OF ZINC OXIDE NANOPARTICLES ON CYTOTOXICITY, GENOTOXICITY, AND MIRNA EXPRESSION IN BARLEY (HORDEUM VULGARE L.) SEEDLINGS.",,,,,
PRIORITIZATION OF TRADITIONAL TRIBAL FIELD CROPS BASED ON RWUE IN KORAPUT DISTRICT OF ODISHA.,,,,,
EFFECT OF SALICYLIC ACID AND PRE-COLD TREATMENT ON FLOWER INDUCTION IN SAFFRON.,,,,,
"NUTRITIONAL QUALITY AND STORAGE STABILITY OF CHIKKI PREPARED USING PUMPKIN SEED, FLAXSEED, OATS AND PEANUTS.",,,,,
"ULTRASONIC-ASSISTED EXTRACTION OF PHENOLIC COMPOUNDS, FLAVONOIDS, AND ANTIOXIDANTS FROM DILL (ANETHUM GRAVEOLENS L.).",,,,,
OPTIMIZATION OF EXTRACTION PROCESS OF FLAVONOIDS IN PHYLLANTHUS EMBLICA L. BY RESPONSE SURFACE METHODOLOGY AND CONTENT DETERMINATION.,,,,,
PHENOTYPIC DIVERSITY ASSESSMENT OF OKRA (ABELMOSCHUS ESCULENTUS (L.) MOENCH) GENOTYPES IN ETHIOPIA USING MULTIVARIATE ANALYSIS.,,,,,
PHARMACOGNOSTIC AND PHYTOCHEMICAL PROFILE OF KARAVIRA (NERIUM INDICUM MILL.) ROOTS WITH REFERENCE TO ITS CHANGE AFTER SHODHANA (PURIFICATION PROCESS AS PER CLASSICS).,,,,,
IN SILICO BASED VIRTUAL SCREENING OF NON-POLAR PHYTOCHEMICALS OBTAINED FROM PETROLEUM ETHER EXTRACT OF ASPARAGUS RACEMOSUS BY GC-MS ANALYSIS.,,,,,
"MANGO BIODIVERSITY IN EASTERN UTTAR PRADESH, INDIA: INDIGENOUS KNOWLEDGE AND TRADITIONAL PRODUCTS.","1. Anshuman Singh, 1. Ranjay K Singh, 2. Pardeep Kumar, 3. Ashutosh Singh.",Indian Journal of Traditional Knowledge,2015,14,2
"ISOLATION, PURIFICATION AND CHARACTERIZATION OF L-CARVONE FROM MENTHA LONGIFOLIA USING FRACTIONAL DISTILLATION AND QUANTIFIED BY GAS CHROMATOGRAPHY.",,,,,
QUALITY ASSESSMENT AND EVALUATION OF IN-VITRO ANTIOXIDANT POTENTIAL OF PHYLLANTHUS EMBLICA L.,,,,,
FORMULATION OF HERBAL CANDIES CONTAINING GILOY SATVA: A NUTRITIOUS AND PALATABLE HERBAL CONFECTIONERY OPTION.,,,,,
PRODUCTION AND KEEPING QUALITY OF YOGURT FROM BUFFALO AND COW MILK-A TRADITIONAL MILK PRODUCT OF HIGH HEALTH VALUE.,,,,,
"SOLID PHASE EXTRACTION OF AYURVEDIC LIPID BASED FORMULATION, GHRITAS AND ANALYSIS OF ITS CONTENTS BY HIGH PERFORMANCE THIN LAYER CHROMATOGRAPHY AND GAS CHROMATOGRAPHY - MASS SPECTROMETRY.",,,,,
"HPTLC, PHYSICO-CHEMICAL, PHYTOCHEMICAL, MACROSCOPIC, MICROSCOPIC ANALYSIS OF SEEDS OF A NUTRI CEREAL-FINGER MILLET/RAGI (ELEUSINE CORACANA (L.) GAERTN.",,,,,
ESTIMATION OF ANTIDIABETIC TRACE ELEMENTS IN SOME COMMONLY CONSUMED PLANTS OF WEST BENGAL.,,,,,
"KALYANAKA GHRITA: AN EXAMPLE OF INTERTEXTUALITY AMONG THE BOWER MANUSCRIPT, CHARAK SAMHITA, SUSRUTA SAMHITA, ASTANGAHRDAYAM SAMHITA AND AYURVEDIC FORMULARY OF INDIA (AFI).",,,,,
CHEMICAL CHARACTERIZATION OF TWO BOTANICALS FROM GENUS ALTERNANTHERA - A. BRASILIANA (L.) KUNTZE AND A. PARONYCHIOIDES A. ST.-HIL.,,,,,
PHARMACOGNOSTICAL IDENTIFICATION OF INGREDIENTS IN LAGHULAI CURNA: AN AYURVEDIC COMPOUND FORMULATION.,"Manoj Tripathi, RLS Sikarwar, Ashok Tiwari, Neelesh Dwivedi.",Indian Journal of Traditional Knowledge,2015,14,4
"PHARMACOGNOSTIC STANDARDIZATION, HEAVY METAL ANALYSIS AND ANTIOXIDANT POTENTIAL OF IRIS KASHMIRIANA BAKER RHIZOME.",,,,,
EXPLORING THE PHARMACOLOGICAL MECHANISMS AND KEY ACTIVE INGREDIENTS OF TOTAL FLAVONOIDS FROM LAMIOPHLOMIS ROTATA (BENTH.) KUDO AGAINST RHEUMATOID ARTHRITIS BASED ON MULTI-TECHNOLOGY INTEGRATED NETWORK PHARMACOLOGY.,,,,,
GINGER (ZINGIBER OFFICINALE ROSCOE) PREPARATIONS FOR PROPHYLAXIS OF POSTOPERATIVE NAUSEA AND VOMITING: A BAYESIAN NETWORK META-ANALYSIS.,,,,,
SCIENTIFIC EVALUATION AND STANDARDIZATION OF THE AYURVEDIC COMPOUND FORMULATION YAVANYADI CURNNA.,,,,,
COMPARATIVE PHARMACOGNOSTICAL STUDIES OF TWO MEDICINALLY IMPORTANT INDIAN EVOLVULUS SPECIES.,,,,,
PLANT DEVELOPED ANALYTICAL PROFILE OF STEREOSPERMUM SUAVEOLENS IN INDIAN TRADITIONAL KNOWLEDGE.,,,,,
ETRACTION AND ISOLATION OF B-AMYRIN FROM FICUS ELASTICA,,,,,
PHYSICOCHEMICAL AND CHROMATOGRAPHIC EVALUATION OF SHIVAKSHAR PACHAN CHURNA.,,,,,
EVALUATION OF JUSTICIA ADHATODA L. SYN. ADHATODA VASICA NEES EXTRACT BY MAJOR METABOLITE ANALYSIS.,,,,,
SIMULTANEOUS DETERMINATION OF URSOLIC ACID AND EUGENOL FROM OCIMUM SANCTUM L. CULTIVATED BY ORGANIC AND NON-ORGANIC FARMING.,"1. Prakash R Itankar, 1. Mohammad Tauqeera, 2. Jayshree S Dalal, 1. Pranali G Chatole.",Indian Journal of Traditional Knowledge,2015,14,4
DOMESTICATION OF HIGH VALUE MEDICINAL PLANTS HOLOSTEMMA ADAKODIEN SCHULTZ.,,,,,
IN SILICO ADME AND DRUG-LIKENESS EVALUATION OF PHYTOCHEMICALS FROM THE LEAVES OF TABERNAEMONTANA DIVARICATA LINN.,,,,,
BALCHATURBHADRA CHURNA AS A POTENTIAL MEDICINE FOR SARS-COV2 INFECTION IN PEDIATRIC SETTING AN IN SILICO STUDY.,,,,,
EFFECT OF PLANT STAGE AND SOLVENT EXTRACTION ON CATECHIN CONTENTS IN BORRASUS FLABELLIFER L. MALE FLOWER.,,,,,
COMPARISON OF TUTTHA BHASMA PREPARED BY TWO DIFFERENT METHODS: A PHARMACEUTICO-ANALYTICAL STUDY.,,,,,
POTENTIAL DRUG CANDIDATES AGAINST HEPATITIS C VIRUS: IN SILICO SCREENING OF PHYTOCONSTITUENTS FROM PHYLLANTHUS FRATERNUS G.L. WEBSTER.,,,,,
"EVALUATING THE IMPACT OF COMMONLY USED PESTICIDES ON HONEYBEES (APIS MELLIFERA) IN NORTH GONDER OF AMHARA REGION, ETHIOPIA.",,,,,
"CADMIUM, CHROMIUM, AND LEAD UPTAKE ASSOCIATED HEALTH RISK ASSESSMENT OF ALTERNANTHERA SESSILIS: A COMMONLY CONSUMED GREEN LEAFY VEGETABLE.",,,,,
PHARMACEUTICAL STUDY OF SAINDHAVADI TAILA.,,,,,
DEVELOPMENT OF SPICED SEABUCKTHORN ELAEAGNUS RHAMNOIDES (L.) A. NELSON SYN. HIPPOPHAE RHAMNOIDES L. MIXED FRUIT SQUASH.,"Meenakshisundaram Selvamuthukumaran, Farhath Khanum.",Indian Journal of Traditional Knowledge,2014,13,1
EFFECTS OF NIRVISHI YOGA ON PESTICIDE RESIDUES OF CABBAGE: A PILOT STUDY.,,,,,
"EVALUATION AND DOCUMENTATION OF THE BOTANICAL, CHEMICAL, AND ANTIOXIDANT CHANGES DURING THE SPROUTING OF BAJRA SEEDS.",,,,,
BIOCHEMICAL AND NUTRITIONAL ANALYSIS OF RICE BEER OF NORTH EAST INDIA.,,,,,
PHARMACOGNOSTICAL AND PHYTOCHEMICAL STUDIES OF CROTALARIA RETUSA L. (SHANAPUSPI) DRIED ROOTS.,,,,,
INVENTORY OF THE TRADITIONAL RICE VARIETIES IN FARMING SYSTEM OF SOUTHERN ASSAM: A CASE STUDY.,,,,,
"COMPARATIVE PHARMACOGNOSTICAL, PHYTOCHEMICAL, HIGH-PERFORMANCE THIN-LAYER CHROMATOGRAPHY, FOURIER-TRANSFORM INFRARED SPECTROSCOPY, AND ULTRAVIOLET SPECTRAL STUDIES ON LEAF AND RHIZOME OF DRYNARIA QUERCIFOLIA (L.) J. SMITH.",,,,,
EFFECT OF MICROBIAL LOAD ON THERAPEUTICALLY ACTIVE CONSTITUENT GLYCYRRHIZIN OF GLYCYRRHIZA GLABRA L.,,,,,
QUALITY CONTROL PARAMETERS TO DETECT ADULTERATION OF MARKET SAMPLES OF INDIAN MANJISTHA BY IRANI MANJISTHA.,,,,,
DEVELOPMENT AND VALIDATION OF A DENSITOMETRIC HIGH PERFORMANCE THIN LAYER CHROMATOGRAPHY METHOD FOR SIMULTANEOUS ANALYSIS OF THREE CONSTITUENTS IN CHYAVANPRASH.,,,,,
PROCESSING SEABUCKTHORN FRUIT FOR ANTIOXIDANT RICH JAM DEVELOPMENT AND SHELF STABILITY ASSESSMENT.,"Meenakshisundaram Selvamuthukumaran, Farhath Khanum",Indian Journal of Traditional Knowledge,2014,13,2
FORMULATION AND PHYSICOCHEMICAL EVALUATION OF A HERBAL DENTIFRICE FORMULATED WITH MYRISTICA FRAGRANS (NUTMEG): AN IN VITRO STUDY.,,,,,
VALIDATION OF ANCIENT LIQUID ORGANICS - PANCHAGAVYA AND KUNAPAJALA AS PLANT GROWTH PROMOTERS.,,,,,
MASULAR - A TRADITIONAL FISH PRODUCT OF THARU COMMUNITY OF NEPAL.,,,,,
"MONKEY JACK: UNDERUTILIZED EDIBLE MEDICINAL PLANT, NUTRITIONAL ATTRIBUTES AND TRADITIONAL FOODS OF WESTERN GHATS, KARNATAKA, INDIA.",,,,,
ANALYTICAL STUDY OF DASHAMOOLAKATU TREYAM KVATHA CHURNA.,,,,,
PHYSICOCHEMICAL AND PHYTOCHEMICAL ANALYSIS OF WILD AND CULTIVATED CHITRAK (PLUMBAGO ZEYLANICA LINN.).,,,,,
PHYSICOCHEMICAL AND PRELIMINARY PHYTOCHEMICAL ANALYSIS OF DIFFERENT BRANDS OF HINGWASHTAK CHURNA; A POLYHERBAL MEDICINE IN SRI LANKA.,,,,,
STANDARDIZATION OF AN AYURVEDIC FORMULATION- KALYANAVLEHA AND ESTIMANTION OF CURCUMIN USING HPTLC.,,,,,
PHYSICO-CHEMICAL ANALYSIS OF IMMUNE MODULATORY FORMULATION R9 VATI.,,,,,
PHARMACOGNOSTIC EVALUATION OF TINOSPORA CORDIFOLIA (WILLD.) MIERS AND IDENTIFICATION OF BIOMARKERS.,"1. Namrta Choudhary, MB Siddiqui, 2. Sayyada Khatoon.",Indian Journal of Traditional Knowledge,2014,13,3
A PILOT STUDY ON SODHANA OF PUGA (ARECA CATECHU LINN.).,,,,,
"DIVERSITY OF FOOD COMPOSITION AND NUTRITIVE ANALYSIS OF EDIBLE WILD PLANTS IN A MULTI-ETHNIC TRIBAL LAND, NORTHEAST INDIA: AN IMPORTANT FACET FOR FOOD SUPPLY.",,,,,
TRADITIONAL TECHNOLOGY AND PRODUCT CHARACTERIZATION OF SOME LESSER-KNOWN ETHNIC FERMENTED FOODS AND BEVERAGES OF NORTH CACHAR HILLS DISTRICT OF ASSAM.,,,,,
"CHEMICAL VARIABILITY IN GYMNEMAGENIN, DEACYL GYMNEMIC ACID, LUPEOL AND STIGMASTEROL OF GYMNEMA SYLVESTRE R. BR. POPULATIONS IN INDIA.",,,,,
TRADITIONAL CULTIVATION AND MANAGEMENT PRACTICES OF AGARWOOD (AQUILARIA MALACCENSIS) IN GOLAGHAT DISTRICT OF ASSAM.,,,,,
QUALITY CONTROL AND PHYTOCHEMICAL PROFILING OF A POLYHERBAL TRADITIONAL INDIAN MEDICINE BY GC-MS METHOD.,,,,,
TRADITIONAL PROCESSING METHODS FOR QUALITY ENHANCEMENT OF INDIGENOUS BASIL SEEDS AND FORMULATION OF FUNCTIONAL FLOURS.,,,,,
DEVELOPMENT AND EVALUATION OF LAVANGADI VATI IN THE FORM OF SUSPENSION- A POLYHERBAL NOVEL LIQUID DOSAGE FORM.,,,,,
INSILICO ANALYSIS OF ASHWAGANDHA (WITHANIA SOMNIFERA (L.) DUNAL) FOR ITS BALYA ACTIVITY WITH SPECIAL REFERENCE TO CACHEXIA.,,,,,
DEVELOPMENT OF CHROMATOGRAPHIC PROFILE OF PROCESSED AND NON-PROCESSED PIPER NIGRUM LINN.,"1. Anita S Wanjari, 1. Bharat Rathi, 2. Makrand Sonare, 3. Dinesh S Wanjari, 4. Sukeshini Wankhede.",International Journal of Ayurvedic Medicine,2023,14,4
PHARMACOGNOSTIC EVALUATION AND QUANTIFICATION OF QUERCETIN IN MUNTINGIA CALABURA LEAVES AND FRUITS USING HPLC METHOD.,,,,,
"SCREENING OF LUPEOL, MANGIFERIN AND B-CAROTENE CONTENTS IN PULP OF MANGO (MANGIFERA INDICA L.) VARIETIES AT EDIBLE RIPE STAGE.",,,,,
FORMULATION OF VITEX NEGUNDO ETHOSOMAL LOADED TOPICAL HERBAL GEL AND ITS EVALUATION FOR ARTHRITIS TREATMENT.,,,,,
SCREENING OF COCONUT (COCOS NUCIFERA LINN.) SHELL FOR ITS BIOACTIVE SECONDARY METABOLITES AND ANALOGOUS PHARMACOTHERAPEUTIC PROSPECTIVE.,,,,,
EVALUATION OF PHARMACOGNOSTICAL AND PHYTOCHEMICAL STUDIES FOR THE DEVELOPMENT OF QUALITY CONTROL PARAMETERS FOR STEM BARK OF XIMENIA AMERICANA LINN. (OLACACEAE).,,,,,
"A STUDY ON CORRELATION BETWEEN METHOD OF PREPARATION, SURFACE PROPERTIES, AND MEDICINAL PROPERTIES OF TRADITIONAL DRUG: PRAVAL BHASMA.",,,,,
QUANTITATIVE ESTIMATION OF SECONDARY METABOLITES OF SHADANGA PANIYA CLASSICAL AYURVEDIC FORMULATION AND CONSTITUENT HERBS.,,,,,
ANALYSIS OF TRACE ELEMENTS OF MEDICINAL PLANTS USED FOR CANCER THERAPY BY FLAME ATOMIC ABSORPTION SPECTROMETER.,,,,,
COMPARATIVE PHARMACOGNOSTIC STUDY OF MARKET SAMPLES OF TAGARA COLLECTED FROM FIVE DIFFERENT MARKETS OF KERALA WITH THE OFFICIAL SOURCE PLANT VALERIANA JATAMANSI JONES EX ROXB.,,,,,
RAPID GENOMIC DNA EXTRACTION FOR SOYBEAN (GLYCINE MAX L. MERR) USING MODIFIED CTAB PROTOCOL TO OBTAIN HIGH-QUALITY DNA.,"1,2. Muhammad Burhanuddin Irsyadi, 3. Supriyatin Kartika Sari, 2. Erlinda Oktiastuti, 2. Innaka Ageng Rineksane.",Indian Journal of Biochemistry and Biophysics,2024,61,2
EVALUATION OF GENETIC FIDELITY OF IN VITRO REGENERATED SWEET FLAG (ACORUS CALAMUS L.) USING MOLECULAR MARKERS.,,,,,
"NOVEL BIOFERTILIZERS FROM NUTMEG RHIZOSPHERE OF WAYANAD, KERALA.",,,,,
"PHYSICO-CHEMICAL PARAMETERS OF TRADITIONAL SALT PRODUCING SPRINGS OF ANCIENT ASSAM, NORTHEAST INDIA.",,,,,
SUITABILITY OF BARNYARD MILLET (ECHINOCHLOA FRUMENTACEA) FOR DEVELOPMENT OF LOW GLYCEMIC INDEX AND HYPOLIPIDEMIC PIZZA BASE.,,,,,
"GADMAL: AN ENDEMIC PULSE CROP FROM BETUL DISTRICT, MADHYA PRADESH, INDIA.",,,,,
CONTROLLED GERMINATION FOR COOKING QUALITY AND NUTRITIONAL ENHANCEMENT OF UNDERUTILISED LITTLE MILLETS.,,,,,
UTILIZATION OF SWEET POTATO SOLIDS FOR VALUE-ADDITION TO CHOCOLATE ICE CREAM.,,,,,
ON-FARM CONSERVATION OF TRADITIONAL MANGO VARIETIES BY CUSTODIAN FARMERS IN UTTAR PRADESH.,,,,,
PHARMACOGNOSTIC EVALUATION OF APIUM GRAVEOLENS LINN. AND TRACHYSPERMUM ROXBURGHIANUM (DC.) CRAIB.: THE DRUG AJMODA IN INDIAN SYSTEM OF MEDICINE.,,,,,
FORMULATION AND ASSESSMENT OF A SUNSCREEN CREAM BASED ON GREEN TEA AND MARIGOLD FLOWER EXTRACTS.,"Akshay V. Rasal, Amol Kumar A. Kempwade, Madhuri Sankpal.",Indian Drugs,2024,61,1
DEVELOPMENT OF STANDARD MANUFACTURING PROCESS OF TRYUSHANADYA LAUHA - AN ORGANO-METALIC PREPARATION.,,,,,
EVALUATION OF ANTI-VITILIGO PROPERTIES THROUGH AN IN-SILICO COMPUTATIONAL SCREENING OF SELECTED HERBAL BIOACTIVE COMPONENTS WITH THE TARGET PROTEIN TYROSINASE.,,,,,
EVALUATION AND METHOD DEVELOPMENT FOR QUANTIFICATION OF PIPERINE IN HUTABHUGADI CHURNA BY RP- HPLC.,,,,,
PHARMACOGNOSTICAL SPECIFICATION OF CANNABIS SATIVA L. (BHANGA) LEAVES PROCESSED WITH VARIOUS AYURVEDA-RECOMMENDED METHODS.,,,,,
STANDARD MANUFACTURING PROCESS OF AADITYAPAKA GUDUCHI TAILA WITH UNIQUE PAKAVIDHI (AADITYAPAKA): A SNEHA KALPANA.,,,,,
FORMULATION AND EVALUATION OF NEW HERBAL NUTRACEUTICAL TABLET FOR THE TREATMENT OF DIABETES MELLITUS.,,,,,
PHARMACEUTICAL STUDY AND EVALUATION OF HERBAL COOKIES INFUSED WITH RASAYANA CHURNA: A COMPREHENSIVE STUDY ON SENSORY ACCEPTANCE AND NUTRIENT PROFILE.,,,,,
"DETERMINATION OF TOTAL PHENOLIC CONTENT, TOTAL ANTIOXIDANTS, AND GC-MS ANALYSIS OF TWO DIFFERENT SOLVENT EXTRACTS OF MERREMIA QUINQUEFOLIA (L.) HALLIER F. TWIGS GROWN IN BUNDELKHAND REGION OF INDIA.",,,,,
"COMPARATIVE PHYTOCHEMICAL EVALUATION OF ASHODHIT AND SHODHIT BHALLATAKA (SEMECARPUS ANACARDIUM L.F.) USING HPTLC AND TLC CHROMATOGRAPHIC PROFILING, UV-VIS SPECTROSCOPY STUDY AND 1H NMR BASED FINGERPRINTING.",,,,,
PHYTOCHEMICAL AND NUTRITIONAL EVALUATION OF SHIVAMODAK GRANULES - A POLYHERBAL AYURVEDA FORMULATION.,"Meti Rajanish S, 1. Deepak P Chaudhari, 1. Aboli Patil",Journal of Ayurveda,2024,18,1
PHYTOCHEMICAL ANALYSIS OF CURRY LEAF EXTRACT (MURRAYA KOENIGII L.) AS A POTENTIAL ANIMAL FEED AND MEDICINAL INGREDIENT.,,,,,
"MORPHOLOGICAL, BIOCHEMICAL, MOLECULAR MARKER, GAS CHROMATOGRAPHY-TANDEM MASS SPECTROMETER ANALYSIS OF GARLIC (ALLIUM SATIVUM L.) LANDRACES IN THE RAIN SHADOW HIGH HILLS OF KERALA, INDIA.",,,,,
EXPLORING CROSS-LINKED TRAGACANTH AS NOVEL EXCIPIENT-PROOF-OF-CONCEPT.,,,,,
GROWTH STAGE-SPECIFIC ACCUMULATION OF CARDIAC GLYCOSIDES IN TWO VARIANTS OF CALOTROPIS GIGANTEA (L.) W.T. AITON.,,,,,
GC-MS METABOLOMICS AND NETWORK PHARMACOLOGY-BASED INVESTIGATION OF MOLECULAR MECHANISM OF IDENTIFIED METABOLITES FROM TINOSPORA CORDIFOLIA (WILLD.) MIERS FOR THE TREATMENT OF KIDNEY DISEASES.,,,,,
"A COMPARATIVE PHARMACOGNOSTICAL EVALUATION AND SIMULTANEOUS HPTLC QUANTIFICATION OF BIOACTIVE ALKALOIDS IN THREE SPECIES OF GLORIOSA, COLLECTED FROM NATURAL HABITAT IN INDIA.",,,,,
A STUDY ON THE QUALITY EVALUATION OF AGARWOOD OF AQUILARIA SINENSIS AND AQUILARIA MALACCENSIS INDUCED BY DIFFERENT INDUCERS BASED ON GRAY CORRELATION DEGREE AND TOPSIS.,,,,,
COMPUTER-AIDED BOX-BEHNKEN OUTLOOK TOWARD OPTIMIZATION OF EXTRACTION OF BAICALIN FROM OROXYLUM INDICUM L. STEM BARKS.,,,,,
ASSESSMENT OF VARIATION IN SHATAVARIN IV CONTENT IN ASPARAGUS RACEMOSUS THROUGH HPTLC ANALYSIS AND IDENTIFICATION OF ELITE GERMPLASM FROM EASTERN INDIA.,,,,,
INFLUENCE OF SEASONAL VARIATION ON DIOSGENIN CONTENT IN COSTUS SPECIOSUS (J. KOENIG) SM. RHIZOME QUANTIFIED THROUGH VALIDATED RP-HPLC-PDA METHOD.,"1,2. Mridul Kant Chaudhary, 1. Ankita Misra, 2. Prabhat Kumar Srivastava, 1. Sharad Srivastava.",Pharmacognosy Magazine,2023,19,1
OPTIMIZATION OF MICROWAVE-ASSISTED EXTRACTION TECHNIQUE FOR FLAVONOIDS AND PHENOLICS FROM THE LEAVES OF OROXYLUM INDICUM (L.) KURTZ USING TAGUCHI L9 ORTHOGONAL DESIGN.,,,,,
"MORPHO-ANATOMICAL, MOLECULAR, AND CHEMICAL STANDARDIZATION OF TRILLIUM GOVANIANUM WALL. EX D. DON: AN ENDANGERED MEDICINAL HERB NATIVE TO THE HIMALAYAS.",,,,,
"LC-MS/MS-BASED TARGETED METABOLOMIC PROFILING OF AQUEOUS AND HYDRO-ALCOHOLIC EXTRACTS OF PISTACIA INTEGERRIMA LINN., QUERCUS INFECTORIA OLIVIER AND TERMINALIA CHEBULA RETZ.",,,,,
INFLUENCE OF DRYING CONDITION ON NUTRITIONAL AND CHEMICAL PROFILE OF GARCINIA PEDUNCULATA ROXB. FRUIT.,,,,,
DEVELOPMENT AND OPTIMIZATION OF PHYTOSOME FOR ENHANCEMENT OF THERAPEUTIC POTENTIAL OF EPIYANGAMBIN IN TINOSPORA CORDIFOLIA EXTRACT IDENTIFIED BY GC-MS AND DOCKING ANALYSIS.,,,,,
HIGHLY EFFECTIVE EXTRACTION OF GIGANTOL FROM DENDROBIUM OFFICINALE USING THE ULTRASONIC-ASSISTED DRY GRINDING.,,,,,
NETWORK PHARMACOLOGY TO EXPLORE THE MECHANISM OF PRUNELLA VULGARIS L. AGAINST PROLACTINOMA.,,,,,
IDENTIFICATION OF POTENTIAL DPP-4 INHIBITORS FROM BRYOPHYLLUM PINNATUM BY IN-SILICO ANALYSIS.,,,,,
IN SILICO RATIONALIZATION FOR LEADS FROM OLDENLANDIA UMBELLATA L. TO INHIBIT MULTIPLE MOLECULAR TARGETS REGULATING OSTEOPOROSIS.,,,,,
IN SILICO AND BIOLOGICAL SCREENING OF PHYTOCHEMICALS AGAINST NMDA RECEPTOR FOR ALZHEIMERS DISEASE THERAPEUTICS.,"Bhushan Arun Baviskar, Sharada Laxman Deore, Bhavana Ashok Shende, Somshekhar Khadabadi, Anjali Ashokrao Kide.",Pharmacognosy Research,2024,16,2
PHYTOCHEMICAL IDENTIFICATION OF ACTIVE COMPONENTS OF SOME MEDICINAL HERBS AND OILS RELATIVE TO ITS BIOLOGICAL ACTIVITIES IN SAUDI ARABIA.,,,,,
BLACK SEED (NIGELLA SATIVA) REDUCED RELEASE OF PHTHALATES ESTERS FROM PACKING MATERIAL TO PREPARED CHEESE.,,,,,
MORPHO-ANATOMICAL STUDIES ON SECAMONE EMETICA (RETZ.) R. BR. EX SM.-AN ENDEMIC MEDICINAL PLANT.,,,,,
THE HERBAL HUE: FORMULATION AND EVALUATION OF HERBAL HAIR DYE.,,,,,
"FACILE SYNTHESIS PHOTOCHEMICAL, DYE DEGRADATION AND ECOTOXICOLOGICAL PROPERTIES OF SILVER NANOPARTICLES USING SANSEVIERIA ANGOLENSIS BOJER EX. HOOK PLANT EXTRACT.",,,,,
"PHARMACOGNOSTIC, PHYSICOCHEMICAL, AND PHYTOCHEMICAL EVALUATION OF IPOMOEA RENIFORMIS CHOISY: AN ETHNOMEDICINAL PLANT NATIVE FROM MAHARASHTRA, INDIA.",,,,,
MACRO-MICROSCOPIC AND HPTLC ATLAS OF ARGYREIA SERICEA DALZELL.,,,,,
FORMULATION AND EVALUATION OF LIP BALM USING DIFFERENT HERBAL PIGMENTS.,,,,,
ANTI-BACTERIAL ATTRIBUTES OF PHYTOCHEMICALS FROM BOUGAINVILLAEA SPECTABILIS: COMPUTATIONAL APPROACH.,,,,,
"MICROMORPHOLOGY, PHYSIOGNOMIES AND BIO-ELEMENT ANALYSIS OF LAUNAEA NUDICAULIS (L.) HOOK. F.","1. Shivani Ghildiyal, 1. Vishal Kumar, 2. Yashika Bidhuri, 1. Tanuja Manoj Nesari, 3. Debabrata Sircar.",Pharmacognosy Research,2024,16,2
PHYTOCHEMICAL INSIGHTS INTO ANTIOXIDANT AND ANTIMICROBIAL POTENTIALS ACROSS FIVE INDIAN MEDICINAL PLANTS.,,,,,
QUALITY EVALUATION OF MARKETED SAMPLES OF DANTI MOOLA (BALIOSPERMUM MONTANUM MUELL. ARG. ROOTS).,,,,,
COMPARATIVE QUALITY CONTROL ASSESSMENT OF DIFFERENT BRANDS OF RASAYANA CHURNA AVAILABLE IN INDIAN MARKET.,,,,,
COMPUTATIONAL ANALYSIS OF LINUM USITATISSIMUM-DERIVED PEPTIDES: TOWARD THERAPEUTIC APPLICATIONS.,,,,,
DEVELOPMENT AND CHARACTERIZATION OF CHARANTIN LOADED TRANSFEROSOMES BASED TRANSDERMAL FORMULATION: AN EFFECTIVE AND PATIENT FRIENDLY WAY FOR DIABETES MANAGEMENT.,,,,,
IN SILICO SCREENING OF PHYTOCOMPOUNDS IN SIMAROUBA GLAUCA TOWARDS IDENTIFICATION OF POTENTIAL LEAD COMPOUNDS TO TREAT DENGUE VIRAL INFECTION.,,,,,
"IN VITRO STUDY OF THE NUTRIENTS, ANTIOXIDANT, GLYCEMIC ACTIVITIES, AND STORAGE STABILITY OF THE INSTANT TAMARIND SEED KERNEL POWDER SOUP MIX.",,,,,
"CHEMICAL COMPOSITION OF RHIZOME ESSENTIAL OIL OF GINGER LILY (HEDYCHIUM) FROM THE WESTERN GHATS, INDIA.",,,,,
"EFFECT OF SEASONS, STORAGE AND DISTILLATION TIMES ON ESSENTIAL OIL COMPOSITION OF MELALEUCA LEUCADENDRA (L.).",,,,,
IR AND 1H-NMR BASED DIFFERENTIATION OF STEM BARK OF SARACA ASOCA FROM ITS MOST COMMONLY USED ADULTERANT POLYALTHIA LONGIFOLIA.,"Olivia Chatterjee, Neha Sengar, Ankur Kumar Tanwar, Inder Pal Singh.",Indian Journal of Natural Products and Resources,2023,14,4
DEVELOPMENT AND EVALUATION OF POLYHERBAL HAIR DYE FORMULATION.,,,,,
ENHANCEMENT OF PHENYLALANINE AMMONIA-LYASE ACTIVITY IN CUCUMBER AND CHILLI SEEDLINGS BY AQUEOUS EXTRACT OF CLEISTANTHUS COLLINUS.,,,,,
FORMULATION AND EVALUATION OF AMOMUM SUBLATUM LEAF OIL INCORPORATED PLURONIC MATRIX TYPE TRANSDERMAL PATCHES IN PERCUTANEOUS ABSORPTION.,,,,,
"ANALYSIS OF PROXIMATE, FUNCTIONAL, AND MINERAL COMPOSITION IN PROCESSED BLACK RICE (ORYZA SATIVA L. INDICA) FLOURS: A COMPARATIVE EXPLORATION.",,,,,
"IN SILICO SCREENING OF A PHYTOCHEMICAL NARINGIN, ISOLATED FROM CITRUS DECUMANA VAR. PARADISI AGAINST THE GENES OF POLYCYSTIC OVARY SYNDROMENES OF POLYCYSTIC OVARY SYNDROME.",,,,,
"ANALYTICAL METHOD DEVELOPMENT, VALIDATION, AND ESTIMATION OF LUPEOL, QUERCETIN, VASICINE IN POLYHERBAL FORMULATIONS AND SELECTED PLANT SPECIES BY USING UFLC-MS.",,,,,
PHARMACOGNOSTIC AND PHYTOCHEMICAL EVALUATION OF STAMINATE FLOWER OF COCOS NUCIFERA L.,,,,,
"PHYTOCHEMICAL SCREENING AND GC-MS ANALYSIS OF SKIMMIA LAUREOLA DECNE. LEAVES FROM THE KUMAON REGION OF UTTARAKHAND, INDIA.",,,,,
IN SILICO SCREENING OF PHYTOCHEMICALS AS AN APPROACH AGAINST TUBULIN INHIBITOR IN PROSTATE CANCER.,,,,,
ISOLATION AND QUANTIFICATION OF PHYTOSTEROLS IN FRESH AND PROCESSED SHOOTS OF AN EDIBLE BAMBOO BAMBUSA BAMBOS (L.) VOSS USING GC-MS.,"1. Natasha Saini, 1. Chongtham Nirmala, 2. Madho Singh Bisht.",Indian Journal of Natural Products and Resources,2024,15,1
"PHYTOPHARMACOGNOSTIC PROFILING OF PRUNUS CERASOIDES BUCH. - HAM. EX D. DON, HEARTWOOD.",,,,,
KINETIC MODELLING AND ACCELERATED OXIDATION STUDIES OF GROUNDNUT (ARACHIS HYPOGAEA L.) VARIETIES FOR THEIR SHELF STABILITY.,,,,,
FORMULATION AND PROXIMATE ANALYSIS OF MAKHANA-ENRICHED LADDOOS.,,,,,
PHYTOCHEMICAL ANALYSIS AND ELEMENTAL CONTENTS OF VARIETIES OF POLYALTHIA LONGIFOLIA (SONN.) THWAITES.,,,,,
STANDARDISATION AND QUALITY CONTROL PARAMETERS OF PHALATRIKADI GHANA VATI - AN AYURVEDIC FORMULATION.,,,,,
"UFLC-MS METHOD DEVELOPMENT OF VASICINONE, PELLITORINE, 6-GINGEROL, COSTUNOLIDE, DEHYDROCOSTUSLACTONE, APIGENIN, AND VALIDATION OF PIPERINE, BIFLORIN IN POLYHERBAL FORMULATIONS.",,,,,
ESSENTIAL OIL FROM FRUCTUS ALPINIAE ZERUMBET AMELIORATES VASCULAR ENDOTHELIAL CELL SENESCENCE IN DIABETES BY REGULATING PPAR-r SIGNALLING: A 4D LABEL-FREE QUANTITATIVE PROTEOMICS AND NETWORK PHARMACOLOGY STUDY.,,,,,
SYNERGISTIC EFFECT OF CHITOSAN IMMOBILIZED L-ASPARAGINASE NANOBIOCOMPOSITE ON ACRYLAMIDE MITIGATION IN FRIED BITTER GOURD CHIPS.,,,,,
HPTLC METHOD DEVELOPMENT AND VALIDATION FOR SIMULTANEOUS QUANTIFICATION OF PURPURIN AND ALIZARIN IN RUBIA CORDIFOLIA L. ROOTS AND THEIR MARKETED PREPARATIONS.,,,,,
SIMPLIFIED COLUMN FRACTIONATION WITH DPPH ASSAY GUIDANCE: ISOLATED A POTENT HEPATOPROTECTIVE FRACTION FROM CASSIA AURICULATA.,"Tripathy Amrutanand S, Manoj Madanahalli Ramesh, Nischith Sirawase Shankar, Annegowda Hardur Venkatappa.",Pharmacognosy Research,2024,16,3
"HPTLC, PHYSICOCHEMICAL AND PHYTOCHEMICAL ANALYSIS OF KODO MILLET (PASPALUM SCROBICULATUM L.) SEEDS WITH SPECIAL REFERENCE TO ITS ETHNOPHARMACOLOGICAL REVIEW.",,,,,
GREEN SYNTHESIS OF CALCIUM CARBONATE NANO SCALE PARTICLES USING BENINCASA HISPIDA (THUNB.) COGN. PULP AND THEIR QUALITIES.,,,,,
"IDENTIFICATION OF BIOACTIVE INGREDIENTS OF TRADITIONAL MEDICINAL PLANTS PSIADIA ARABICA JAUB. TAMARIX ARTICULATA, TERMINALIA ARJUNA AND RHAZYA STRICTA BY GC-MS IN SAUDI ARABIA.",,,,,
"EXTRACTION, QUANTIFICATION AND ANTI-CANCER ACTIVITY OF IMPORTANT SECONDARY METABOLITE SHATAVARIN-IV FROM IN VITRO CALLUS CULTURE OF ASPARAGUS RACEMOSUS WILLD.",,,,,
IDENTIFICATION OF PHORBOL ESTER AND ITS DEGRADATION BY TRADITIONAL PURIFICATION METHOD IN THE ROOT OF BALIOSPERMUM MONTANUM (WILLD.) MUELL. ARG.,,,,,
EXPLORING THE LOGIC BEHIND THE USAGE OF FRESH DRUGS IN AYURVEDIC FORMULATIONS THROUGH PRELIMINARY PHYTOCHEMISTRY AND HPTLC ANALYSIS.,,,,,
PHYTO-PHARMACOGNOSTICAL STANDARDIZATION OF THREE MORPHO-VARIANTS OF CISSUS QUADRANGULARIS L.,,,,,
PHARMACOGNOSTICAL EVALUATION OF SELECTED SEEDS FROM FABACEAE FAMILY,,,,,
A COMPARATIVE PHYTOCHEMICAL CHARACTERIZATION OF MORINGA OLEIFERA PLANT PARTS BY DIFFERENT SOLVENT EXTRACTION.,,,,,
PHARMACOGNOSTICAL STUDIES ON SEEDS OF ARGYREIA NERVOSA (BURM. F.) BOJ. AND ITS MARKET ADULTERATION THESPESIA POPULNEA (L.) SOL. EX CORREA.,"1. Susikumar Sundharamoorthy, 2. Nartunai Govindarajan, 3. Sunil Kumar KN, 4. Sujith Thatipelli, 4. Shakila Ramachandran, 5. Ilavarasan Raju.",Pharmacognosy Research,2024,16,3
HEADSPACE SPME-GC-MS ANALYSIS AND IN SILICO MOLECULAR DOCKING STUDIES OF PHYTOCHEMICAL COMPOUNDS PRESENT IN HOUTTUYNIA CORDATA THUNB.,,,,,
LC-MS AND HPTLC PROFILE OF CRUDE ETHANOL EXTRACT OF PLANT MICHELIA CHAMPACA LINN.,,,,,
PATTERN RECOGNITION AND CHEMOMETRICS FOR QUALITATIVE PHARMACOLOGICAL INDICATION OF MORINGA OLEIFERA LAM. LEAVES COMMERCIAL PRODUCTS.,,,,,
MOLECULAR DOCKING AND ADMET BASED MINING OF NATURAL COMPOUNDS FROM PTEROCARPUS MARSUPIUM AGAINST PRIME TARGETS OF DIABETES MELLITUS.,,,,,
IMPACT OF SHODHANA ON THE PHYSICO-CHEMICAL PROPERTIES AND TOTAL CARDIAC GLYCOSIDE FRACTIONS OF THE ROOT BARK OF RAKTA AND SHWETA KARAVIRA (NERIUM INDICUM MILL).,,,,,
SPICE COMPONENTS AS MODULATING AGENTS OF P-GLYCOPROTEIN - AN IN SILICO STUDY.,,,,,
CHEMICAL PROFILING OF TRIJATA CHURNA: A HERBAL FORMULATION.,,,,,
DOES SILVER LEACH INTO FOODS EXPOSED TO SILVER UTENSILS A PRELIMINARY STUDY WITH SELECTED INDIAN TRADITIONAL FOODS.,,,,,
BIOACTIVE COMPOUND SCHAFTOSIDE FROM CLINACANTHUS NUTANS ATTENUATES ACUTE LIVER INJURY BY INHIBITING FERROPTOSIS THROUGH ACTIVATION THE NRF2/GPX4 PATHWAY.,,,,,
CHARACTERIZATION OF THE CHEMICAL COMPOSITION OF DIFFERENT PARTS OF DOLICHOS LABLAB L. AND REVELATION OF ITS ANTI-ULCERATIVE COLITIS EFFECTS BY MODULATING THE GUT MICROBIOTA AND HOST METABOLISM.,"1. Yanping Gao, 1. Ruiting Huang, 1. Yongyi Qiu, 2. Yi Liu, 1. Lei Chen.",Journal of Ethnopharmacology,2024,322,
PRELIMINARY PHYSICOCHEMICAL EVALUATION OF MADHUMALINI VASANT RAS TABLET - AN AYURVEDA HERBO-MINERAL FORMULATION.,,,,,
MECHANISTIC ROLE OF SYZYGIUM CUMINI (L.) SKEELS IN GLYCATION INDUCED DIABETIC NEPHROPATHY VIA RAGE-NF-KB PATHWAY AND EXTRACELLULAR PROTEINS MODIFICATIONS: A MOLECULAR APPROACH.,,,,,
BORNEOL EXERTS ITS ANTIPRURITIC EFFECTS BY INHIBITING TRPA1 AND ACTIVATING TRPM8.,,,,,
MOLECULAR MECHANISM OF NISHAMALAKI AS RASAYANA IN DIABETES MELLITUS.,,,,,
IN-SILICO EVALUATION OF OROXYLUM INDICUM VENT COMPOUNDS IN THE PLAUSIBLE TREATMENT AND PREVENTION OF NASOPHARYNGEAL CANCER.,,,,,
NETWORK PHARMACOLOGY ANALYSIS OF CHANDRAPRABHA VATI: A NEW HOPE FOR THE TREATMENT OF METABOLIC SYNDROME.,,,,,
PRODUCT DEVELOPMENT AND CHARACTERIZATION OF THE AYURVEDIC HERBO-MINERAL-METALLIC COMPOUND- HRIDAYARNAVA RASA.,,,,,
FORMULATION AND ANALYTICAL DEVELOPMENT OF LAXATIVE POLYHERBAL SUSPENSION.,,,,,
STANDARDIZATION AND PRELIMINARY CHARACTERIZATION OF AN AYURVEDIC STRESS-RELIEVING HEAD MASSAGE OIL OF NARDOSTACHYS JATAMANSI DC.,,,,,
CHARACTERIZATION OF LEAD SULFIDE OBTAINED FROM NAGA BHASMA.,"1. Manoj Kumar Dash, 2. Namrata Joshi, 3. Laxmikant Dwivedi, 4. Vd Sushil Dubey, 5. Kamal Nayan Dwivedi.",Journal of Ayurveda and Integrative Medicine,2024,15,2
INSILICO STUDIES UNVEILING THE HEPATOPROTECTIVE POTENTIAL OF MORUS ALBA LINN: DOCKING AND ADMET ANALYSIS.,,,,,
ESTABLISHMENT OF QUALITY AND SAFETY MARKERS FOR THE IDENTIFICATION OF AMOMUM SEED AND CINNAMON LEAF.,,,,,
APIS MELLIFERA HONEY: HEALING EFFECTS - A VALUE CHAIN VIEW FROM MOUNTAIN AGRICULTURE.,,,,,
IN SILICO EXPLORATION OF BIOACTIVE COMPOUNDS FROM ACORUS CALAMUS L. FOR TARGETED TREATMENT OF ISCHEMIC HEART DISEASE: MOLECULAR INSIGHTS AND THERAPEUTIC PROSPECTS.,,,,,
SYNTHESIS AND NANOPARTICLE CHARACTERIZATION OF AN AYURVEDA FORMULATION TRIDHATHU GARBHA POTTALI.,,,,,
EFFECT OF NON - MONETARY INPUTS ON THE YIEDLING PERFORMANCE OF PERIWINKLE (CATHARANTHUS sp.).,,,,,
PHYSIOLOGY AND BIO - CHEMISTRY OF GERMINATION OF DIFFERENT TYPES OF SEEDS - V PROTEIN AND SUGAR CONTENTS OF SEEDS UNDER THE INFLUENCE OF DIFFERENT SPECTRAL BANDS OF LIGHT.,,,,,
"PROXIMATE COMPOSITION, MICRONUTRIENT AND DIETARY FIBER ANALYSIS OF TEN TRADITIONAL RICE VARIETIES OF WAYANAD DISTRICT.",,,,,
PHARMACOGNOSTIC EVALUATION OF AYURVEDIC DRUG SARIVA AND ITS COMMONLY KNOWN ADULTERANT AND SUBSTITUTES.,,,,,
PHARMACOGNOSTIC EVALUATION OF VASA GHRITA.,"1. Nikita Mahadev Shet, 1. Prachi Laxman Kopardekar, 1. Mythili Krishna Jeedigunta, 2. Yogita Sardessai, 3. Aditya Samant, 4. Srinivas Reddy.",Indian Journal of Traditional Knowledge,2024,23,6
"EFFECT OF PIGMENTATION ON PHYSICAL, PHYTOCHEMICAL AND ANTIOXIDANT PROPERTIES OF TRADITIONAL RICE LANDRACES FROM ODISHA REGION (INDIA).",,,,,
PHYSICO-CHEMICAL BASIS OF INSECT-RESISTANCE OF TRADITIONAL RICE VARIETIES AGAINST SITOPHILUS ORYZAE (L.).,,,,,
PHARMACOGNOSY AND ANALYTICAL PROFILE OF BHUNIMBADI CHURNA: A POLYHERBAL FORMULATION.,,,,,
IDENTIFICATION OF POTENTIAL LEAD COMPOUND FROM THUJA OCCIDENTALIS AS AN INHIBITOR OF FMS-LIKE TYROSINE KINASE 3 (FLT3) IN ACUTE MYELOID LEUKEMIA THROUGH VIRTUAL SCREENING.,,,,,
"INTEGRATIVE ANALYSIS OF MORINGA OLEIFERA PHYTOCHEMICAL COMPOSITION: INSIGHTS FROM LCMS/MS, HPTLC, HPLC PROFILING AND MOLECULAR DOCKING STUDIES.",,,,,
GC-MS ANALYSIS AND IN SILICO DOCKING STUDY OF ACTIVE ANTIFUNGAL COMPONENTS OF ENTADA RHEEDEI SPRENG. (SEEDS).,,,,,
"IN SILICO CHARACTERIZATION OF A NOVEL BIOACTIVE COMPOUND DERIVED FROM PSIDIUM GUAJAVA 4-5-(PYRIDIN-4-YL)-1,2,4-OXADIAZOL-3-YL-1,2,5-OXADIAZOL-3-AMINE: A POTENTIAL INHIBITOR FOR TARGETING SIGNALING PROTEINS INVOLVED IN DIABETES DEVELOPMENT.",,,,,
IN SILICO ANALYSIS OF ANTI-INFLAMMATORY AND ANTICANCER PROPERTIES OF BIOACTIVE COMPOUNDS FROM PANCRATIUM TRIFLORUM (ROXB).,,,,,
IDENTIFICATION OF SPICES AND THEIR ADULTERANTS BY INTEGRATING MACHINE LEARNING AND ANALYTICAL TECHNIQUES: A REPRESENTATIVE STUDY.,,,,,
NOVEL DEVELOPMENT OF PHYTOMEDICINE AND ITS INNOVATIVE FORMULATION OF GUAVA LEAF EXTRACT CHOCOLATES FOR VARIOUS INCREDIBLE THERAPEUTIC ACTIVITIES.,"1. Prabhakar T, 1. Baggiya Selvi D, 2. Chandanam Sreedhar, 3. Deepak Kumar Jha.",International Journal of Pharmaceutical Sciences and Drug Research,2024,16,4
OPTIMIZATION AND EVALUATION OF BAKUCHI OIL LOADED HYDROGEL FOR THE MANAGEMENT OF PSORIASIS.,,,,,
